// Generated from web/scripts/generate-factory-wavetables.mjs.
// Do not edit by hand; run npm run generate:factory-wavetables after changing built-in wavetable sources.

#include "../FirmwareModule.h"
#include "BuiltinWavetables.h"
#include "../storage/PersistentDataModels.h"

namespace {

const byte builtinWavetableBasicShapesSamples[] __in_flash("synth_wavetables") = {
  0x80, 0x82, 0x83, 0x85, 0x86, 0x88, 0x89, 0x8b, 0x8c, 0x8e, 0x90, 0x91, 0x93, 0x94, 0x96, 0x97,
  0x99, 0x9a, 0x9c, 0x9d, 0x9f, 0xa0, 0xa2, 0xa3, 0xa5, 0xa6, 0xa8, 0xa9, 0xab, 0xac, 0xae, 0xaf,
  0xb1, 0xb2, 0xb3, 0xb5, 0xb6, 0xb8, 0xb9, 0xba, 0xbc, 0xbd, 0xbf, 0xc0, 0xc1, 0xc3, 0xc4, 0xc5,
  0xc7, 0xc8, 0xc9, 0xca, 0xcc, 0xcd, 0xce, 0xcf, 0xd1, 0xd2, 0xd3, 0xd4, 0xd5, 0xd6, 0xd8, 0xd9,
  0xda, 0xdb, 0xdc, 0xdd, 0xde, 0xdf, 0xe0, 0xe1, 0xe2, 0xe3, 0xe4, 0xe5, 0xe6, 0xe7, 0xe8, 0xe9,
  0xea, 0xea, 0xeb, 0xec, 0xed, 0xee, 0xef, 0xef, 0xf0, 0xf1, 0xf1, 0xf2, 0xf3, 0xf3, 0xf4, 0xf5,
  0xf5, 0xf6, 0xf6, 0xf7, 0xf8, 0xf8, 0xf9, 0xf9, 0xfa, 0xfa, 0xfa, 0xfb, 0xfb, 0xfc, 0xfc, 0xfc,
  0xfd, 0xfd, 0xfd, 0xfd, 0xfe, 0xfe, 0xfe, 0xfe, 0xfe, 0xff, 0xff, 0xff, 0xff, 0xff, 0xff, 0xff,
  0xff, 0xff, 0xff, 0xff, 0xff, 0xff, 0xff, 0xff, 0xfe, 0xfe, 0xfe, 0xfe, 0xfe, 0xfd, 0xfd, 0xfd,
  0xfd, 0xfc, 0xfc, 0xfc, 0xfb, 0xfb, 0xfa, 0xfa, 0xfa, 0xf9, 0xf9, 0xf8, 0xf8, 0xf7, 0xf6, 0xf6,
  0xf5, 0xf5, 0xf4, 0xf3, 0xf3, 0xf2, 0xf1, 0xf1, 0xf0, 0xef, 0xef, 0xee, 0xed, 0xec, 0xeb, 0xea,
  0xea, 0xe9, 0xe8, 0xe7, 0xe6, 0xe5, 0xe4, 0xe3, 0xe2, 0xe1, 0xe0, 0xdf, 0xde, 0xdd, 0xdc, 0xdb,
  0xda, 0xd9, 0xd8, 0xd6, 0xd5, 0xd4, 0xd3, 0xd2, 0xd1, 0xcf, 0xce, 0xcd, 0xcc, 0xca, 0xc9, 0xc8,
  0xc7, 0xc5, 0xc4, 0xc3, 0xc1, 0xc0, 0xbf, 0xbd, 0xbc, 0xba, 0xb9, 0xb8, 0xb6, 0xb5, 0xb3, 0xb2,
  0xb1, 0xaf, 0xae, 0xac, 0xab, 0xa9, 0xa8, 0xa6, 0xa5, 0xa3, 0xa2, 0xa0, 0x9f, 0x9d, 0x9c, 0x9a,
  0x99, 0x97, 0x96, 0x94, 0x93, 0x91, 0x90, 0x8e, 0x8c, 0x8b, 0x89, 0x88, 0x86, 0x85, 0x83, 0x82,
  0x80, 0x7e, 0x7d, 0x7b, 0x7a, 0x78, 0x77, 0x75, 0x74, 0x72, 0x70, 0x6f, 0x6d, 0x6c, 0x6a, 0x69,
  0x67, 0x66, 0x64, 0x63, 0x61, 0x60, 0x5e, 0x5d, 0x5b, 0x5a, 0x58, 0x57, 0x55, 0x54, 0x52, 0x51,
  0x4f, 0x4e, 0x4d, 0x4b, 0x4a, 0x48, 0x47, 0x46, 0x44, 0x43, 0x41, 0x40, 0x3f, 0x3d, 0x3c, 0x3b,
  0x39, 0x38, 0x37, 0x36, 0x34, 0x33, 0x32, 0x31, 0x2f, 0x2e, 0x2d, 0x2c, 0x2b, 0x2a, 0x28, 0x27,
  0x26, 0x25, 0x24, 0x23, 0x22, 0x21, 0x20, 0x1f, 0x1e, 0x1d, 0x1c, 0x1b, 0x1a, 0x19, 0x18, 0x17,
  0x16, 0x16, 0x15, 0x14, 0x13, 0x12, 0x11, 0x11, 0x10, 0x0f, 0x0f, 0x0e, 0x0d, 0x0d, 0x0c, 0x0b,
  0x0b, 0x0a, 0x0a, 0x09, 0x08, 0x08, 0x07, 0x07, 0x06, 0x06, 0x06, 0x05, 0x05, 0x04, 0x04, 0x04,
  0x03, 0x03, 0x03, 0x03, 0x02, 0x02, 0x02, 0x02, 0x02, 0x01, 0x01, 0x01, 0x01, 0x01, 0x01, 0x01,
  0x01, 0x01, 0x01, 0x01, 0x01, 0x01, 0x01, 0x01, 0x02, 0x02, 0x02, 0x02, 0x02, 0x03, 0x03, 0x03,
  0x03, 0x04, 0x04, 0x04, 0x05, 0x05, 0x06, 0x06, 0x06, 0x07, 0x07, 0x08, 0x08, 0x09, 0x0a, 0x0a,
  0x0b, 0x0b, 0x0c, 0x0d, 0x0d, 0x0e, 0x0f, 0x0f, 0x10, 0x11, 0x11, 0x12, 0x13, 0x14, 0x15, 0x16,
  0x16, 0x17, 0x18, 0x19, 0x1a, 0x1b, 0x1c, 0x1d, 0x1e, 0x1f, 0x20, 0x21, 0x22, 0x23, 0x24, 0x25,
  0x26, 0x27, 0x28, 0x2a, 0x2b, 0x2c, 0x2d, 0x2e, 0x2f, 0x31, 0x32, 0x33, 0x34, 0x36, 0x37, 0x38,
  0x39, 0x3b, 0x3c, 0x3d, 0x3f, 0x40, 0x41, 0x43, 0x44, 0x46, 0x47, 0x48, 0x4a, 0x4b, 0x4d, 0x4e,
  0x4f, 0x51, 0x52, 0x54, 0x55, 0x57, 0x58, 0x5a, 0x5b, 0x5d, 0x5e, 0x60, 0x61, 0x63, 0x64, 0x66,
  0x67, 0x69, 0x6a, 0x6c, 0x6d, 0x6f, 0x70, 0x72, 0x74, 0x75, 0x77, 0x78, 0x7a, 0x7b, 0x7d, 0x7e,
  0x80, 0x81, 0x82, 0x84, 0x85, 0x87, 0x88, 0x8a, 0x8b, 0x8d, 0x8e, 0x8f, 0x91, 0x92, 0x94, 0x95,
  0x97, 0x98, 0x9a, 0x9b, 0x9c, 0x9d, 0x9f, 0xa0, 0xa2, 0xa3, 0xa5, 0xa6, 0xa8, 0xa9, 0xaa, 0xab,
  0xad, 0xae, 0xaf, 0xb1, 0xb2, 0xb4, 0xb5, 0xb6, 0xb8, 0xb9, 0xba, 0xbb, 0xbc, 0xbe, 0xbf, 0xc0,
  0xc2, 0xc3, 0xc4, 0xc5, 0xc7, 0xc8, 0xc9, 0xca, 0xcc, 0xcd, 0xce, 0xcf, 0xd0, 0xd1, 0xd2, 0xd3,
  0xd4, 0xd5, 0xd6, 0xd7, 0xd8, 0xd9, 0xda, 0xdb, 0xdc, 0xdd, 0xde, 0xdf, 0xe0, 0xe1, 0xe2, 0xe3,
  0xe4, 0xe5, 0xe6, 0xe7, 0xe8, 0xe9, 0xea, 0xea, 0xeb, 0xec, 0xec, 0xed, 0xee, 0xee, 0xef, 0xf0,
  0xf0, 0xf1, 0xf2, 0xf3, 0xf4, 0xf4, 0xf5, 0xf5, 0xf6, 0xf6, 0xf6, 0xf7, 0xf8, 0xf9, 0xf9, 0xf9,
  0xfa, 0xfa, 0xfa, 0xfb, 0xfc, 0xfc, 0xfc, 0xfc, 0xfc, 0xfd, 0xfe, 0xfe, 0xfe, 0xfe, 0xfe, 0xff,
  0xff, 0xfe, 0xfe, 0xfe, 0xfe, 0xfe, 0xfd, 0xfd, 0xfc, 0xfc, 0xfc, 0xfc, 0xfb, 0xfa, 0xfa, 0xfa,
  0xfa, 0xf9, 0xf9, 0xf8, 0xf7, 0xf7, 0xf6, 0xf6, 0xf6, 0xf5, 0xf5, 0xf4, 0xf3, 0xf2, 0xf1, 0xf1,
  0xf0, 0xf0, 0xef, 0xee, 0xee, 0xed, 0xec, 0xec, 0xeb, 0xea, 0xe9, 0xe8, 0xe7, 0xe6, 0xe5, 0xe4,
  0xe4, 0xe3, 0xe2, 0xe1, 0xe0, 0xdf, 0xde, 0xdd, 0xdc, 0xdb, 0xda, 0xd9, 0xd8, 0xd7, 0xd6, 0xd5,
  0xd4, 0xd3, 0xd2, 0xd0, 0xcf, 0xce, 0xcd, 0xcc, 0xcb, 0xca, 0xc9, 0xc8, 0xc7, 0xc5, 0xc4, 0xc3,
  0xc2, 0xc0, 0xbf, 0xbe, 0xbc, 0xbb, 0xba, 0xb8, 0xb7, 0xb6, 0xb5, 0xb4, 0xb2, 0xb1, 0xaf, 0xae,
  0xad, 0xab, 0xaa, 0xa8, 0xa7, 0xa6, 0xa5, 0xa3, 0xa2, 0xa0, 0x9f, 0x9d, 0x9c, 0x9a, 0x99, 0x98,
  0x97, 0x95, 0x94, 0x92, 0x91, 0x8f, 0x8e, 0x8c, 0x8b, 0x8a, 0x88, 0x87, 0x85, 0x84, 0x82, 0x81,
  0x7f, 0x7e, 0x7d, 0x7b, 0x7a, 0x78, 0x77, 0x75, 0x74, 0x72, 0x70, 0x6f, 0x6e, 0x6d, 0x6b, 0x6a,
  0x68, 0x67, 0x65, 0x64, 0x62, 0x61, 0x60, 0x5f, 0x5d, 0x5c, 0x5a, 0x59, 0x57, 0x56, 0x54, 0x53,
  0x52, 0x51, 0x50, 0x4e, 0x4d, 0x4b, 0x4a, 0x49, 0x47, 0x46, 0x44, 0x43, 0x42, 0x41, 0x40, 0x3f,
  0x3d, 0x3c, 0x3b, 0x3a, 0x38, 0x37, 0x36, 0x35, 0x33, 0x32, 0x31, 0x30, 0x2f, 0x2e, 0x2c, 0x2b,
  0x2a, 0x29, 0x28, 0x27, 0x26, 0x25, 0x24, 0x23, 0x22, 0x21, 0x20, 0x1f, 0x1e, 0x1d, 0x1c, 0x1b,
  0x1a, 0x1a, 0x19, 0x18, 0x17, 0x16, 0x15, 0x15, 0x14, 0x13, 0x13, 0x12, 0x11, 0x11, 0x10, 0x0f,
  0x0e, 0x0d, 0x0d, 0x0c, 0x0b, 0x0b, 0x0a, 0x0a, 0x09, 0x09, 0x08, 0x07, 0x07, 0x06, 0x06, 0x06,
  0x05, 0x05, 0x04, 0x04, 0x03, 0x03, 0x03, 0x03, 0x02, 0x01, 0x01, 0x01, 0x01, 0x01, 0x01, 0x00,
  0x00, 0x01, 0x01, 0x01, 0x01, 0x01, 0x01, 0x02, 0x03, 0x03, 0x03, 0x03, 0x03, 0x04, 0x05, 0x05,
  0x05, 0x06, 0x06, 0x06, 0x07, 0x08, 0x09, 0x09, 0x09, 0x0a, 0x0a, 0x0b, 0x0b, 0x0c, 0x0d, 0x0e,
  0x0f, 0x0f, 0x10, 0x11, 0x11, 0x12, 0x13, 0x13, 0x14, 0x15, 0x15, 0x16, 0x17, 0x18, 0x19, 0x1a,
  0x1b, 0x1c, 0x1d, 0x1e, 0x1f, 0x20, 0x21, 0x22, 0x23, 0x24, 0x25, 0x26, 0x27, 0x28, 0x29, 0x2a,
  0x2b, 0x2c, 0x2d, 0x2e, 0x2f, 0x30, 0x31, 0x32, 0x33, 0x35, 0x36, 0x37, 0x38, 0x3a, 0x3b, 0x3c,
  0x3d, 0x3f, 0x40, 0x41, 0x43, 0x44, 0x45, 0x46, 0x47, 0x49, 0x4a, 0x4b, 0x4d, 0x4e, 0x50, 0x51,
  0x52, 0x54, 0x55, 0x56, 0x57, 0x59, 0x5a, 0x5c, 0x5d, 0x5f, 0x60, 0x62, 0x63, 0x64, 0x65, 0x67,
  0x68, 0x6a, 0x6b, 0x6d, 0x6e, 0x70, 0x71, 0x72, 0x74, 0x75, 0x77, 0x78, 0x7a, 0x7b, 0x7d, 0x7e,
  0x80, 0x81, 0x82, 0x84, 0x85, 0x86, 0x87, 0x89, 0x8a, 0x8c, 0x8d, 0x8e, 0x90, 0x91, 0x92, 0x93,
  0x95, 0x96, 0x98, 0x99, 0x9a, 0x9b, 0x9d, 0x9e, 0x9f, 0xa0, 0xa2, 0xa3, 0xa5, 0xa6, 0xa7, 0xa8,
  0xaa, 0xab, 0xac, 0xad, 0xae, 0xb0, 0xb1, 0xb2, 0xb4, 0xb5, 0xb6, 0xb7, 0xb8, 0xba, 0xbb, 0xbc,
  0xbd, 0xbe, 0xbf, 0xc0, 0xc2, 0xc3, 0xc4, 0xc5, 0xc7, 0xc8, 0xc9, 0xca, 0xcb, 0xcc, 0xcd, 0xce,
  0xcf, 0xd0, 0xd1, 0xd2, 0xd3, 0xd4, 0xd5, 0xd6, 0xd7, 0xd8, 0xd9, 0xda, 0xdb, 0xdc, 0xdd, 0xde,
  0xdf, 0xe0, 0xe1, 0xe2, 0xe3, 0xe4, 0xe5, 0xe5, 0xe6, 0xe7, 0xe7, 0xe8, 0xe9, 0xea, 0xeb, 0xec,
  0xec, 0xed, 0xee, 0xef, 0xf0, 0xf0, 0xf1, 0xf1, 0xf2, 0xf3, 0xf3, 0xf4, 0xf5, 0xf6, 0xf6, 0xf6,
  0xf7, 0xf8, 0xf8, 0xf9, 0xfa, 0xfa, 0xfa, 0xfb, 0xfb, 0xfc, 0xfd, 0xfd, 0xfd, 0xfe, 0xfe, 0xff,
  0xff, 0xfe, 0xfe, 0xfd, 0xfd, 0xfd, 0xfc, 0xfc, 0xfb, 0xfa, 0xfa, 0xfa, 0xf9, 0xf8, 0xf8, 0xf7,
  0xf7, 0xf6, 0xf6, 0xf5, 0xf4, 0xf4, 0xf3, 0xf2, 0xf2, 0xf1, 0xf1, 0xf0, 0xef, 0xee, 0xed, 0xed,
  0xec, 0xeb, 0xea, 0xe9, 0xe9, 0xe8, 0xe7, 0xe7, 0xe6, 0xe5, 0xe4, 0xe3, 0xe2, 0xe1, 0xe0, 0xdf,
  0xdf, 0xde, 0xdd, 0xdc, 0xdb, 0xda, 0xd9, 0xd8, 0xd7, 0xd6, 0xd5, 0xd4, 0xd3, 0xd2, 0xd1, 0xd0,
  0xcf, 0xce, 0xcd, 0xcb, 0xca, 0xc9, 0xc8, 0xc7, 0xc6, 0xc5, 0xc4, 0xc3, 0xc2, 0xc0, 0xbf, 0xbe,
  0xbd, 0xbb, 0xba, 0xb9, 0xb8, 0xb7, 0xb6, 0xb4, 0xb3, 0xb2, 0xb1, 0xb0, 0xae, 0xad, 0xab, 0xaa,
  0xa9, 0xa8, 0xa7, 0xa5, 0xa4, 0xa3, 0xa2, 0xa0, 0x9f, 0x9d, 0x9c, 0x9b, 0x9a, 0x98, 0x97, 0x96,
  0x95, 0x93, 0x92, 0x90, 0x8f, 0x8e, 0x8d, 0x8b, 0x8a, 0x89, 0x87, 0x86, 0x84, 0x83, 0x82, 0x81,
  0x7f, 0x7e, 0x7d, 0x7b, 0x7a, 0x78, 0x77, 0x76, 0x75, 0x73, 0x71, 0x70, 0x6f, 0x6e, 0x6c, 0x6b,
  0x6a, 0x69, 0x67, 0x66, 0x64, 0x63, 0x62, 0x61, 0x5f, 0x5e, 0x5d, 0x5c, 0x5a, 0x59, 0x57, 0x56,
  0x55, 0x54, 0x53, 0x51, 0x50, 0x4f, 0x4e, 0x4d, 0x4b, 0x4a, 0x48, 0x47, 0x46, 0x45, 0x44, 0x43,
  0x41, 0x40, 0x3f, 0x3e, 0x3d, 0x3c, 0x3b, 0x3a, 0x38, 0x37, 0x36, 0x35, 0x34, 0x33, 0x31, 0x30,
  0x2f, 0x2e, 0x2d, 0x2c, 0x2b, 0x2a, 0x29, 0x28, 0x27, 0x26, 0x25, 0x24, 0x23, 0x22, 0x21, 0x20,
  0x1f, 0x1f, 0x1e, 0x1d, 0x1c, 0x1b, 0x1a, 0x1a, 0x19, 0x18, 0x17, 0x16, 0x15, 0x15, 0x14, 0x13,
  0x12, 0x11, 0x11, 0x10, 0x0f, 0x0f, 0x0e, 0x0d, 0x0c, 0x0c, 0x0b, 0x0a, 0x0a, 0x09, 0x09, 0x08,
  0x07, 0x07, 0x06, 0x06, 0x05, 0x05, 0x04, 0x04, 0x03, 0x02, 0x02, 0x02, 0x01, 0x01, 0x01, 0x00,
  0x00, 0x01, 0x01, 0x01, 0x02, 0x02, 0x02, 0x03, 0x04, 0x04, 0x05, 0x05, 0x05, 0x06, 0x07, 0x07,
  0x08, 0x09, 0x09, 0x09, 0x0a, 0x0b, 0x0c, 0x0c, 0x0d, 0x0e, 0x0e, 0x0f, 0x0f, 0x10, 0x11, 0x12,
  0x13, 0x13, 0x14, 0x15, 0x16, 0x17, 0x18, 0x18, 0x19, 0x1a, 0x1a, 0x1b, 0x1c, 0x1d, 0x1e, 0x1f,
  0x20, 0x21, 0x22, 0x23, 0x24, 0x25, 0x26, 0x27, 0x28, 0x29, 0x2a, 0x2b, 0x2c, 0x2d, 0x2e, 0x2f,
  0x30, 0x31, 0x32, 0x33, 0x34, 0x35, 0x36, 0x37, 0x38, 0x3a, 0x3b, 0x3c, 0x3d, 0x3f, 0x40, 0x41,
  0x42, 0x43, 0x44, 0x45, 0x47, 0x48, 0x49, 0x4a, 0x4b, 0x4d, 0x4e, 0x4f, 0x51, 0x52, 0x53, 0x54,
  0x55, 0x57, 0x58, 0x59, 0x5a, 0x5c, 0x5d, 0x5f, 0x60, 0x61, 0x62, 0x64, 0x65, 0x66, 0x67, 0x69,
  0x6a, 0x6c, 0x6d, 0x6e, 0x6f, 0x71, 0x72, 0x73, 0x75, 0x76, 0x78, 0x79, 0x7a, 0x7b, 0x7d, 0x7e,
  0x80, 0x81, 0x82, 0x83, 0x84, 0x86, 0x87, 0x88, 0x89, 0x8b, 0x8c, 0x8d, 0x8e, 0x8f, 0x91, 0x92,
  0x93, 0x94, 0x96, 0x97, 0x98, 0x99, 0x9a, 0x9b, 0x9d, 0x9e, 0x9f, 0xa0, 0xa2, 0xa3, 0xa4, 0xa5,
  0xa6, 0xa7, 0xa8, 0xaa, 0xab, 0xac, 0xad, 0xae, 0xb0, 0xb1, 0xb2, 0xb3, 0xb4, 0xb5, 0xb6, 0xb7,
  0xb9, 0xba, 0xbb, 0xbc, 0xbd, 0xbe, 0xbf, 0xc0, 0xc2, 0xc3, 0xc4, 0xc5, 0xc6, 0xc7, 0xc8, 0xc9,
  0xca, 0xcb, 0xcc, 0xcd, 0xce, 0xcf, 0xd0, 0xd1, 0xd2, 0xd3, 0xd4, 0xd5, 0xd6, 0xd7, 0xd8, 0xd9,
  0xda, 0xdb, 0xdc, 0xdd, 0xde, 0xdf, 0xe0, 0xe0, 0xe1, 0xe2, 0xe3, 0xe4, 0xe5, 0xe5, 0xe6, 0xe7,
  0xe8, 0xe9, 0xea, 0xeb, 0xec, 0xec, 0xed, 0xee, 0xef, 0xef, 0xf0, 0xf1, 0xf2, 0xf3, 0xf3, 0xf4,
  0xf5, 0xf5, 0xf6, 0xf7, 0xf8, 0xf8, 0xf9, 0xf9, 0xfa, 0xfb, 0xfc, 0xfc, 0xfd, 0xfd, 0xfe, 0xff,
  0xff, 0xfe, 0xfd, 0xfd, 0xfc, 0xfc, 0xfb, 0xfa, 0xf9, 0xf9, 0xf8, 0xf8, 0xf7, 0xf6, 0xf5, 0xf5,
  0xf4, 0xf3, 0xf3, 0xf2, 0xf1, 0xf0, 0xef, 0xef, 0xee, 0xed, 0xed, 0xec, 0xeb, 0xea, 0xe9, 0xe8,
  0xe7, 0xe7, 0xe6, 0xe5, 0xe4, 0xe3, 0xe2, 0xe2, 0xe1, 0xe0, 0xdf, 0xde, 0xdd, 0xdc, 0xdb, 0xda,
  0xd9, 0xd8, 0xd7, 0xd6, 0xd5, 0xd4, 0xd3, 0xd2, 0xd1, 0xd0, 0xcf, 0xce, 0xcd, 0xcc, 0xcb, 0xca,
  0xc9, 0xc8, 0xc7, 0xc6, 0xc5, 0xc4, 0xc3, 0xc2, 0xc1, 0xc0, 0xbf, 0xbe, 0xbd, 0xbb, 0xba, 0xb9,
  0xb8, 0xb7, 0xb6, 0xb5, 0xb3, 0xb2, 0xb1, 0xb0, 0xaf, 0xae, 0xad, 0xac, 0xaa, 0xa9, 0xa8, 0xa7,
  0xa6, 0xa4, 0xa3, 0xa2, 0xa1, 0xa0, 0x9f, 0x9d, 0x9c, 0x9b, 0x9a, 0x98, 0x97, 0x96, 0x95, 0x94,
  0x93, 0x91, 0x90, 0x8f, 0x8e, 0x8c, 0x8b, 0x8a, 0x89, 0x88, 0x86, 0x85, 0x84, 0x83, 0x81, 0x80,
  0x7f, 0x7e, 0x7d, 0x7b, 0x7a, 0x79, 0x78, 0x76, 0x75, 0x74, 0x72, 0x71, 0x70, 0x6f, 0x6e, 0x6d,
  0x6b, 0x6a, 0x69, 0x68, 0x66, 0x65, 0x64, 0x63, 0x62, 0x61, 0x5f, 0x5e, 0x5d, 0x5c, 0x5a, 0x59,
  0x58, 0x57, 0x56, 0x55, 0x54, 0x52, 0x51, 0x50, 0x4f, 0x4e, 0x4c, 0x4b, 0x4a, 0x49, 0x48, 0x47,
  0x46, 0x45, 0x44, 0x43, 0x41, 0x40, 0x3f, 0x3e, 0x3d, 0x3c, 0x3b, 0x3a, 0x39, 0x38, 0x36, 0x35,
  0x34, 0x33, 0x32, 0x31, 0x30, 0x2f, 0x2e, 0x2d, 0x2c, 0x2b, 0x2a, 0x29, 0x28, 0x27, 0x26, 0x25,
  0x24, 0x24, 0x23, 0x22, 0x21, 0x20, 0x1f, 0x1e, 0x1d, 0x1c, 0x1c, 0x1b, 0x1a, 0x19, 0x18, 0x17,
  0x16, 0x15, 0x15, 0x14, 0x13, 0x12, 0x11, 0x11, 0x10, 0x0f, 0x0e, 0x0d, 0x0d, 0x0c, 0x0b, 0x0b,
  0x0a, 0x09, 0x08, 0x08, 0x07, 0x06, 0x06, 0x05, 0x04, 0x03, 0x03, 0x02, 0x02, 0x01, 0x01, 0x00,
  0x00, 0x01, 0x01, 0x02, 0x02, 0x03, 0x03, 0x04, 0x05, 0x06, 0x06, 0x07, 0x07, 0x08, 0x09, 0x0a,
  0x0a, 0x0b, 0x0c, 0x0c, 0x0d, 0x0e, 0x0f, 0x10, 0x10, 0x11, 0x12, 0x13, 0x13, 0x14, 0x15, 0x16,
  0x17, 0x18, 0x19, 0x1a, 0x1a, 0x1b, 0x1c, 0x1d, 0x1e, 0x1f, 0x1f, 0x20, 0x21, 0x22, 0x23, 0x24,
  0x25, 0x26, 0x27, 0x28, 0x29, 0x2a, 0x2b, 0x2c, 0x2d, 0x2e, 0x2f, 0x30, 0x31, 0x32, 0x33, 0x34,
  0x35, 0x36, 0x37, 0x38, 0x39, 0x3a, 0x3b, 0x3c, 0x3d, 0x3f, 0x40, 0x41, 0x42, 0x43, 0x44, 0x45,
  0x46, 0x48, 0x49, 0x4a, 0x4b, 0x4c, 0x4d, 0x4e, 0x4f, 0x51, 0x52, 0x53, 0x54, 0x55, 0x57, 0x58,
  0x59, 0x5a, 0x5b, 0x5c, 0x5d, 0x5f, 0x60, 0x61, 0x62, 0x64, 0x65, 0x66, 0x67, 0x68, 0x69, 0x6b,
  0x6c, 0x6d, 0x6e, 0x70, 0x71, 0x72, 0x73, 0x74, 0x76, 0x77, 0x78, 0x79, 0x7b, 0x7c, 0x7d, 0x7e,
  0x80, 0x81, 0x82, 0x83, 0x84, 0x85, 0x86, 0x87, 0x88, 0x8a, 0x8b, 0x8c, 0x8d, 0x8e, 0x8f, 0x90,
  0x91, 0x92, 0x94, 0x95, 0x96, 0x97, 0x98, 0x99, 0x9a, 0x9b, 0x9c, 0x9d, 0x9f, 0xa0, 0xa1, 0xa2,
  0xa3, 0xa4, 0xa5, 0xa6, 0xa7, 0xa8, 0xa9, 0xaa, 0xac, 0xad, 0xae, 0xaf, 0xb0, 0xb1, 0xb2, 0xb3,
  0xb4, 0xb5, 0xb6, 0xb7, 0xb8, 0xb9, 0xba, 0xbb, 0xbd, 0xbe, 0xbf, 0xc0, 0xc1, 0xc2, 0xc3, 0xc4,
  0xc5, 0xc6, 0xc7, 0xc8, 0xc9, 0xca, 0xcb, 0xcc, 0xcd, 0xce, 0xcf, 0xd0, 0xd1, 0xd2, 0xd3, 0xd4,
  0xd5, 0xd6, 0xd7, 0xd8, 0xd9, 0xda, 0xdb, 0xdb, 0xdc, 0xdd, 0xde, 0xdf, 0xe0, 0xe1, 0xe2, 0xe3,
  0xe4, 0xe5, 0xe6, 0xe7, 0xe8, 0xe8, 0xe9, 0xea, 0xeb, 0xec, 0xed, 0xee, 0xef, 0xf0, 0xf0, 0xf1,
  0xf2, 0xf3, 0xf4, 0xf5, 0xf6, 0xf6, 0xf7, 0xf8, 0xf9, 0xfa, 0xfb, 0xfb, 0xfc, 0xfd, 0xfe, 0xff,
  0xff, 0xfe, 0xfd, 0xfc, 0xfb, 0xfb, 0xfa, 0xf9, 0xf8, 0xf7, 0xf6, 0xf6, 0xf5, 0xf4, 0xf3, 0xf2,
  0xf1, 0xf0, 0xf0, 0xef, 0xee, 0xed, 0xec, 0xeb, 0xea, 0xe9, 0xe9, 0xe8, 0xe7, 0xe6, 0xe5, 0xe4,
  0xe3, 0xe2, 0xe1, 0xe0, 0xdf, 0xde, 0xdd, 0xdd, 0xdc, 0xdb, 0xda, 0xd9, 0xd8, 0xd7, 0xd6, 0xd5,
  0xd4, 0xd3, 0xd2, 0xd1, 0xd0, 0xcf, 0xce, 0xcd, 0xcc, 0xcb, 0xca, 0xc9, 0xc8, 0xc7, 0xc6, 0xc5,
  0xc4, 0xc3, 0xc2, 0xc1, 0xc0, 0xbf, 0xbe, 0xbd, 0xbc, 0xbb, 0xba, 0xb9, 0xb8, 0xb6, 0xb5, 0xb4,
  0xb3, 0xb2, 0xb1, 0xb0, 0xaf, 0xae, 0xad, 0xac, 0xab, 0xaa, 0xa9, 0xa8, 0xa6, 0xa5, 0xa4, 0xa3,
  0xa2, 0xa1, 0xa0, 0x9f, 0x9e, 0x9d, 0x9c, 0x9a, 0x99, 0x98, 0x97, 0x96, 0x95, 0x94, 0x93, 0x92,
  0x91, 0x8f, 0x8e, 0x8d, 0x8c, 0x8b, 0x8a, 0x89, 0x88, 0x87, 0x85, 0x84, 0x83, 0x82, 0x81, 0x80,
  0x7f, 0x7e, 0x7d, 0x7b, 0x7a, 0x79, 0x78, 0x77, 0x76, 0x75, 0x73, 0x72, 0x71, 0x70, 0x6f, 0x6e,
  0x6d, 0x6c, 0x6b, 0x6a, 0x68, 0x67, 0x66, 0x65, 0x64, 0x63, 0x62, 0x61, 0x60, 0x5f, 0x5d, 0x5c,
  0x5b, 0x5a, 0x59, 0x58, 0x57, 0x56, 0x55, 0x54, 0x53, 0x52, 0x50, 0x4f, 0x4e, 0x4d, 0x4c, 0x4b,
  0x4a, 0x49, 0x48, 0x47, 0x46, 0x45, 0x44, 0x43, 0x42, 0x41, 0x40, 0x3f, 0x3e, 0x3d, 0x3b, 0x3a,
  0x39, 0x38, 0x37, 0x36, 0x35, 0x34, 0x33, 0x32, 0x31, 0x30, 0x2f, 0x2e, 0x2d, 0x2c, 0x2b, 0x2a,
  0x29, 0x29, 0x28, 0x27, 0x26, 0x25, 0x24, 0x23, 0x22, 0x21, 0x20, 0x1f, 0x1e, 0x1d, 0x1c, 0x1b,
  0x1a, 0x19, 0x19, 0x18, 0x17, 0x16, 0x15, 0x14, 0x13, 0x12, 0x11, 0x10, 0x10, 0x0f, 0x0e, 0x0d,
  0x0c, 0x0b, 0x0a, 0x0a, 0x09, 0x08, 0x07, 0x06, 0x05, 0x04, 0x04, 0x03, 0x02, 0x01, 0x01, 0x00,
  0x00, 0x01, 0x01, 0x02, 0x03, 0x04, 0x04, 0x05, 0x06, 0x07, 0x08, 0x09, 0x09, 0x0a, 0x0b, 0x0c,
  0x0d, 0x0e, 0x0f, 0x0f, 0x10, 0x11, 0x12, 0x13, 0x14, 0x15, 0x16, 0x17, 0x17, 0x18, 0x19, 0x1a,
  0x1b, 0x1c, 0x1d, 0x1e, 0x1f, 0x20, 0x21, 0x22, 0x23, 0x24, 0x24, 0x25, 0x26, 0x27, 0x28, 0x29,
  0x2a, 0x2b, 0x2c, 0x2d, 0x2e, 0x2f, 0x30, 0x31, 0x32, 0x33, 0x34, 0x35, 0x36, 0x37, 0x38, 0x39,
  0x3a, 0x3b, 0x3c, 0x3d, 0x3e, 0x3f, 0x40, 0x41, 0x42, 0x44, 0x45, 0x46, 0x47, 0x48, 0x49, 0x4a,
  0x4b, 0x4c, 0x4d, 0x4e, 0x4f, 0x50, 0x51, 0x52, 0x53, 0x55, 0x56, 0x57, 0x58, 0x59, 0x5a, 0x5b,
  0x5c, 0x5d, 0x5e, 0x5f, 0x60, 0x62, 0x63, 0x64, 0x65, 0x66, 0x67, 0x68, 0x69, 0x6a, 0x6b, 0x6d,
  0x6e, 0x6f, 0x70, 0x71, 0x72, 0x73, 0x74, 0x75, 0x77, 0x78, 0x79, 0x7a, 0x7b, 0x7c, 0x7d, 0x7e,
  0x80, 0x81, 0x82, 0x83, 0x84, 0x85, 0x86, 0x87, 0x88, 0x89, 0x8a, 0x8b, 0x8c, 0x8d, 0x8e, 0x8f,
  0x90, 0x91, 0x92, 0x93, 0x94, 0x95, 0x96, 0x97, 0x98, 0x99, 0x9a, 0x9b, 0x9c, 0x9d, 0x9e, 0x9f,
  0xa0, 0xa1, 0xa2, 0xa3, 0xa4, 0xa5, 0xa6, 0xa7, 0xa8, 0xa9, 0xaa, 0xab, 0xac, 0xad, 0xae, 0xaf,
  0xb0, 0xb1, 0xb2, 0xb3, 0xb4, 0xb5, 0xb6, 0xb7, 0xb8, 0xb9, 0xba, 0xbb, 0xbc, 0xbd, 0xbe, 0xbf,
  0xc0, 0xc1, 0xc2, 0xc3, 0xc4, 0xc5, 0xc6, 0xc7, 0xc8, 0xc9, 0xca, 0xcb, 0xcc, 0xcd, 0xce, 0xcf,
  0xd0, 0xd1, 0xd2, 0xd3, 0xd4, 0xd5, 0xd6, 0xd7, 0xd8, 0xd9, 0xda, 0xdb, 0xdc, 0xdd, 0xde, 0xdf,
  0xe0, 0xe1, 0xe2, 0xe3, 0xe4, 0xe5, 0xe6, 0xe7, 0xe8, 0xe9, 0xea, 0xeb, 0xec, 0xed, 0xee, 0xef,
  0xf0, 0xf1, 0xf2, 0xf3, 0xf4, 0xf5, 0xf6, 0xf7, 0xf8, 0xf9, 0xfa, 0xfb, 0xfc, 0xfd, 0xfe, 0xff,
  0xff, 0xfe, 0xfd, 0xfc, 0xfb, 0xfa, 0xf9, 0xf8, 0xf7, 0xf6, 0xf5, 0xf4, 0xf3, 0xf2, 0xf1, 0xf0,
  0xef, 0xee, 0xed, 0xec, 0xeb, 0xea, 0xe9, 0xe8, 0xe7, 0xe6, 0xe5, 0xe4, 0xe3, 0xe2, 0xe1, 0xe0,
  0xdf, 0xde, 0xdd, 0xdc, 0xdb, 0xda, 0xd9, 0xd8, 0xd7, 0xd6, 0xd5, 0xd4, 0xd3, 0xd2, 0xd1, 0xd0,
  0xcf, 0xce, 0xcd, 0xcc, 0xcb, 0xca, 0xc9, 0xc8, 0xc7, 0xc6, 0xc5, 0xc4, 0xc3, 0xc2, 0xc1, 0xc0,
  0xbf, 0xbe, 0xbd, 0xbc, 0xbb, 0xba, 0xb9, 0xb8, 0xb7, 0xb6, 0xb5, 0xb4, 0xb3, 0xb2, 0xb1, 0xb0,
  0xaf, 0xae, 0xad, 0xac, 0xab, 0xaa, 0xa9, 0xa8, 0xa7, 0xa6, 0xa5, 0xa4, 0xa3, 0xa2, 0xa1, 0xa0,
  0x9f, 0x9e, 0x9d, 0x9c, 0x9b, 0x9a, 0x99, 0x98, 0x97, 0x96, 0x95, 0x94, 0x93, 0x92, 0x91, 0x90,
  0x8f, 0x8e, 0x8d, 0x8c, 0x8b, 0x8a, 0x89, 0x88, 0x87, 0x86, 0x85, 0x84, 0x83, 0x82, 0x81, 0x80,
  0x7f, 0x7e, 0x7d, 0x7c, 0x7b, 0x7a, 0x79, 0x78, 0x77, 0x76, 0x75, 0x74, 0x73, 0x72, 0x71, 0x70,
  0x6f, 0x6e, 0x6d, 0x6c, 0x6b, 0x6a, 0x69, 0x68, 0x67, 0x66, 0x65, 0x64, 0x63, 0x62, 0x61, 0x60,
  0x5f, 0x5e, 0x5d, 0x5c, 0x5b, 0x5a, 0x59, 0x58, 0x57, 0x56, 0x55, 0x54, 0x53, 0x52, 0x51, 0x50,
  0x4f, 0x4e, 0x4d, 0x4c, 0x4b, 0x4a, 0x49, 0x48, 0x47, 0x46, 0x45, 0x44, 0x43, 0x42, 0x41, 0x40,
  0x3f, 0x3e, 0x3d, 0x3c, 0x3b, 0x3a, 0x39, 0x38, 0x37, 0x36, 0x35, 0x34, 0x33, 0x32, 0x31, 0x30,
  0x2f, 0x2e, 0x2d, 0x2c, 0x2b, 0x2a, 0x29, 0x28, 0x27, 0x26, 0x25, 0x24, 0x23, 0x22, 0x21, 0x20,
  0x1f, 0x1e, 0x1d, 0x1c, 0x1b, 0x1a, 0x19, 0x18, 0x17, 0x16, 0x15, 0x14, 0x13, 0x12, 0x11, 0x10,
  0x0f, 0x0e, 0x0d, 0x0c, 0x0b, 0x0a, 0x09, 0x08, 0x07, 0x06, 0x05, 0x04, 0x03, 0x02, 0x01, 0x00,
  0x00, 0x01, 0x02, 0x03, 0x04, 0x05, 0x06, 0x07, 0x08, 0x09, 0x0a, 0x0b, 0x0c, 0x0d, 0x0e, 0x0f,
  0x10, 0x11, 0x12, 0x13, 0x14, 0x15, 0x16, 0x17, 0x18, 0x19, 0x1a, 0x1b, 0x1c, 0x1d, 0x1e, 0x1f,
  0x20, 0x21, 0x22, 0x23, 0x24, 0x25, 0x26, 0x27, 0x28, 0x29, 0x2a, 0x2b, 0x2c, 0x2d, 0x2e, 0x2f,
  0x30, 0x31, 0x32, 0x33, 0x34, 0x35, 0x36, 0x37, 0x38, 0x39, 0x3a, 0x3b, 0x3c, 0x3d, 0x3e, 0x3f,
  0x40, 0x41, 0x42, 0x43, 0x44, 0x45, 0x46, 0x47, 0x48, 0x49, 0x4a, 0x4b, 0x4c, 0x4d, 0x4e, 0x4f,
  0x50, 0x51, 0x52, 0x53, 0x54, 0x55, 0x56, 0x57, 0x58, 0x59, 0x5a, 0x5b, 0x5c, 0x5d, 0x5e, 0x5f,
  0x60, 0x61, 0x62, 0x63, 0x64, 0x65, 0x66, 0x67, 0x68, 0x69, 0x6a, 0x6b, 0x6c, 0x6d, 0x6e, 0x6f,
  0x70, 0x71, 0x72, 0x73, 0x74, 0x75, 0x76, 0x77, 0x78, 0x79, 0x7a, 0x7b, 0x7c, 0x7d, 0x7e, 0x7f,
  0x80, 0x80, 0x81, 0x82, 0x83, 0x84, 0x85, 0x86, 0x87, 0x88, 0x89, 0x89, 0x8a, 0x8b, 0x8c, 0x8d,
  0x8e, 0x8f, 0x90, 0x91, 0x92, 0x92, 0x93, 0x94, 0x95, 0x96, 0x97, 0x98, 0x99, 0x9a, 0x9b, 0x9b,
  0x9c, 0x9d, 0x9e, 0x9f, 0xa0, 0xa1, 0xa2, 0xa3, 0xa4, 0xa4, 0xa5, 0xa6, 0xa7, 0xa8, 0xa9, 0xaa,
  0xab, 0xac, 0xad, 0xad, 0xae, 0xaf, 0xb0, 0xb1, 0xb2, 0xb3, 0xb4, 0xb5, 0xb6, 0xb6, 0xb7, 0xb8,
  0xb9, 0xba, 0xbb, 0xbc, 0xbd, 0xbe, 0xbf, 0xbf, 0xc0, 0xc1, 0xc2, 0xc3, 0xc4, 0xc5, 0xc6, 0xc7,
  0xc8, 0xc8, 0xc9, 0xca, 0xcb, 0xcc, 0xcd, 0xce, 0xcf, 0xd0, 0xd1, 0xd1, 0xd2, 0xd3, 0xd4, 0xd5,
  0xd6, 0xd7, 0xd8, 0xd9, 0xda, 0xda, 0xdb, 0xdc, 0xdd, 0xde, 0xdf, 0xe0, 0xe1, 0xe2, 0xe3, 0xe3,
  0xe4, 0xe5, 0xe6, 0xe7, 0xe8, 0xe9, 0xea, 0xeb, 0xec, 0xec, 0xed, 0xee, 0xef, 0xf0, 0xf1, 0xf2,
  0xf2, 0xf1, 0xf1, 0xf0, 0xef, 0xee, 0xee, 0xed, 0xec, 0xec, 0xeb, 0xea, 0xea, 0xe9, 0xe8, 0xe7,
  0xe7, 0xe6, 0xe5, 0xe5, 0xe4, 0xe3, 0xe3, 0xe2, 0xe1, 0xe0, 0xe0, 0xdf, 0xde, 0xde, 0xdd, 0xdc,
  0xdc, 0xdb, 0xda, 0xd9, 0xd9, 0xd8, 0xd7, 0xd7, 0xd6, 0xd5, 0xd5, 0xd4, 0xd3, 0xd2, 0xd2, 0xd1,
  0xd0, 0xcf, 0xcf, 0xce, 0xcd, 0xcd, 0xcc, 0xcb, 0xcb, 0xca, 0xc9, 0xc8, 0xc8, 0xc7, 0xc6, 0xc6,
  0xc5, 0xc4, 0xc4, 0xc3, 0xc2, 0xc1, 0xc1, 0xc0, 0xbf, 0xbf, 0xbe, 0xbd, 0xbd, 0xbc, 0xbb, 0xba,
  0xba, 0xb9, 0xb8, 0xb8, 0xb7, 0xb6, 0xb6, 0xb5, 0xb4, 0xb3, 0xb3, 0xb2, 0xb1, 0xb1, 0xb0, 0xaf,
  0xaf, 0xae, 0xad, 0xac, 0xac, 0xab, 0xaa, 0xaa, 0xa9, 0xa8, 0xa8, 0xa7, 0xa6, 0xa5, 0xa5, 0xa4,
  0xa3, 0xa3, 0xa2, 0xa1, 0xa1, 0xa0, 0x9f, 0x9e, 0x9e, 0x9d, 0x9c, 0x9c, 0x9b, 0x9a, 0x9a, 0x99,
  0x65, 0x64, 0x64, 0x63, 0x62, 0x62, 0x61, 0x60, 0x60, 0x5f, 0x5e, 0x5d, 0x5d, 0x5c, 0x5b, 0x5b,
  0x5a, 0x59, 0x59, 0x58, 0x57, 0x56, 0x56, 0x55, 0x54, 0x54, 0x53, 0x52, 0x52, 0x51, 0x50, 0x4f,
  0x4f, 0x4e, 0x4d, 0x4d, 0x4c, 0x4b, 0x4b, 0x4a, 0x49, 0x48, 0x48, 0x47, 0x46, 0x46, 0x45, 0x44,
  0x44, 0x43, 0x42, 0x41, 0x41, 0x40, 0x3f, 0x3f, 0x3e, 0x3d, 0x3d, 0x3c, 0x3b, 0x3a, 0x3a, 0x39,
  0x38, 0x38, 0x37, 0x36, 0x36, 0x35, 0x34, 0x33, 0x33, 0x32, 0x31, 0x31, 0x30, 0x2f, 0x2f, 0x2e,
  0x2d, 0x2c, 0x2c, 0x2b, 0x2a, 0x2a, 0x29, 0x28, 0x27, 0x27, 0x26, 0x25, 0x25, 0x24, 0x23, 0x22,
  0x22, 0x21, 0x20, 0x20, 0x1f, 0x1e, 0x1e, 0x1d, 0x1c, 0x1b, 0x1b, 0x1a, 0x19, 0x19, 0x18, 0x17,
  0x17, 0x16, 0x15, 0x14, 0x14, 0x13, 0x12, 0x12, 0x11, 0x10, 0x10, 0x0f, 0x0e, 0x0d, 0x0d, 0x0c,
  0x0c, 0x0d, 0x0e, 0x0f, 0x10, 0x11, 0x12, 0x12, 0x13, 0x14, 0x15, 0x16, 0x17, 0x18, 0x19, 0x1a,
  0x1b, 0x1b, 0x1c, 0x1d, 0x1e, 0x1f, 0x20, 0x21, 0x22, 0x23, 0x24, 0x24, 0x25, 0x26, 0x27, 0x28,
  0x29, 0x2a, 0x2b, 0x2c, 0x2d, 0x2d, 0x2e, 0x2f, 0x30, 0x31, 0x32, 0x33, 0x34, 0x35, 0x36, 0x36,
  0x37, 0x38, 0x39, 0x3a, 0x3b, 0x3c, 0x3d, 0x3e, 0x3f, 0x3f, 0x40, 0x41, 0x42, 0x43, 0x44, 0x45,
  0x46, 0x47, 0x48, 0x48, 0x49, 0x4a, 0x4b, 0x4c, 0x4d, 0x4e, 0x4f, 0x50, 0x51, 0x51, 0x52, 0x53,
  0x54, 0x55, 0x56, 0x57, 0x58, 0x59, 0x5a, 0x5a, 0x5b, 0x5c, 0x5d, 0x5e, 0x5f, 0x60, 0x61, 0x62,
  0x63, 0x63, 0x64, 0x65, 0x66, 0x67, 0x68, 0x69, 0x6a, 0x6b, 0x6c, 0x6c, 0x6d, 0x6e, 0x6f, 0x70,
  0x71, 0x72, 0x73, 0x74, 0x75, 0x75, 0x76, 0x77, 0x78, 0x79, 0x7a, 0x7b, 0x7c, 0x7d, 0x7e, 0x7f,
  0x80, 0x80, 0x81, 0x82, 0x83, 0x83, 0x84, 0x85, 0x86, 0x87, 0x88, 0x88, 0x89, 0x8a, 0x8b, 0x8b,
  0x8c, 0x8d, 0x8e, 0x8f, 0x90, 0x90, 0x91, 0x92, 0x93, 0x93, 0x94, 0x95, 0x96, 0x97, 0x98, 0x98,
  0x99, 0x9a, 0x9b, 0x9b, 0x9c, 0x9d, 0x9e, 0x9f, 0xa0, 0xa0, 0xa1, 0xa2, 0xa3, 0xa3, 0xa4, 0xa5,
  0xa6, 0xa7, 0xa8, 0xa8, 0xa9, 0xaa, 0xab, 0xab, 0xac, 0xad, 0xae, 0xaf, 0xb0, 0xb0, 0xb1, 0xb2,
  0xb3, 0xb3, 0xb4, 0xb5, 0xb6, 0xb7, 0xb8, 0xb8, 0xb9, 0xba, 0xbb, 0xbb, 0xbc, 0xbd, 0xbe, 0xbf,
  0xc0, 0xc0, 0xc1, 0xc2, 0xc3, 0xc3, 0xc4, 0xc5, 0xc6, 0xc7, 0xc8, 0xc8, 0xc9, 0xca, 0xcb, 0xcb,
  0xcc, 0xcd, 0xce, 0xcf, 0xd0, 0xd0, 0xd1, 0xd2, 0xd3, 0xd3, 0xd4, 0xd5, 0xd6, 0xd7, 0xd8, 0xd8,
  0xd9, 0xda, 0xdb, 0xdb, 0xdc, 0xdd, 0xde, 0xdf, 0xe0, 0xe0, 0xe1, 0xe2, 0xe3, 0xe3, 0xe4, 0xe5,
  0xe5, 0xe5, 0xe5, 0xe4, 0xe4, 0xe3, 0xe3, 0xe2, 0xe2, 0xe2, 0xe1, 0xe1, 0xe1, 0xe0, 0xe0, 0xdf,
  0xdf, 0xde, 0xde, 0xde, 0xdd, 0xdd, 0xdd, 0xdc, 0xdc, 0xdb, 0xdb, 0xda, 0xda, 0xda, 0xd9, 0xd9,
  0xd9, 0xd8, 0xd8, 0xd7, 0xd7, 0xd6, 0xd6, 0xd6, 0xd5, 0xd5, 0xd5, 0xd4, 0xd4, 0xd3, 0xd3, 0xd2,
  0xd2, 0xd1, 0xd1, 0xd1, 0xd0, 0xd0, 0xd0, 0xcf, 0xcf, 0xce, 0xce, 0xcd, 0xcd, 0xcd, 0xcc, 0xcc,
  0xcc, 0xcb, 0xcb, 0xca, 0xca, 0xc9, 0xc9, 0xc9, 0xc8, 0xc8, 0xc8, 0xc7, 0xc7, 0xc6, 0xc6, 0xc5,
  0xc5, 0xc5, 0xc4, 0xc4, 0xc4, 0xc3, 0xc3, 0xc2, 0xc2, 0xc1, 0xc1, 0xc1, 0xc0, 0xc0, 0xc0, 0xbf,
  0xbf, 0xbe, 0xbe, 0xbd, 0xbd, 0xbd, 0xbc, 0xbc, 0xbc, 0xbb, 0xbb, 0xba, 0xba, 0xb9, 0xb9, 0xb9,
  0xb8, 0xb8, 0xb8, 0xb7, 0xb7, 0xb6, 0xb6, 0xb5, 0xb5, 0xb5, 0xb4, 0xb4, 0xb4, 0xb3, 0xb3, 0xb2,
  0x4c, 0x4b, 0x4b, 0x4a, 0x4a, 0x4a, 0x49, 0x49, 0x49, 0x48, 0x48, 0x47, 0x47, 0x46, 0x46, 0x46,
  0x45, 0x45, 0x45, 0x44, 0x44, 0x43, 0x43, 0x42, 0x42, 0x42, 0x41, 0x41, 0x41, 0x40, 0x40, 0x3f,
  0x3f, 0x3e, 0x3e, 0x3e, 0x3d, 0x3d, 0x3d, 0x3c, 0x3c, 0x3b, 0x3b, 0x3a, 0x3a, 0x3a, 0x39, 0x39,
  0x39, 0x38, 0x38, 0x37, 0x37, 0x36, 0x36, 0x36, 0x35, 0x35, 0x35, 0x34, 0x34, 0x33, 0x33, 0x32,
  0x32, 0x32, 0x31, 0x31, 0x31, 0x30, 0x30, 0x2f, 0x2f, 0x2e, 0x2e, 0x2e, 0x2d, 0x2d, 0x2d, 0x2c,
  0x2c, 0x2b, 0x2b, 0x2a, 0x2a, 0x2a, 0x29, 0x29, 0x28, 0x28, 0x28, 0x27, 0x27, 0x26, 0x26, 0x25,
  0x25, 0x25, 0x24, 0x24, 0x24, 0x23, 0x23, 0x22, 0x22, 0x21, 0x21, 0x21, 0x20, 0x20, 0x20, 0x1f,
  0x1f, 0x1e, 0x1e, 0x1d, 0x1d, 0x1d, 0x1c, 0x1c, 0x1c, 0x1b, 0x1b, 0x1a, 0x1a, 0x19, 0x19, 0x19,
  0x19, 0x1a, 0x1b, 0x1b, 0x1c, 0x1d, 0x1e, 0x1e, 0x1f, 0x20, 0x21, 0x22, 0x23, 0x23, 0x24, 0x25,
  0x26, 0x26, 0x27, 0x28, 0x29, 0x2a, 0x2b, 0x2b, 0x2c, 0x2d, 0x2e, 0x2e, 0x2f, 0x30, 0x31, 0x32,
  0x33, 0x33, 0x34, 0x35, 0x36, 0x36, 0x37, 0x38, 0x39, 0x3a, 0x3b, 0x3b, 0x3c, 0x3d, 0x3e, 0x3e,
  0x3f, 0x40, 0x41, 0x42, 0x43, 0x43, 0x44, 0x45, 0x46, 0x46, 0x47, 0x48, 0x49, 0x4a, 0x4b, 0x4b,
  0x4c, 0x4d, 0x4e, 0x4e, 0x4f, 0x50, 0x51, 0x52, 0x53, 0x53, 0x54, 0x55, 0x56, 0x56, 0x57, 0x58,
  0x59, 0x5a, 0x5b, 0x5b, 0x5c, 0x5d, 0x5e, 0x5e, 0x5f, 0x60, 0x61, 0x62, 0x63, 0x63, 0x64, 0x65,
  0x66, 0x66, 0x67, 0x68, 0x69, 0x6a, 0x6b, 0x6b, 0x6c, 0x6d, 0x6e, 0x6e, 0x6f, 0x70, 0x71, 0x72,
  0x73, 0x73, 0x74, 0x75, 0x76, 0x76, 0x77, 0x78, 0x79, 0x7a, 0x7b, 0x7b, 0x7c, 0x7d, 0x7e, 0x7f,
  0x80, 0x80, 0x81, 0x81, 0x82, 0x83, 0x84, 0x84, 0x85, 0x86, 0x87, 0x87, 0x88, 0x88, 0x89, 0x8a,
  0x8b, 0x8b, 0x8c, 0x8d, 0x8e, 0x8e, 0x8f, 0x8f, 0x90, 0x91, 0x92, 0x92, 0x93, 0x94, 0x95, 0x95,
  0x96, 0x96, 0x97, 0x98, 0x99, 0x99, 0x9a, 0x9b, 0x9c, 0x9c, 0x9d, 0x9d, 0x9e, 0x9f, 0xa0, 0xa0,
  0xa1, 0xa2, 0xa3, 0xa3, 0xa4, 0xa4, 0xa5, 0xa6, 0xa7, 0xa7, 0xa8, 0xa9, 0xaa, 0xaa, 0xab, 0xab,
  0xac, 0xad, 0xae, 0xae, 0xaf, 0xb0, 0xb1, 0xb1, 0xb2, 0xb2, 0xb3, 0xb4, 0xb5, 0xb5, 0xb6, 0xb7,
  0xb8, 0xb8, 0xb9, 0xb9, 0xba, 0xbb, 0xbc, 0xbc, 0xbd, 0xbe, 0xbf, 0xbf, 0xc0, 0xc0, 0xc1, 0xc2,
  0xc3, 0xc3, 0xc4, 0xc5, 0xc6, 0xc6, 0xc7, 0xc7, 0xc8, 0xc9, 0xca, 0xca, 0xcb, 0xcc, 0xcd, 0xcd,
  0xce, 0xce, 0xcf, 0xd0, 0xd1, 0xd1, 0xd2, 0xd3, 0xd4, 0xd4, 0xd5, 0xd5, 0xd6, 0xd7, 0xd8, 0xd8,
  0xd9, 0xd8, 0xd9, 0xd8, 0xd8, 0xd8, 0xd8, 0xd8, 0xd8, 0xd8, 0xd8, 0xd7, 0xd8, 0xd7, 0xd7, 0xd7,
  0xd7, 0xd7, 0xd7, 0xd7, 0xd7, 0xd6, 0xd7, 0xd6, 0xd6, 0xd6, 0xd6, 0xd6, 0xd6, 0xd6, 0xd6, 0xd5,
  0xd6, 0xd5, 0xd5, 0xd5, 0xd5, 0xd5, 0xd5, 0xd5, 0xd5, 0xd4, 0xd5, 0xd4, 0xd4, 0xd4, 0xd4, 0xd4,
  0xd4, 0xd3, 0xd4, 0xd3, 0xd3, 0xd3, 0xd3, 0xd3, 0xd3, 0xd3, 0xd3, 0xd2, 0xd3, 0xd2, 0xd2, 0xd2,
  0xd2, 0xd2, 0xd2, 0xd2, 0xd2, 0xd1, 0xd2, 0xd1, 0xd1, 0xd1, 0xd1, 0xd1, 0xd1, 0xd1, 0xd1, 0xd0,
  0xd1, 0xd0, 0xd0, 0xd0, 0xd0, 0xd0, 0xd0, 0xd0, 0xd0, 0xcf, 0xd0, 0xcf, 0xcf, 0xcf, 0xcf, 0xcf,
  0xcf, 0xcf, 0xcf, 0xce, 0xce, 0xce, 0xce, 0xce, 0xce, 0xce, 0xce, 0xcd, 0xce, 0xcd, 0xcd, 0xcd,
  0xcd, 0xcd, 0xcd, 0xcd, 0xcd, 0xcc, 0xcd, 0xcc, 0xcc, 0xcc, 0xcc, 0xcc, 0xcc, 0xcc, 0xcc, 0xcb,
  0x33, 0x32, 0x32, 0x32, 0x32, 0x32, 0x32, 0x32, 0x32, 0x31, 0x32, 0x31, 0x31, 0x31, 0x31, 0x31,
  0x31, 0x31, 0x31, 0x30, 0x31, 0x30, 0x30, 0x30, 0x30, 0x30, 0x30, 0x30, 0x30, 0x2f, 0x2f, 0x2f,
  0x2f, 0x2f, 0x2f, 0x2f, 0x2f, 0x2e, 0x2f, 0x2e, 0x2e, 0x2e, 0x2e, 0x2e, 0x2e, 0x2e, 0x2e, 0x2d,
  0x2e, 0x2d, 0x2d, 0x2d, 0x2d, 0x2d, 0x2d, 0x2d, 0x2d, 0x2c, 0x2d, 0x2c, 0x2c, 0x2c, 0x2c, 0x2c,
  0x2c, 0x2c, 0x2c, 0x2b, 0x2c, 0x2b, 0x2b, 0x2b, 0x2b, 0x2b, 0x2b, 0x2b, 0x2b, 0x2a, 0x2b, 0x2a,
  0x2a, 0x2a, 0x2a, 0x2a, 0x2a, 0x2a, 0x2a, 0x29, 0x29, 0x29, 0x29, 0x29, 0x29, 0x29, 0x29, 0x28,
  0x29, 0x28, 0x28, 0x28, 0x28, 0x28, 0x28, 0x28, 0x28, 0x27, 0x28, 0x27, 0x27, 0x27, 0x27, 0x27,
  0x27, 0x27, 0x27, 0x26, 0x27, 0x26, 0x26, 0x26, 0x26, 0x26, 0x26, 0x26, 0x26, 0x25, 0x26, 0x25,
  0x26, 0x26, 0x27, 0x28, 0x29, 0x29, 0x2a, 0x2a, 0x2b, 0x2c, 0x2d, 0x2d, 0x2e, 0x2f, 0x30, 0x30,
  0x31, 0x31, 0x32, 0x33, 0x34, 0x34, 0x35, 0x36, 0x37, 0x37, 0x38, 0x38, 0x39, 0x3a, 0x3b, 0x3b,
  0x3c, 0x3d, 0x3e, 0x3e, 0x3f, 0x3f, 0x40, 0x41, 0x42, 0x42, 0x43, 0x44, 0x45, 0x45, 0x46, 0x46,
  0x47, 0x48, 0x49, 0x49, 0x4a, 0x4b, 0x4c, 0x4c, 0x4d, 0x4d, 0x4e, 0x4f, 0x50, 0x50, 0x51, 0x52,
  0x53, 0x53, 0x54, 0x54, 0x55, 0x56, 0x57, 0x57, 0x58, 0x59, 0x5a, 0x5a, 0x5b, 0x5b, 0x5c, 0x5d,
  0x5e, 0x5e, 0x5f, 0x60, 0x61, 0x61, 0x62, 0x62, 0x63, 0x64, 0x65, 0x65, 0x66, 0x67, 0x68, 0x68,
  0x69, 0x69, 0x6a, 0x6b, 0x6c, 0x6c, 0x6d, 0x6e, 0x6f, 0x6f, 0x70, 0x70, 0x71, 0x72, 0x73, 0x73,
  0x74, 0x75, 0x76, 0x76, 0x77, 0x77, 0x78, 0x79, 0x7a, 0x7a, 0x7b, 0x7c, 0x7d, 0x7d, 0x7e, 0x7f,
  0x80, 0x80, 0x81, 0x81, 0x82, 0x82, 0x83, 0x83, 0x84, 0x85, 0x86, 0x86, 0x87, 0x87, 0x88, 0x88,
  0x89, 0x89, 0x8a, 0x8b, 0x8c, 0x8c, 0x8d, 0x8d, 0x8e, 0x8e, 0x8f, 0x8f, 0x90, 0x91, 0x92, 0x92,
  0x93, 0x93, 0x94, 0x94, 0x95, 0x95, 0x96, 0x97, 0x98, 0x98, 0x99, 0x99, 0x9a, 0x9a, 0x9b, 0x9b,
  0x9c, 0x9d, 0x9e, 0x9e, 0x9f, 0x9f, 0xa0, 0xa0, 0xa1, 0xa1, 0xa2, 0xa3, 0xa4, 0xa4, 0xa5, 0xa5,
  0xa6, 0xa6, 0xa7, 0xa7, 0xa8, 0xa9, 0xaa, 0xaa, 0xab, 0xab, 0xac, 0xac, 0xad, 0xad, 0xae, 0xaf,
  0xb0, 0xb0, 0xb1, 0xb1, 0xb2, 0xb2, 0xb3, 0xb3, 0xb4, 0xb5, 0xb6, 0xb6, 0xb7, 0xb7, 0xb8, 0xb8,
  0xb9, 0xb9, 0xba, 0xbb, 0xbc, 0xbc, 0xbd, 0xbd, 0xbe, 0xbe, 0xbf, 0xbf, 0xc0, 0xc1, 0xc2, 0xc2,
  0xc3, 0xc3, 0xc4, 0xc4, 0xc5, 0xc5, 0xc6, 0xc7, 0xc8, 0xc8, 0xc9, 0xc9, 0xca, 0xca, 0xcb, 0xcc,
  0xcc, 0xcc, 0xcd, 0xcc, 0xcd, 0xcd, 0xcd, 0xcd, 0xce, 0xce, 0xce, 0xce, 0xcf, 0xce, 0xcf, 0xcf,
  0xcf, 0xcf, 0xd0, 0xd0, 0xd0, 0xd0, 0xd1, 0xd0, 0xd1, 0xd1, 0xd1, 0xd1, 0xd2, 0xd2, 0xd2, 0xd2,
  0xd3, 0xd2, 0xd3, 0xd3, 0xd3, 0xd3, 0xd4, 0xd4, 0xd4, 0xd4, 0xd5, 0xd4, 0xd5, 0xd5, 0xd5, 0xd5,
  0xd6, 0xd5, 0xd6, 0xd6, 0xd6, 0xd6, 0xd7, 0xd7, 0xd7, 0xd7, 0xd8, 0xd7, 0xd8, 0xd8, 0xd8, 0xd8,
  0xd9, 0xd9, 0xd9, 0xd9, 0xda, 0xd9, 0xda, 0xda, 0xda, 0xda, 0xdb, 0xdb, 0xdb, 0xdb, 0xdc, 0xdb,
  0xdc, 0xdc, 0xdc, 0xdc, 0xdd, 0xdd, 0xdd, 0xdd, 0xdd, 0xdd, 0xde, 0xde, 0xde, 0xde, 0xdf, 0xde,
  0xdf, 0xdf, 0xdf, 0xdf, 0xe0, 0xe0, 0xe0, 0xe0, 0xe1, 0xe0, 0xe1, 0xe1, 0xe1, 0xe1, 0xe2, 0xe2,
  0xe2, 0xe2, 0xe3, 0xe2, 0xe3, 0xe3, 0xe3, 0xe3, 0xe4, 0xe4, 0xe4, 0xe4, 0xe5, 0xe4, 0xe5, 0xe5,
  0x19, 0x19, 0x1a, 0x19, 0x1a, 0x1a, 0x1a, 0x1a, 0x1b, 0x1b, 0x1b, 0x1b, 0x1c, 0x1b, 0x1c, 0x1c,
  0x1c, 0x1c, 0x1d, 0x1d, 0x1d, 0x1d, 0x1e, 0x1d, 0x1e, 0x1e, 0x1e, 0x1e, 0x1f, 0x1f, 0x1f, 0x1f,
  0x20, 0x1f, 0x20, 0x20, 0x20, 0x20, 0x21, 0x21, 0x21, 0x21, 0x22, 0x21, 0x22, 0x22, 0x22, 0x22,
  0x23, 0x22, 0x23, 0x23, 0x23, 0x23, 0x24, 0x24, 0x24, 0x24, 0x25, 0x24, 0x25, 0x25, 0x25, 0x25,
  0x26, 0x26, 0x26, 0x26, 0x27, 0x26, 0x27, 0x27, 0x27, 0x27, 0x28, 0x28, 0x28, 0x28, 0x29, 0x28,
  0x29, 0x29, 0x29, 0x29, 0x2a, 0x2a, 0x2a, 0x2a, 0x2a, 0x2a, 0x2b, 0x2b, 0x2b, 0x2b, 0x2c, 0x2b,
  0x2c, 0x2c, 0x2c, 0x2c, 0x2d, 0x2d, 0x2d, 0x2d, 0x2e, 0x2d, 0x2e, 0x2e, 0x2e, 0x2e, 0x2f, 0x2f,
  0x2f, 0x2f, 0x30, 0x2f, 0x30, 0x30, 0x30, 0x30, 0x31, 0x31, 0x31, 0x31, 0x32, 0x31, 0x32, 0x32,
  0x33, 0x33, 0x34, 0x34, 0x35, 0x35, 0x36, 0x36, 0x37, 0x38, 0x39, 0x39, 0x3a, 0x3a, 0x3b, 0x3b,
  0x3c, 0x3c, 0x3d, 0x3e, 0x3f, 0x3f, 0x40, 0x40, 0x41, 0x41, 0x42, 0x42, 0x43, 0x44, 0x45, 0x45,
  0x46, 0x46, 0x47, 0x47, 0x48, 0x48, 0x49, 0x4a, 0x4b, 0x4b, 0x4c, 0x4c, 0x4d, 0x4d, 0x4e, 0x4e,
  0x4f, 0x50, 0x51, 0x51, 0x52, 0x52, 0x53, 0x53, 0x54, 0x54, 0x55, 0x56, 0x57, 0x57, 0x58, 0x58,
  0x59, 0x59, 0x5a, 0x5a, 0x5b, 0x5c, 0x5d, 0x5d, 0x5e, 0x5e, 0x5f, 0x5f, 0x60, 0x60, 0x61, 0x62,
  0x63, 0x63, 0x64, 0x64, 0x65, 0x65, 0x66, 0x66, 0x67, 0x68, 0x69, 0x69, 0x6a, 0x6a, 0x6b, 0x6b,
  0x6c, 0x6c, 0x6d, 0x6e, 0x6f, 0x6f, 0x70, 0x70, 0x71, 0x71, 0x72, 0x72, 0x73, 0x74, 0x75, 0x75,
  0x76, 0x76, 0x77, 0x77, 0x78, 0x78, 0x79, 0x7a, 0x7b, 0x7b, 0x7c, 0x7c, 0x7d, 0x7d, 0x7e, 0x7f,
  0x80, 0x80, 0x81, 0x81, 0x82, 0x82, 0x83, 0x83, 0x84, 0x84, 0x85, 0x85, 0x86, 0x86, 0x87, 0x87,
  0x88, 0x88, 0x89, 0x89, 0x8a, 0x8a, 0x8b, 0x8b, 0x8c, 0x8c, 0x8d, 0x8d, 0x8e, 0x8e, 0x8f, 0x8f,
  0x90, 0x90, 0x91, 0x91, 0x92, 0x92, 0x93, 0x93, 0x94, 0x94, 0x95, 0x95, 0x96, 0x96, 0x97, 0x97,
  0x98, 0x98, 0x99, 0x99, 0x9a, 0x9a, 0x9b, 0x9b, 0x9c, 0x9c, 0x9d, 0x9d, 0x9e, 0x9e, 0x9f, 0x9f,
  0xa0, 0xa0, 0xa1, 0xa1, 0xa2, 0xa2, 0xa3, 0xa3, 0xa4, 0xa4, 0xa5, 0xa5, 0xa6, 0xa6, 0xa7, 0xa7,
  0xa8, 0xa8, 0xa9, 0xa9, 0xaa, 0xaa, 0xab, 0xab, 0xac, 0xac, 0xad, 0xad, 0xae, 0xae, 0xaf, 0xaf,
  0xb0, 0xb0, 0xb1, 0xb1, 0xb2, 0xb2, 0xb3, 0xb3, 0xb4, 0xb4, 0xb5, 0xb5, 0xb6, 0xb6, 0xb7, 0xb7,
  0xb8, 0xb8, 0xb9, 0xb9, 0xba, 0xba, 0xbb, 0xbb, 0xbc, 0xbc, 0xbd, 0xbd, 0xbe, 0xbe, 0xbf, 0xbf,
  0xc0, 0xc0, 0xc1, 0xc1, 0xc2, 0xc2, 0xc3, 0xc3, 0xc4, 0xc4, 0xc5, 0xc5, 0xc6, 0xc6, 0xc7, 0xc7,
  0xc8, 0xc8, 0xc9, 0xc9, 0xca, 0xca, 0xcb, 0xcb, 0xcc, 0xcc, 0xcd, 0xcd, 0xce, 0xce, 0xcf, 0xcf,
  0xd0, 0xd0, 0xd1, 0xd1, 0xd2, 0xd2, 0xd3, 0xd3, 0xd4, 0xd4, 0xd5, 0xd5, 0xd6, 0xd6, 0xd7, 0xd7,
  0xd8, 0xd8, 0xd9, 0xd9, 0xda, 0xda, 0xdb, 0xdb, 0xdc, 0xdc, 0xdd, 0xdd, 0xde, 0xde, 0xdf, 0xdf,
  0xe0, 0xe0, 0xe1, 0xe1, 0xe2, 0xe2, 0xe3, 0xe3, 0xe4, 0xe4, 0xe5, 0xe5, 0xe6, 0xe6, 0xe7, 0xe7,
  0xe8, 0xe8, 0xe9, 0xe9, 0xea, 0xea, 0xeb, 0xeb, 0xec, 0xec, 0xed, 0xed, 0xee, 0xee, 0xef, 0xef,
  0xf0, 0xf0, 0xf1, 0xf1, 0xf2, 0xf2, 0xf3, 0xf3, 0xf4, 0xf4, 0xf5, 0xf5, 0xf6, 0xf6, 0xf7, 0xf7,
  0xf8, 0xf8, 0xf9, 0xf9, 0xfa, 0xfa, 0xfb, 0xfb, 0xfc, 0xfc, 0xfd, 0xfd, 0xfe, 0xfe, 0xff, 0xff,
  0x00, 0x00, 0x01, 0x01, 0x02, 0x02, 0x03, 0x03, 0x04, 0x04, 0x05, 0x05, 0x06, 0x06, 0x07, 0x07,
  0x08, 0x08, 0x09, 0x09, 0x0a, 0x0a, 0x0b, 0x0b, 0x0c, 0x0c, 0x0d, 0x0d, 0x0e, 0x0e, 0x0f, 0x0f,
  0x10, 0x10, 0x11, 0x11, 0x12, 0x12, 0x13, 0x13, 0x14, 0x14, 0x15, 0x15, 0x16, 0x16, 0x17, 0x17,
  0x18, 0x18, 0x19, 0x19, 0x1a, 0x1a, 0x1b, 0x1b, 0x1c, 0x1c, 0x1d, 0x1d, 0x1e, 0x1e, 0x1f, 0x1f,
  0x20, 0x20, 0x21, 0x21, 0x22, 0x22, 0x23, 0x23, 0x24, 0x24, 0x25, 0x25, 0x26, 0x26, 0x27, 0x27,
  0x28, 0x28, 0x29, 0x29, 0x2a, 0x2a, 0x2b, 0x2b, 0x2c, 0x2c, 0x2d, 0x2d, 0x2e, 0x2e, 0x2f, 0x2f,
  0x30, 0x30, 0x31, 0x31, 0x32, 0x32, 0x33, 0x33, 0x34, 0x34, 0x35, 0x35, 0x36, 0x36, 0x37, 0x37,
  0x38, 0x38, 0x39, 0x39, 0x3a, 0x3a, 0x3b, 0x3b, 0x3c, 0x3c, 0x3d, 0x3d, 0x3e, 0x3e, 0x3f, 0x3f,
  0x40, 0x40, 0x41, 0x41, 0x42, 0x42, 0x43, 0x43, 0x44, 0x44, 0x45, 0x45, 0x46, 0x46, 0x47, 0x47,
  0x48, 0x48, 0x49, 0x49, 0x4a, 0x4a, 0x4b, 0x4b, 0x4c, 0x4c, 0x4d, 0x4d, 0x4e, 0x4e, 0x4f, 0x4f,
  0x50, 0x50, 0x51, 0x51, 0x52, 0x52, 0x53, 0x53, 0x54, 0x54, 0x55, 0x55, 0x56, 0x56, 0x57, 0x57,
  0x58, 0x58, 0x59, 0x59, 0x5a, 0x5a, 0x5b, 0x5b, 0x5c, 0x5c, 0x5d, 0x5d, 0x5e, 0x5e, 0x5f, 0x5f,
  0x60, 0x60, 0x61, 0x61, 0x62, 0x62, 0x63, 0x63, 0x64, 0x64, 0x65, 0x65, 0x66, 0x66, 0x67, 0x67,
  0x68, 0x68, 0x69, 0x69, 0x6a, 0x6a, 0x6b, 0x6b, 0x6c, 0x6c, 0x6d, 0x6d, 0x6e, 0x6e, 0x6f, 0x6f,
  0x70, 0x70, 0x71, 0x71, 0x72, 0x72, 0x73, 0x73, 0x74, 0x74, 0x75, 0x75, 0x76, 0x76, 0x77, 0x77,
  0x78, 0x78, 0x79, 0x79, 0x7a, 0x7a, 0x7b, 0x7b, 0x7c, 0x7c, 0x7d, 0x7d, 0x7e, 0x7e, 0x7f, 0x7f,
  0x80, 0x99, 0x9a, 0x9a, 0x9a, 0x9a, 0x9b, 0x9b, 0x9c, 0x9c, 0x9d, 0x9d, 0x9e, 0x9e, 0x9e, 0x9e,
  0x9f, 0x9f, 0xa0, 0xa0, 0xa1, 0xa1, 0xa2, 0xa2, 0xa2, 0xa2, 0xa3, 0xa3, 0xa4, 0xa4, 0xa5, 0xa5,
  0xa6, 0xa6, 0xa6, 0xa6, 0xa7, 0xa7, 0xa8, 0xa8, 0xa9, 0xa9, 0xaa, 0xaa, 0xaa, 0xaa, 0xab, 0xab,
  0xac, 0xac, 0xad, 0xad, 0xae, 0xae, 0xae, 0xae, 0xaf, 0xaf, 0xb0, 0xb0, 0xb1, 0xb1, 0xb2, 0xb2,
  0xb2, 0xb2, 0xb3, 0xb3, 0xb4, 0xb4, 0xb5, 0xb5, 0xb6, 0xb6, 0xb6, 0xb6, 0xb7, 0xb7, 0xb8, 0xb8,
  0xb9, 0xb9, 0xba, 0xba, 0xba, 0xba, 0xbb, 0xbb, 0xbc, 0xbc, 0xbd, 0xbd, 0xbe, 0xbe, 0xbe, 0xbe,
  0xbf, 0xbf, 0xc0, 0xc0, 0xc1, 0xc1, 0xc2, 0xc2, 0xc2, 0xc2, 0xc3, 0xc3, 0xc4, 0xc4, 0xc5, 0xc5,
  0xc6, 0xc6, 0xc6, 0xc6, 0xc7, 0xc7, 0xc8, 0xc8, 0xc9, 0xc9, 0xca, 0xca, 0xca, 0xca, 0xcb, 0xcb,
  0xcc, 0xcc, 0xcd, 0xcd, 0xce, 0xce, 0xce, 0xce, 0xcf, 0xcf, 0xd0, 0xd0, 0xd1, 0xd1, 0xd2, 0xd2,
  0xd2, 0xd2, 0xd3, 0xd3, 0xd4, 0xd4, 0xd5, 0xd5, 0xd6, 0xd6, 0xd6, 0xd6, 0xd7, 0xd7, 0xd8, 0xd8,
  0xd9, 0xd9, 0xda, 0xda, 0xda, 0xda, 0xdb, 0xdb, 0xdc, 0xdc, 0xdd, 0xdd, 0xde, 0xde, 0xde, 0xde,
  0xdf, 0xdf, 0xe0, 0xe0, 0xe1, 0xe1, 0xe2, 0xe2, 0xe2, 0xe2, 0xe3, 0xe3, 0xe4, 0xe4, 0xe5, 0xe5,
  0xe6, 0xe6, 0xe6, 0xe6, 0xe7, 0xe7, 0xe8, 0xe8, 0xe9, 0xe9, 0xea, 0xea, 0xea, 0xea, 0xeb, 0xeb,
  0xec, 0xec, 0xed, 0xed, 0xee, 0xee, 0xee, 0xee, 0xef, 0xef, 0xf0, 0xf0, 0xf1, 0xf1, 0xf2, 0xf2,
  0xf2, 0xf2, 0xf3, 0xf3, 0xf4, 0xf4, 0xf5, 0xf5, 0xf6, 0xf6, 0xf6, 0xf6, 0xf7, 0xf7, 0xf8, 0xf8,
  0xf9, 0xf9, 0xfa, 0xfa, 0xfa, 0xfa, 0xfb, 0xfb, 0xfc, 0xfc, 0xfd, 0xfd, 0xfe, 0xfe, 0xff, 0xff,
  0x00, 0x00, 0x00, 0x00, 0x01, 0x01, 0x02, 0x02, 0x03, 0x03, 0x04, 0x04, 0x04, 0x04, 0x05, 0x05,
  0x06, 0x06, 0x07, 0x07, 0x08, 0x08, 0x08, 0x08, 0x09, 0x09, 0x0a, 0x0a, 0x0b, 0x0b, 0x0c, 0x0c,
  0x0c, 0x0c, 0x0d, 0x0d, 0x0e, 0x0e, 0x0f, 0x0f, 0x10, 0x10, 0x10, 0x10, 0x11, 0x11, 0x12, 0x12,
  0x13, 0x13, 0x14, 0x14, 0x14, 0x14, 0x15, 0x15, 0x16, 0x16, 0x17, 0x17, 0x18, 0x18, 0x18, 0x18,
  0x19, 0x19, 0x1a, 0x1a, 0x1b, 0x1b, 0x1c, 0x1c, 0x1c, 0x1c, 0x1d, 0x1d, 0x1e, 0x1e, 0x1f, 0x1f,
  0x20, 0x20, 0x20, 0x20, 0x21, 0x21, 0x22, 0x22, 0x23, 0x23, 0x24, 0x24, 0x24, 0x24, 0x25, 0x25,
  0x26, 0x26, 0x27, 0x27, 0x28, 0x28, 0x28, 0x28, 0x29, 0x29, 0x2a, 0x2a, 0x2b, 0x2b, 0x2c, 0x2c,
  0x2c, 0x2c, 0x2d, 0x2d, 0x2e, 0x2e, 0x2f, 0x2f, 0x30, 0x30, 0x30, 0x30, 0x31, 0x31, 0x32, 0x32,
  0x33, 0x33, 0x34, 0x34, 0x34, 0x34, 0x35, 0x35, 0x36, 0x36, 0x37, 0x37, 0x38, 0x38, 0x38, 0x38,
  0x39, 0x39, 0x3a, 0x3a, 0x3b, 0x3b, 0x3c, 0x3c, 0x3c, 0x3c, 0x3d, 0x3d, 0x3e, 0x3e, 0x3f, 0x3f,
  0x40, 0x40, 0x40, 0x40, 0x41, 0x41, 0x42, 0x42, 0x43, 0x43, 0x44, 0x44, 0x44, 0x44, 0x45, 0x45,
  0x46, 0x46, 0x47, 0x47, 0x48, 0x48, 0x48, 0x48, 0x49, 0x49, 0x4a, 0x4a, 0x4b, 0x4b, 0x4c, 0x4c,
  0x4c, 0x4c, 0x4d, 0x4d, 0x4e, 0x4e, 0x4f, 0x4f, 0x50, 0x50, 0x50, 0x50, 0x51, 0x51, 0x52, 0x52,
  0x53, 0x53, 0x54, 0x54, 0x54, 0x54, 0x55, 0x55, 0x56, 0x56, 0x57, 0x57, 0x58, 0x58, 0x58, 0x58,
  0x59, 0x59, 0x5a, 0x5a, 0x5b, 0x5b, 0x5c, 0x5c, 0x5c, 0x5c, 0x5d, 0x5d, 0x5e, 0x5e, 0x5f, 0x5f,
  0x60, 0x60, 0x60, 0x60, 0x61, 0x61, 0x62, 0x62, 0x63, 0x63, 0x64, 0x64, 0x64, 0x64, 0x65, 0x65,
  0x80, 0xb2, 0xb3, 0xb3, 0xb3, 0xb3, 0xb4, 0xb4, 0xb5, 0xb5, 0xb5, 0xb5, 0xb6, 0xb6, 0xb6, 0xb6,
  0xb7, 0xb7, 0xb8, 0xb8, 0xb8, 0xb8, 0xb9, 0xb9, 0xb9, 0xb9, 0xba, 0xba, 0xbb, 0xbb, 0xbb, 0xbb,
  0xbc, 0xbc, 0xbc, 0xbc, 0xbd, 0xbd, 0xbe, 0xbe, 0xbe, 0xbe, 0xbf, 0xbf, 0xbf, 0xbf, 0xc0, 0xc0,
  0xc1, 0xc1, 0xc1, 0xc1, 0xc2, 0xc2, 0xc2, 0xc2, 0xc3, 0xc3, 0xc4, 0xc4, 0xc4, 0xc4, 0xc5, 0xc5,
  0xc5, 0xc5, 0xc6, 0xc6, 0xc7, 0xc7, 0xc7, 0xc7, 0xc8, 0xc8, 0xc8, 0xc8, 0xc9, 0xc9, 0xca, 0xca,
  0xca, 0xca, 0xcb, 0xcb, 0xcb, 0xcb, 0xcc, 0xcc, 0xcd, 0xcd, 0xcd, 0xcd, 0xce, 0xce, 0xce, 0xce,
  0xcf, 0xcf, 0xd0, 0xd0, 0xd0, 0xd0, 0xd1, 0xd1, 0xd1, 0xd1, 0xd2, 0xd2, 0xd3, 0xd3, 0xd3, 0xd3,
  0xd4, 0xd4, 0xd4, 0xd4, 0xd5, 0xd5, 0xd6, 0xd6, 0xd6, 0xd6, 0xd7, 0xd7, 0xd7, 0xd7, 0xd8, 0xd8,
  0xd9, 0xd9, 0xd9, 0xd9, 0xda, 0xda, 0xda, 0xda, 0xdb, 0xdb, 0xdc, 0xdc, 0xdc, 0xdc, 0xdd, 0xdd,
  0xdd, 0xdd, 0xde, 0xde, 0xdf, 0xdf, 0xdf, 0xdf, 0xe0, 0xe0, 0xe0, 0xe0, 0xe1, 0xe1, 0xe2, 0xe2,
  0xe2, 0xe2, 0xe3, 0xe3, 0xe3, 0xe3, 0xe4, 0xe4, 0xe5, 0xe5, 0xe5, 0xe5, 0xe6, 0xe6, 0xe6, 0xe6,
  0xe7, 0xe7, 0xe8, 0xe8, 0xe8, 0xe8, 0xe9, 0xe9, 0xe9, 0xe9, 0xea, 0xea, 0xeb, 0xeb, 0xeb, 0xeb,
  0xec, 0xec, 0xec, 0xec, 0xed, 0xed, 0xee, 0xee, 0xee, 0xee, 0xef, 0xef, 0xef, 0xef, 0xf0, 0xf0,
  0xf1, 0xf1, 0xf1, 0xf1, 0xf2, 0xf2, 0xf2, 0xf2, 0xf3, 0xf3, 0xf4, 0xf4, 0xf4, 0xf4, 0xf5, 0xf5,
  0xf5, 0xf5, 0xf6, 0xf6, 0xf7, 0xf7, 0xf7, 0xf7, 0xf8, 0xf8, 0xf8, 0xf8, 0xf9, 0xf9, 0xfa, 0xfa,
  0xfa, 0xfa, 0xfb, 0xfb, 0xfb, 0xfb, 0xfc, 0xfc, 0xfd, 0xfd, 0xfd, 0xfd, 0xfe, 0xfe, 0xff, 0xff,
  0x00, 0x00, 0x00, 0x00, 0x01, 0x01, 0x01, 0x01, 0x02, 0x02, 0x03, 0x03, 0x03, 0x03, 0x04, 0x04,
  0x04, 0x04, 0x05, 0x05, 0x06, 0x06, 0x06, 0x06, 0x07, 0x07, 0x07, 0x07, 0x08, 0x08, 0x09, 0x09,
  0x09, 0x09, 0x0a, 0x0a, 0x0a, 0x0a, 0x0b, 0x0b, 0x0c, 0x0c, 0x0c, 0x0c, 0x0d, 0x0d, 0x0d, 0x0d,
  0x0e, 0x0e, 0x0f, 0x0f, 0x0f, 0x0f, 0x10, 0x10, 0x10, 0x10, 0x11, 0x11, 0x12, 0x12, 0x12, 0x12,
  0x13, 0x13, 0x13, 0x13, 0x14, 0x14, 0x15, 0x15, 0x15, 0x15, 0x16, 0x16, 0x16, 0x16, 0x17, 0x17,
  0x18, 0x18, 0x18, 0x18, 0x19, 0x19, 0x19, 0x19, 0x1a, 0x1a, 0x1b, 0x1b, 0x1b, 0x1b, 0x1c, 0x1c,
  0x1c, 0x1c, 0x1d, 0x1d, 0x1e, 0x1e, 0x1e, 0x1e, 0x1f, 0x1f, 0x1f, 0x1f, 0x20, 0x20, 0x21, 0x21,
  0x21, 0x21, 0x22, 0x22, 0x22, 0x22, 0x23, 0x23, 0x24, 0x24, 0x24, 0x24, 0x25, 0x25, 0x25, 0x25,
  0x26, 0x26, 0x27, 0x27, 0x27, 0x27, 0x28, 0x28, 0x28, 0x28, 0x29, 0x29, 0x2a, 0x2a, 0x2a, 0x2a,
  0x2b, 0x2b, 0x2b, 0x2b, 0x2c, 0x2c, 0x2d, 0x2d, 0x2d, 0x2d, 0x2e, 0x2e, 0x2e, 0x2e, 0x2f, 0x2f,
  0x30, 0x30, 0x30, 0x30, 0x31, 0x31, 0x31, 0x31, 0x32, 0x32, 0x33, 0x33, 0x33, 0x33, 0x34, 0x34,
  0x34, 0x34, 0x35, 0x35, 0x36, 0x36, 0x36, 0x36, 0x37, 0x37, 0x37, 0x37, 0x38, 0x38, 0x39, 0x39,
  0x39, 0x39, 0x3a, 0x3a, 0x3a, 0x3a, 0x3b, 0x3b, 0x3c, 0x3c, 0x3c, 0x3c, 0x3d, 0x3d, 0x3d, 0x3d,
  0x3e, 0x3e, 0x3f, 0x3f, 0x3f, 0x3f, 0x40, 0x40, 0x40, 0x40, 0x41, 0x41, 0x42, 0x42, 0x42, 0x42,
  0x43, 0x43, 0x43, 0x43, 0x44, 0x44, 0x45, 0x45, 0x45, 0x45, 0x46, 0x46, 0x46, 0x46, 0x47, 0x47,
  0x48, 0x48, 0x48, 0x48, 0x49, 0x49, 0x49, 0x49, 0x4a, 0x4a, 0x4b, 0x4b, 0x4b, 0x4b, 0x4c, 0x4c,
  0x80, 0xcb, 0xcc, 0xcc, 0xcc, 0xcc, 0xcd, 0xcd, 0xcd, 0xcd, 0xcd, 0xcd, 0xce, 0xce, 0xce, 0xce,
  0xcf, 0xcf, 0xcf, 0xcf, 0xcf, 0xcf, 0xd0, 0xd0, 0xd0, 0xd0, 0xd1, 0xd1, 0xd1, 0xd1, 0xd1, 0xd1,
  0xd2, 0xd2, 0xd2, 0xd2, 0xd3, 0xd3, 0xd3, 0xd3, 0xd3, 0xd3, 0xd4, 0xd4, 0xd4, 0xd4, 0xd5, 0xd5,
  0xd5, 0xd5, 0xd5, 0xd5, 0xd6, 0xd6, 0xd6, 0xd6, 0xd7, 0xd7, 0xd7, 0xd7, 0xd7, 0xd7, 0xd8, 0xd8,
  0xd8, 0xd8, 0xd9, 0xd9, 0xd9, 0xd9, 0xd9, 0xd9, 0xda, 0xda, 0xda, 0xda, 0xdb, 0xdb, 0xdb, 0xdb,
  0xdb, 0xdb, 0xdc, 0xdc, 0xdc, 0xdc, 0xdd, 0xdd, 0xdd, 0xdd, 0xde, 0xde, 0xde, 0xde, 0xde, 0xde,
  0xdf, 0xdf, 0xdf, 0xdf, 0xe0, 0xe0, 0xe0, 0xe0, 0xe0, 0xe0, 0xe1, 0xe1, 0xe1, 0xe1, 0xe2, 0xe2,
  0xe2, 0xe2, 0xe2, 0xe2, 0xe3, 0xe3, 0xe3, 0xe3, 0xe4, 0xe4, 0xe4, 0xe4, 0xe4, 0xe4, 0xe5, 0xe5,
  0xe5, 0xe5, 0xe6, 0xe6, 0xe6, 0xe6, 0xe6, 0xe6, 0xe7, 0xe7, 0xe7, 0xe7, 0xe8, 0xe8, 0xe8, 0xe8,
  0xe8, 0xe8, 0xe9, 0xe9, 0xe9, 0xe9, 0xea, 0xea, 0xea, 0xea, 0xea, 0xea, 0xeb, 0xeb, 0xeb, 0xeb,
  0xec, 0xec, 0xec, 0xec, 0xec, 0xec, 0xed, 0xed, 0xed, 0xed, 0xee, 0xee, 0xee, 0xee, 0xee, 0xee,
  0xef, 0xef, 0xef, 0xef, 0xf0, 0xf0, 0xf0, 0xf0, 0xf0, 0xf0, 0xf1, 0xf1, 0xf1, 0xf1, 0xf2, 0xf2,
  0xf2, 0xf2, 0xf2, 0xf2, 0xf3, 0xf3, 0xf3, 0xf3, 0xf4, 0xf4, 0xf4, 0xf4, 0xf4, 0xf4, 0xf5, 0xf5,
  0xf5, 0xf5, 0xf6, 0xf6, 0xf6, 0xf6, 0xf6, 0xf6, 0xf7, 0xf7, 0xf7, 0xf7, 0xf8, 0xf8, 0xf8, 0xf8,
  0xf8, 0xf8, 0xf9, 0xf9, 0xf9, 0xf9, 0xfa, 0xfa, 0xfa, 0xfa, 0xfa, 0xfa, 0xfb, 0xfb, 0xfb, 0xfb,
  0xfc, 0xfc, 0xfc, 0xfc, 0xfc, 0xfc, 0xfd, 0xfd, 0xfd, 0xfd, 0xfe, 0xfe, 0xfe, 0xfe, 0xff, 0xff,
  0x00, 0x00, 0x00, 0x00, 0x00, 0x00, 0x01, 0x01, 0x01, 0x01, 0x02, 0x02, 0x02, 0x02, 0x02, 0x02,
  0x03, 0x03, 0x03, 0x03, 0x04, 0x04, 0x04, 0x04, 0x04, 0x04, 0x05, 0x05, 0x05, 0x05, 0x06, 0x06,
  0x06, 0x06, 0x06, 0x06, 0x07, 0x07, 0x07, 0x07, 0x08, 0x08, 0x08, 0x08, 0x08, 0x08, 0x09, 0x09,
  0x09, 0x09, 0x0a, 0x0a, 0x0a, 0x0a, 0x0a, 0x0a, 0x0b, 0x0b, 0x0b, 0x0b, 0x0c, 0x0c, 0x0c, 0x0c,
  0x0c, 0x0c, 0x0d, 0x0d, 0x0d, 0x0d, 0x0e, 0x0e, 0x0e, 0x0e, 0x0e, 0x0e, 0x0f, 0x0f, 0x0f, 0x0f,
  0x10, 0x10, 0x10, 0x10, 0x10, 0x10, 0x11, 0x11, 0x11, 0x11, 0x12, 0x12, 0x12, 0x12, 0x12, 0x12,
  0x13, 0x13, 0x13, 0x13, 0x14, 0x14, 0x14, 0x14, 0x14, 0x14, 0x15, 0x15, 0x15, 0x15, 0x16, 0x16,
  0x16, 0x16, 0x16, 0x16, 0x17, 0x17, 0x17, 0x17, 0x18, 0x18, 0x18, 0x18, 0x18, 0x18, 0x19, 0x19,
  0x19, 0x19, 0x1a, 0x1a, 0x1a, 0x1a, 0x1a, 0x1a, 0x1b, 0x1b, 0x1b, 0x1b, 0x1c, 0x1c, 0x1c, 0x1c,
  0x1c, 0x1c, 0x1d, 0x1d, 0x1d, 0x1d, 0x1e, 0x1e, 0x1e, 0x1e, 0x1e, 0x1e, 0x1f, 0x1f, 0x1f, 0x1f,
  0x20, 0x20, 0x20, 0x20, 0x20, 0x20, 0x21, 0x21, 0x21, 0x21, 0x22, 0x22, 0x22, 0x22, 0x23, 0x23,
  0x23, 0x23, 0x23, 0x23, 0x24, 0x24, 0x24, 0x24, 0x25, 0x25, 0x25, 0x25, 0x25, 0x25, 0x26, 0x26,
  0x26, 0x26, 0x27, 0x27, 0x27, 0x27, 0x27, 0x27, 0x28, 0x28, 0x28, 0x28, 0x29, 0x29, 0x29, 0x29,
  0x29, 0x29, 0x2a, 0x2a, 0x2a, 0x2a, 0x2b, 0x2b, 0x2b, 0x2b, 0x2b, 0x2b, 0x2c, 0x2c, 0x2c, 0x2c,
  0x2d, 0x2d, 0x2d, 0x2d, 0x2d, 0x2d, 0x2e, 0x2e, 0x2e, 0x2e, 0x2f, 0x2f, 0x2f, 0x2f, 0x2f, 0x2f,
  0x30, 0x30, 0x30, 0x30, 0x31, 0x31, 0x31, 0x31, 0x31, 0x31, 0x32, 0x32, 0x32, 0x32, 0x33, 0x33,
  0x80, 0xe5, 0xe5, 0xe5, 0xe5, 0xe5, 0xe5, 0xe5, 0xe6, 0xe6, 0xe6, 0xe6, 0xe6, 0xe6, 0xe6, 0xe6,
  0xe6, 0xe6, 0xe7, 0xe7, 0xe7, 0xe7, 0xe7, 0xe7, 0xe7, 0xe7, 0xe7, 0xe7, 0xe8, 0xe8, 0xe8, 0xe8,
  0xe8, 0xe8, 0xe8, 0xe8, 0xe8, 0xe8, 0xe9, 0xe9, 0xe9, 0xe9, 0xe9, 0xe9, 0xe9, 0xe9, 0xe9, 0xe9,
  0xea, 0xea, 0xea, 0xea, 0xea, 0xea, 0xea, 0xea, 0xea, 0xea, 0xeb, 0xeb, 0xeb, 0xeb, 0xeb, 0xeb,
  0xeb, 0xeb, 0xeb, 0xeb, 0xec, 0xec, 0xec, 0xec, 0xec, 0xec, 0xec, 0xec, 0xec, 0xec, 0xed, 0xed,
  0xed, 0xed, 0xed, 0xed, 0xed, 0xed, 0xed, 0xed, 0xee, 0xee, 0xee, 0xee, 0xee, 0xee, 0xee, 0xee,
  0xee, 0xee, 0xef, 0xef, 0xef, 0xef, 0xef, 0xef, 0xef, 0xef, 0xef, 0xef, 0xf0, 0xf0, 0xf0, 0xf0,
  0xf0, 0xf0, 0xf0, 0xf0, 0xf0, 0xf0, 0xf1, 0xf1, 0xf1, 0xf1, 0xf1, 0xf1, 0xf1, 0xf1, 0xf2, 0xf2,
  0xf2, 0xf2, 0xf2, 0xf2, 0xf2, 0xf2, 0xf2, 0xf2, 0xf3, 0xf3, 0xf3, 0xf3, 0xf3, 0xf3, 0xf3, 0xf3,
  0xf3, 0xf3, 0xf4, 0xf4, 0xf4, 0xf4, 0xf4, 0xf4, 0xf4, 0xf4, 0xf4, 0xf4, 0xf5, 0xf5, 0xf5, 0xf5,
  0xf5, 0xf5, 0xf5, 0xf5, 0xf5, 0xf5, 0xf6, 0xf6, 0xf6, 0xf6, 0xf6, 0xf6, 0xf6, 0xf6, 0xf6, 0xf6,
  0xf7, 0xf7, 0xf7, 0xf7, 0xf7, 0xf7, 0xf7, 0xf7, 0xf7, 0xf7, 0xf8, 0xf8, 0xf8, 0xf8, 0xf8, 0xf8,
  0xf8, 0xf8, 0xf8, 0xf8, 0xf9, 0xf9, 0xf9, 0xf9, 0xf9, 0xf9, 0xf9, 0xf9, 0xf9, 0xf9, 0xfa, 0xfa,
  0xfa, 0xfa, 0xfa, 0xfa, 0xfa, 0xfa, 0xfa, 0xfa, 0xfb, 0xfb, 0xfb, 0xfb, 0xfb, 0xfb, 0xfb, 0xfb,
  0xfb, 0xfb, 0xfc, 0xfc, 0xfc, 0xfc, 0xfc, 0xfc, 0xfc, 0xfc, 0xfc, 0xfc, 0xfd, 0xfd, 0xfd, 0xfd,
  0xfd, 0xfd, 0xfd, 0xfd, 0xfd, 0xfd, 0xfe, 0xfe, 0xfe, 0xfe, 0xfe, 0xfe, 0xfe, 0xfe, 0xff, 0xff,
  0x00, 0x00, 0x00, 0x00, 0x00, 0x00, 0x00, 0x00, 0x00, 0x00, 0x01, 0x01, 0x01, 0x01, 0x01, 0x01,
  0x01, 0x01, 0x01, 0x01, 0x02, 0x02, 0x02, 0x02, 0x02, 0x02, 0x02, 0x02, 0x02, 0x02, 0x03, 0x03,
  0x03, 0x03, 0x03, 0x03, 0x03, 0x03, 0x03, 0x03, 0x04, 0x04, 0x04, 0x04, 0x04, 0x04, 0x04, 0x04,
  0x04, 0x04, 0x05, 0x05, 0x05, 0x05, 0x05, 0x05, 0x05, 0x05, 0x05, 0x05, 0x06, 0x06, 0x06, 0x06,
  0x06, 0x06, 0x06, 0x06, 0x06, 0x06, 0x07, 0x07, 0x07, 0x07, 0x07, 0x07, 0x07, 0x07, 0x07, 0x07,
  0x08, 0x08, 0x08, 0x08, 0x08, 0x08, 0x08, 0x08, 0x08, 0x08, 0x09, 0x09, 0x09, 0x09, 0x09, 0x09,
  0x09, 0x09, 0x09, 0x09, 0x0a, 0x0a, 0x0a, 0x0a, 0x0a, 0x0a, 0x0a, 0x0a, 0x0a, 0x0a, 0x0b, 0x0b,
  0x0b, 0x0b, 0x0b, 0x0b, 0x0b, 0x0b, 0x0b, 0x0b, 0x0c, 0x0c, 0x0c, 0x0c, 0x0c, 0x0c, 0x0c, 0x0c,
  0x0d, 0x0d, 0x0d, 0x0d, 0x0d, 0x0d, 0x0d, 0x0d, 0x0d, 0x0d, 0x0e, 0x0e, 0x0e, 0x0e, 0x0e, 0x0e,
  0x0e, 0x0e, 0x0e, 0x0e, 0x0f, 0x0f, 0x0f, 0x0f, 0x0f, 0x0f, 0x0f, 0x0f, 0x0f, 0x0f, 0x10, 0x10,
  0x10, 0x10, 0x10, 0x10, 0x10, 0x10, 0x10, 0x10, 0x11, 0x11, 0x11, 0x11, 0x11, 0x11, 0x11, 0x11,
  0x11, 0x11, 0x12, 0x12, 0x12, 0x12, 0x12, 0x12, 0x12, 0x12, 0x12, 0x12, 0x13, 0x13, 0x13, 0x13,
  0x13, 0x13, 0x13, 0x13, 0x13, 0x13, 0x14, 0x14, 0x14, 0x14, 0x14, 0x14, 0x14, 0x14, 0x14, 0x14,
  0x15, 0x15, 0x15, 0x15, 0x15, 0x15, 0x15, 0x15, 0x15, 0x15, 0x16, 0x16, 0x16, 0x16, 0x16, 0x16,
  0x16, 0x16, 0x16, 0x16, 0x17, 0x17, 0x17, 0x17, 0x17, 0x17, 0x17, 0x17, 0x17, 0x17, 0x18, 0x18,
  0x18, 0x18, 0x18, 0x18, 0x18, 0x18, 0x18, 0x18, 0x19, 0x19, 0x19, 0x19, 0x19, 0x19, 0x19, 0x19,
  0x80, 0xff, 0xff, 0xff, 0xff, 0xff, 0xff, 0xff, 0xff, 0xff, 0xff, 0xff, 0xff, 0xff, 0xff, 0xff,
  0xff, 0xff, 0xff, 0xff, 0xff, 0xff, 0xff, 0xff, 0xff, 0xff, 0xff, 0xff, 0xff, 0xff, 0xff, 0xff,
  0xff, 0xff, 0xff, 0xff, 0xff, 0xff, 0xff, 0xff, 0xff, 0xff, 0xff, 0xff, 0xff, 0xff, 0xff, 0xff,
  0xff, 0xff, 0xff, 0xff, 0xff, 0xff, 0xff, 0xff, 0xff, 0xff, 0xff, 0xff, 0xff, 0xff, 0xff, 0xff,
  0xff, 0xff, 0xff, 0xff, 0xff, 0xff, 0xff, 0xff, 0xff, 0xff, 0xff, 0xff, 0xff, 0xff, 0xff, 0xff,
  0xff, 0xff, 0xff, 0xff, 0xff, 0xff, 0xff, 0xff, 0xff, 0xff, 0xff, 0xff, 0xff, 0xff, 0xff, 0xff,
  0xff, 0xff, 0xff, 0xff, 0xff, 0xff, 0xff, 0xff, 0xff, 0xff, 0xff, 0xff, 0xff, 0xff, 0xff, 0xff,
  0xff, 0xff, 0xff, 0xff, 0xff, 0xff, 0xff, 0xff, 0xff, 0xff, 0xff, 0xff, 0xff, 0xff, 0xff, 0xff,
  0xff, 0xff, 0xff, 0xff, 0xff, 0xff, 0xff, 0xff, 0xff, 0xff, 0xff, 0xff, 0xff, 0xff, 0xff, 0xff,
  0xff, 0xff, 0xff, 0xff, 0xff, 0xff, 0xff, 0xff, 0xff, 0xff, 0xff, 0xff, 0xff, 0xff, 0xff, 0xff,
  0xff, 0xff, 0xff, 0xff, 0xff, 0xff, 0xff, 0xff, 0xff, 0xff, 0xff, 0xff, 0xff, 0xff, 0xff, 0xff,
  0xff, 0xff, 0xff, 0xff, 0xff, 0xff, 0xff, 0xff, 0xff, 0xff, 0xff, 0xff, 0xff, 0xff, 0xff, 0xff,
  0xff, 0xff, 0xff, 0xff, 0xff, 0xff, 0xff, 0xff, 0xff, 0xff, 0xff, 0xff, 0xff, 0xff, 0xff, 0xff,
  0xff, 0xff, 0xff, 0xff, 0xff, 0xff, 0xff, 0xff, 0xff, 0xff, 0xff, 0xff, 0xff, 0xff, 0xff, 0xff,
  0xff, 0xff, 0xff, 0xff, 0xff, 0xff, 0xff, 0xff, 0xff, 0xff, 0xff, 0xff, 0xff, 0xff, 0xff, 0xff,
  0xff, 0xff, 0xff, 0xff, 0xff, 0xff, 0xff, 0xff, 0xff, 0xff, 0xff, 0xff, 0xff, 0xff, 0xff, 0xff,
  0x00, 0x00, 0x00, 0x00, 0x00, 0x00, 0x00, 0x00, 0x00, 0x00, 0x00, 0x00, 0x00, 0x00, 0x00, 0x00,
  0x00, 0x00, 0x00, 0x00, 0x00, 0x00, 0x00, 0x00, 0x00, 0x00, 0x00, 0x00, 0x00, 0x00, 0x00, 0x00,
  0x00, 0x00, 0x00, 0x00, 0x00, 0x00, 0x00, 0x00, 0x00, 0x00, 0x00, 0x00, 0x00, 0x00, 0x00, 0x00,
  0x00, 0x00, 0x00, 0x00, 0x00, 0x00, 0x00, 0x00, 0x00, 0x00, 0x00, 0x00, 0x00, 0x00, 0x00, 0x00,
  0x00, 0x00, 0x00, 0x00, 0x00, 0x00, 0x00, 0x00, 0x00, 0x00, 0x00, 0x00, 0x00, 0x00, 0x00, 0x00,
  0x00, 0x00, 0x00, 0x00, 0x00, 0x00, 0x00, 0x00, 0x00, 0x00, 0x00, 0x00, 0x00, 0x00, 0x00, 0x00,
  0x00, 0x00, 0x00, 0x00, 0x00, 0x00, 0x00, 0x00, 0x00, 0x00, 0x00, 0x00, 0x00, 0x00, 0x00, 0x00,
  0x00, 0x00, 0x00, 0x00, 0x00, 0x00, 0x00, 0x00, 0x00, 0x00, 0x00, 0x00, 0x00, 0x00, 0x00, 0x00,
  0x00, 0x00, 0x00, 0x00, 0x00, 0x00, 0x00, 0x00, 0x00, 0x00, 0x00, 0x00, 0x00, 0x00, 0x00, 0x00,
  0x00, 0x00, 0x00, 0x00, 0x00, 0x00, 0x00, 0x00, 0x00, 0x00, 0x00, 0x00, 0x00, 0x00, 0x00, 0x00,
  0x00, 0x00, 0x00, 0x00, 0x00, 0x00, 0x00, 0x00, 0x00, 0x00, 0x00, 0x00, 0x00, 0x00, 0x00, 0x00,
  0x00, 0x00, 0x00, 0x00, 0x00, 0x00, 0x00, 0x00, 0x00, 0x00, 0x00, 0x00, 0x00, 0x00, 0x00, 0x00,
  0x00, 0x00, 0x00, 0x00, 0x00, 0x00, 0x00, 0x00, 0x00, 0x00, 0x00, 0x00, 0x00, 0x00, 0x00, 0x00,
  0x00, 0x00, 0x00, 0x00, 0x00, 0x00, 0x00, 0x00, 0x00, 0x00, 0x00, 0x00, 0x00, 0x00, 0x00, 0x00,
  0x00, 0x00, 0x00, 0x00, 0x00, 0x00, 0x00, 0x00, 0x00, 0x00, 0x00, 0x00, 0x00, 0x00, 0x00, 0x00,
  0x00, 0x00, 0x00, 0x00, 0x00, 0x00, 0x00, 0x00, 0x00, 0x00, 0x00, 0x00, 0x00, 0x00, 0x00, 0x00,
  0x80, 0x82, 0x83, 0x85, 0x86, 0x88, 0x89, 0x8b, 0x8c, 0x8e, 0x90, 0x91, 0x93, 0x94, 0x96, 0x97,
  0x99, 0x9a, 0x9c, 0x9d, 0x9f, 0xa0, 0xa2, 0xa3, 0xa5, 0xa6, 0xa8, 0xa9, 0xab, 0xac, 0xae, 0xaf,
  0xb1, 0xb2, 0xb3, 0xb5, 0xb6, 0xb8, 0xb9, 0xba, 0xbc, 0xbd, 0xbf, 0xc0, 0xc1, 0xc3, 0xc4, 0xc5,
  0xc7, 0xc8, 0xc9, 0xca, 0xcc, 0xcd, 0xce, 0xcf, 0xd1, 0xd2, 0xd3, 0xd4, 0xd5, 0xd6, 0xd8, 0xd9,
  0xda, 0xdb, 0xdc, 0xdd, 0xde, 0xdf, 0xe0, 0xe1, 0xe2, 0xe3, 0xe4, 0xe5, 0xe6, 0xe7, 0xe8, 0xe9,
  0xea, 0xea, 0xeb, 0xec, 0xed, 0xee, 0xef, 0xef, 0xf0, 0xf1, 0xf1, 0xf2, 0xf3, 0xf3, 0xf4, 0xf5,
  0xf5, 0xf6, 0xf6, 0xf7, 0xf8, 0xf8, 0xf9, 0xf9, 0xfa, 0xfa, 0xfa, 0xfb, 0xfb, 0xfc, 0xfc, 0xfc,
  0xfd, 0xfd, 0xfd, 0xfd, 0xfe, 0xfe, 0xfe, 0xfe, 0xfe, 0xff, 0xff, 0xff, 0xff, 0xff, 0xff, 0xff,
  0xff, 0xff, 0xff, 0xff, 0xff, 0xff, 0xff, 0xff, 0xfe, 0xfe, 0xfe, 0xfe, 0xfe, 0xfd, 0xfd, 0xfd,
  0xfd, 0xfc, 0xfc, 0xfc, 0xfb, 0xfb, 0xfa, 0xfa, 0xfa, 0xf9, 0xf9, 0xf8, 0xf8, 0xf7, 0xf6, 0xf6,
  0xf5, 0xf5, 0xf4, 0xf3, 0xf3, 0xf2, 0xf1, 0xf1, 0xf0, 0xef, 0xef, 0xee, 0xed, 0xec, 0xeb, 0xea,
  0xea, 0xe9, 0xe8, 0xe7, 0xe6, 0xe5, 0xe4, 0xe3, 0xe2, 0xe1, 0xe0, 0xdf, 0xde, 0xdd, 0xdc, 0xdb,
  0xda, 0xd9, 0xd8, 0xd6, 0xd5, 0xd4, 0xd3, 0xd2, 0xd1, 0xcf, 0xce, 0xcd, 0xcc, 0xca, 0xc9, 0xc8,
  0xc7, 0xc5, 0xc4, 0xc3, 0xc1, 0xc0, 0xbf, 0xbd, 0xbc, 0xba, 0xb9, 0xb8, 0xb6, 0xb5, 0xb3, 0xb2,
  0xb1, 0xaf, 0xae, 0xac, 0xab, 0xa9, 0xa8, 0xa6, 0xa5, 0xa3, 0xa2, 0xa0, 0x9f, 0x9d, 0x9c, 0x9a,
  0x99, 0x97, 0x96, 0x94, 0x93, 0x91, 0x90, 0x8e, 0x8c, 0x8b, 0x89, 0x88, 0x86, 0x85, 0x83, 0x82,
  0x80, 0x7e, 0x7d, 0x7b, 0x7a, 0x78, 0x77, 0x75, 0x74, 0x72, 0x70, 0x6f, 0x6d, 0x6c, 0x6a, 0x69,
  0x67, 0x66, 0x64, 0x63, 0x61, 0x60, 0x5e, 0x5d, 0x5b, 0x5a, 0x58, 0x57, 0x55, 0x54, 0x52, 0x51,
  0x4f, 0x4e, 0x4d, 0x4b, 0x4a, 0x48, 0x47, 0x46, 0x44, 0x43, 0x41, 0x40, 0x3f, 0x3d, 0x3c, 0x3b,
  0x39, 0x38, 0x37, 0x36, 0x34, 0x33, 0x32, 0x31, 0x2f, 0x2e, 0x2d, 0x2c, 0x2b, 0x2a, 0x28, 0x27,
  0x26, 0x25, 0x24, 0x23, 0x22, 0x21, 0x20, 0x1f, 0x1e, 0x1d, 0x1c, 0x1b, 0x1a, 0x19, 0x18, 0x17,
  0x16, 0x16, 0x15, 0x14, 0x13, 0x12, 0x11, 0x11, 0x10, 0x0f, 0x0f, 0x0e, 0x0d, 0x0d, 0x0c, 0x0b,
  0x0b, 0x0a, 0x0a, 0x09, 0x08, 0x08, 0x07, 0x07, 0x06, 0x06, 0x06, 0x05, 0x05, 0x04, 0x04, 0x04,
  0x03, 0x03, 0x03, 0x03, 0x02, 0x02, 0x02, 0x02, 0x02, 0x01, 0x01, 0x01, 0x01, 0x01, 0x01, 0x01,
  0x01, 0x01, 0x01, 0x01, 0x01, 0x01, 0x01, 0x01, 0x02, 0x02, 0x02, 0x02, 0x02, 0x03, 0x03, 0x03,
  0x03, 0x04, 0x04, 0x04, 0x05, 0x05, 0x06, 0x06, 0x06, 0x07, 0x07, 0x08, 0x08, 0x09, 0x0a, 0x0a,
  0x0b, 0x0b, 0x0c, 0x0d, 0x0d, 0x0e, 0x0f, 0x0f, 0x10, 0x11, 0x11, 0x12, 0x13, 0x14, 0x15, 0x16,
  0x16, 0x17, 0x18, 0x19, 0x1a, 0x1b, 0x1c, 0x1d, 0x1e, 0x1f, 0x20, 0x21, 0x22, 0x23, 0x24, 0x25,
  0x26, 0x27, 0x28, 0x2a, 0x2b, 0x2c, 0x2d, 0x2e, 0x2f, 0x31, 0x32, 0x33, 0x34, 0x36, 0x37, 0x38,
  0x39, 0x3b, 0x3c, 0x3d, 0x3f, 0x40, 0x41, 0x43, 0x44, 0x46, 0x47, 0x48, 0x4a, 0x4b, 0x4d, 0x4e,
  0x4f, 0x51, 0x52, 0x54, 0x55, 0x57, 0x58, 0x5a, 0x5b, 0x5d, 0x5e, 0x60, 0x61, 0x63, 0x64, 0x66,
  0x67, 0x69, 0x6a, 0x6c, 0x6d, 0x6f, 0x70, 0x72, 0x74, 0x75, 0x77, 0x78, 0x7a, 0x7b, 0x7d, 0x7e,
  0x80, 0x81, 0x82, 0x84, 0x85, 0x87, 0x88, 0x8a, 0x8b, 0x8d, 0x8e, 0x8f, 0x91, 0x92, 0x94, 0x95,
  0x97, 0x98, 0x9a, 0x9b, 0x9c, 0x9d, 0x9f, 0xa0, 0xa2, 0xa3, 0xa5, 0xa6, 0xa8, 0xa9, 0xaa, 0xab,
  0xad, 0xae, 0xaf, 0xb1, 0xb2, 0xb4, 0xb5, 0xb6, 0xb8, 0xb9, 0xba, 0xbb, 0xbc, 0xbe, 0xbf, 0xc0,
  0xc2, 0xc3, 0xc4, 0xc5, 0xc7, 0xc8, 0xc9, 0xca, 0xcc, 0xcd, 0xce, 0xcf, 0xd0, 0xd1, 0xd2, 0xd3,
  0xd4, 0xd5, 0xd6, 0xd7, 0xd8, 0xd9, 0xda, 0xdb, 0xdc, 0xdd, 0xde, 0xdf, 0xe0, 0xe1, 0xe2, 0xe3,
  0xe4, 0xe5, 0xe6, 0xe7, 0xe8, 0xe9, 0xea, 0xea, 0xeb, 0xec, 0xec, 0xed, 0xee, 0xee, 0xef, 0xf0,
  0xf0, 0xf1, 0xf2, 0xf3, 0xf4, 0xf4, 0xf5, 0xf5, 0xf6, 0xf6, 0xf6, 0xf7, 0xf8, 0xf9, 0xf9, 0xfa,
  0xfa, 0xfa, 0xfa, 0xfb, 0xfc, 0xfc, 0xfc, 0xfc, 0xfc, 0xfd, 0xfe, 0xfe, 0xfe, 0xfe, 0xfe, 0xff,
  0xff, 0xfe, 0xfe, 0xfe, 0xfe, 0xfe, 0xfd, 0xfd, 0xfc, 0xfc, 0xfc, 0xfc, 0xfb, 0xfa, 0xfa, 0xfa,
  0xfa, 0xfa, 0xf9, 0xf8, 0xf7, 0xf7, 0xf6, 0xf6, 0xf6, 0xf5, 0xf5, 0xf4, 0xf3, 0xf2, 0xf1, 0xf1,
  0xf0, 0xf0, 0xef, 0xee, 0xee, 0xed, 0xec, 0xec, 0xeb, 0xea, 0xe9, 0xe8, 0xe7, 0xe6, 0xe5, 0xe4,
  0xe4, 0xe3, 0xe2, 0xe1, 0xe0, 0xdf, 0xde, 0xdd, 0xdc, 0xdb, 0xda, 0xd9, 0xd8, 0xd7, 0xd6, 0xd5,
  0xd4, 0xd3, 0xd2, 0xd0, 0xcf, 0xce, 0xcd, 0xcc, 0xcb, 0xca, 0xc9, 0xc8, 0xc7, 0xc5, 0xc4, 0xc3,
  0xc2, 0xc0, 0xbf, 0xbe, 0xbc, 0xbb, 0xba, 0xb8, 0xb7, 0xb6, 0xb5, 0xb4, 0xb2, 0xb1, 0xaf, 0xae,
  0xad, 0xab, 0xaa, 0xa8, 0xa7, 0xa6, 0xa5, 0xa3, 0xa2, 0xa0, 0x9f, 0x9d, 0x9c, 0x9a, 0x99, 0x98,
  0x97, 0x95, 0x94, 0x92, 0x91, 0x8f, 0x8e, 0x8c, 0x8b, 0x8a, 0x88, 0x87, 0x85, 0x84, 0x82, 0x81,
  0x7f, 0x7e, 0x7d, 0x7b, 0x7a, 0x78, 0x77, 0x75, 0x74, 0x72, 0x70, 0x6f, 0x6e, 0x6d, 0x6b, 0x6a,
  0x68, 0x67, 0x65, 0x64, 0x62, 0x61, 0x60, 0x5f, 0x5d, 0x5c, 0x5a, 0x59, 0x57, 0x56, 0x54, 0x53,
  0x52, 0x51, 0x50, 0x4e, 0x4d, 0x4b, 0x4a, 0x49, 0x47, 0x46, 0x44, 0x43, 0x42, 0x41, 0x40, 0x3f,
  0x3d, 0x3c, 0x3b, 0x3a, 0x38, 0x37, 0x36, 0x35, 0x33, 0x32, 0x31, 0x30, 0x2f, 0x2e, 0x2c, 0x2b,
  0x2a, 0x29, 0x28, 0x27, 0x26, 0x25, 0x24, 0x23, 0x22, 0x21, 0x20, 0x1f, 0x1e, 0x1d, 0x1c, 0x1b,
  0x1a, 0x1a, 0x19, 0x18, 0x17, 0x16, 0x15, 0x15, 0x14, 0x13, 0x13, 0x12, 0x11, 0x11, 0x10, 0x0f,
  0x0e, 0x0d, 0x0d, 0x0c, 0x0b, 0x0b, 0x0a, 0x0a, 0x09, 0x09, 0x08, 0x07, 0x07, 0x06, 0x06, 0x06,
  0x05, 0x05, 0x04, 0x04, 0x03, 0x03, 0x03, 0x03, 0x02, 0x01, 0x01, 0x01, 0x01, 0x01, 0x01, 0x00,
  0x00, 0x01, 0x01, 0x01, 0x01, 0x01, 0x01, 0x02, 0x03, 0x03, 0x03, 0x03, 0x03, 0x04, 0x05, 0x05,
  0x05, 0x05, 0x06, 0x06, 0x07, 0x08, 0x09, 0x09, 0x09, 0x0a, 0x0a, 0x0b, 0x0b, 0x0c, 0x0d, 0x0e,
  0x0f, 0x0f, 0x10, 0x11, 0x11, 0x12, 0x13, 0x13, 0x14, 0x15, 0x15, 0x16, 0x17, 0x18, 0x19, 0x1a,
  0x1b, 0x1c, 0x1d, 0x1e, 0x1f, 0x20, 0x21, 0x22, 0x23, 0x24, 0x25, 0x26, 0x27, 0x28, 0x29, 0x2a,
  0x2b, 0x2c, 0x2d, 0x2e, 0x2f, 0x30, 0x31, 0x32, 0x33, 0x35, 0x36, 0x37, 0x38, 0x3a, 0x3b, 0x3c,
  0x3d, 0x3f, 0x40, 0x41, 0x43, 0x44, 0x45, 0x46, 0x47, 0x49, 0x4a, 0x4b, 0x4d, 0x4e, 0x50, 0x51,
  0x52, 0x54, 0x55, 0x56, 0x57, 0x59, 0x5a, 0x5c, 0x5d, 0x5f, 0x60, 0x62, 0x63, 0x64, 0x65, 0x67,
  0x68, 0x6a, 0x6b, 0x6d, 0x6e, 0x70, 0x71, 0x72, 0x74, 0x75, 0x77, 0x78, 0x7a, 0x7b, 0x7d, 0x7e,
  0x80, 0x81, 0x82, 0x84, 0x85, 0x86, 0x87, 0x89, 0x8a, 0x8c, 0x8d, 0x8e, 0x90, 0x91, 0x92, 0x93,
  0x95, 0x96, 0x98, 0x99, 0x9a, 0x9b, 0x9d, 0x9e, 0x9f, 0xa0, 0xa2, 0xa3, 0xa5, 0xa6, 0xa7, 0xa8,
  0xaa, 0xab, 0xac, 0xad, 0xae, 0xaf, 0xb1, 0xb2, 0xb4, 0xb5, 0xb6, 0xb7, 0xb8, 0xba, 0xbb, 0xbc,
  0xbd, 0xbe, 0xbf, 0xc0, 0xc2, 0xc3, 0xc4, 0xc5, 0xc7, 0xc8, 0xc9, 0xca, 0xcb, 0xcc, 0xcd, 0xce,
  0xcf, 0xd0, 0xd1, 0xd2, 0xd3, 0xd4, 0xd5, 0xd6, 0xd7, 0xd8, 0xd9, 0xda, 0xdb, 0xdc, 0xdd, 0xde,
  0xdf, 0xe0, 0xe1, 0xe2, 0xe3, 0xe4, 0xe5, 0xe5, 0xe6, 0xe7, 0xe7, 0xe8, 0xe9, 0xea, 0xeb, 0xec,
  0xec, 0xed, 0xee, 0xef, 0xf0, 0xf0, 0xf1, 0xf1, 0xf2, 0xf3, 0xf3, 0xf4, 0xf5, 0xf6, 0xf6, 0xf7,
  0xf7, 0xf7, 0xf8, 0xf9, 0xfa, 0xfa, 0xfa, 0xfb, 0xfb, 0xfc, 0xfd, 0xfd, 0xfd, 0xfe, 0xfe, 0xff,
  0xff, 0xfe, 0xfe, 0xfd, 0xfd, 0xfd, 0xfc, 0xfc, 0xfb, 0xfa, 0xfa, 0xfa, 0xf9, 0xf8, 0xf8, 0xf7,
  0xf7, 0xf6, 0xf6, 0xf5, 0xf4, 0xf4, 0xf3, 0xf2, 0xf2, 0xf1, 0xf1, 0xf0, 0xef, 0xee, 0xed, 0xed,
  0xec, 0xeb, 0xea, 0xe9, 0xe9, 0xe8, 0xe7, 0xe7, 0xe6, 0xe5, 0xe4, 0xe3, 0xe2, 0xe1, 0xe0, 0xdf,
  0xdf, 0xde, 0xdd, 0xdc, 0xdb, 0xda, 0xd9, 0xd8, 0xd7, 0xd6, 0xd5, 0xd4, 0xd3, 0xd2, 0xd1, 0xd0,
  0xcf, 0xce, 0xcd, 0xcb, 0xca, 0xc9, 0xc8, 0xc7, 0xc6, 0xc5, 0xc4, 0xc3, 0xc2, 0xc0, 0xbf, 0xbe,
  0xbd, 0xbb, 0xba, 0xb9, 0xb8, 0xb7, 0xb6, 0xb4, 0xb3, 0xb2, 0xb1, 0xb0, 0xae, 0xad, 0xab, 0xaa,
  0xa9, 0xa8, 0xa7, 0xa5, 0xa4, 0xa3, 0xa2, 0xa0, 0x9f, 0x9d, 0x9c, 0x9b, 0x9a, 0x98, 0x97, 0x96,
  0x95, 0x93, 0x92, 0x90, 0x8f, 0x8e, 0x8d, 0x8c, 0x8a, 0x89, 0x87, 0x86, 0x84, 0x83, 0x82, 0x81,
  0x7f, 0x7e, 0x7d, 0x7b, 0x7a, 0x78, 0x77, 0x76, 0x75, 0x73, 0x71, 0x70, 0x6f, 0x6e, 0x6c, 0x6b,
  0x6a, 0x69, 0x67, 0x66, 0x64, 0x63, 0x62, 0x61, 0x5f, 0x5e, 0x5d, 0x5c, 0x5a, 0x59, 0x57, 0x56,
  0x55, 0x54, 0x53, 0x51, 0x50, 0x4f, 0x4e, 0x4d, 0x4b, 0x4a, 0x48, 0x47, 0x46, 0x45, 0x44, 0x43,
  0x41, 0x40, 0x3f, 0x3e, 0x3d, 0x3c, 0x3b, 0x3a, 0x38, 0x37, 0x36, 0x35, 0x34, 0x33, 0x31, 0x30,
  0x2f, 0x2e, 0x2d, 0x2c, 0x2b, 0x2a, 0x29, 0x28, 0x27, 0x26, 0x25, 0x24, 0x23, 0x22, 0x21, 0x20,
  0x1f, 0x1f, 0x1e, 0x1d, 0x1c, 0x1b, 0x1a, 0x1a, 0x19, 0x18, 0x17, 0x16, 0x15, 0x15, 0x14, 0x13,
  0x12, 0x11, 0x11, 0x10, 0x0f, 0x0f, 0x0e, 0x0d, 0x0c, 0x0c, 0x0b, 0x0a, 0x0a, 0x09, 0x09, 0x08,
  0x07, 0x07, 0x06, 0x06, 0x05, 0x05, 0x04, 0x04, 0x03, 0x02, 0x02, 0x02, 0x01, 0x01, 0x01, 0x00,
  0x00, 0x01, 0x01, 0x01, 0x02, 0x02, 0x02, 0x03, 0x04, 0x04, 0x05, 0x05, 0x05, 0x06, 0x07, 0x07,
  0x08, 0x09, 0x09, 0x09, 0x0a, 0x0b, 0x0c, 0x0c, 0x0d, 0x0e, 0x0e, 0x0f, 0x0f, 0x10, 0x11, 0x12,
  0x13, 0x13, 0x14, 0x15, 0x16, 0x17, 0x18, 0x18, 0x19, 0x1a, 0x1a, 0x1b, 0x1c, 0x1d, 0x1e, 0x1f,
  0x20, 0x21, 0x22, 0x23, 0x24, 0x25, 0x26, 0x27, 0x28, 0x29, 0x2a, 0x2b, 0x2c, 0x2d, 0x2e, 0x2f,
  0x30, 0x31, 0x32, 0x33, 0x34, 0x35, 0x36, 0x37, 0x38, 0x3a, 0x3b, 0x3c, 0x3d, 0x3f, 0x40, 0x41,
  0x42, 0x43, 0x44, 0x45, 0x47, 0x48, 0x49, 0x4a, 0x4b, 0x4d, 0x4e, 0x50, 0x51, 0x52, 0x53, 0x54,
  0x55, 0x57, 0x58, 0x59, 0x5a, 0x5c, 0x5d, 0x5f, 0x60, 0x61, 0x62, 0x64, 0x65, 0x66, 0x67, 0x69,
  0x6a, 0x6c, 0x6d, 0x6e, 0x6f, 0x71, 0x72, 0x73, 0x75, 0x76, 0x78, 0x79, 0x7a, 0x7b, 0x7d, 0x7e,
  0x80, 0x81, 0x82, 0x83, 0x84, 0x86, 0x87, 0x88, 0x89, 0x8b, 0x8c, 0x8d, 0x8e, 0x8f, 0x91, 0x92,
  0x93, 0x94, 0x96, 0x97, 0x98, 0x99, 0x9a, 0x9b, 0x9d, 0x9e, 0x9f, 0xa0, 0xa2, 0xa3, 0xa4, 0xa5,
  0xa6, 0xa7, 0xa8, 0xaa, 0xab, 0xac, 0xad, 0xae, 0xb0, 0xb1, 0xb2, 0xb3, 0xb4, 0xb5, 0xb6, 0xb7,
  0xb9, 0xba, 0xbb, 0xbc, 0xbd, 0xbe, 0xbf, 0xc0, 0xc2, 0xc3, 0xc4, 0xc5, 0xc6, 0xc7, 0xc8, 0xc9,
  0xca, 0xcb, 0xcc, 0xcd, 0xce, 0xcf, 0xd0, 0xd1, 0xd2, 0xd3, 0xd4, 0xd5, 0xd6, 0xd7, 0xd8, 0xd9,
  0xda, 0xdb, 0xdc, 0xdd, 0xde, 0xdf, 0xe0, 0xe0, 0xe1, 0xe2, 0xe3, 0xe4, 0xe5, 0xe5, 0xe6, 0xe7,
  0xe8, 0xe9, 0xea, 0xeb, 0xec, 0xec, 0xed, 0xee, 0xef, 0xef, 0xf0, 0xf1, 0xf2, 0xf3, 0xf4, 0xf4,
  0xf5, 0xf5, 0xf6, 0xf7, 0xf8, 0xf8, 0xf9, 0xf9, 0xfa, 0xfb, 0xfc, 0xfc, 0xfd, 0xfd, 0xfe, 0xff,
  0xff, 0xfe, 0xfd, 0xfd, 0xfc, 0xfc, 0xfb, 0xfa, 0xf9, 0xf9, 0xf8, 0xf8, 0xf7, 0xf6, 0xf5, 0xf5,
  0xf4, 0xf4, 0xf3, 0xf2, 0xf1, 0xf0, 0xef, 0xef, 0xee, 0xed, 0xed, 0xec, 0xeb, 0xea, 0xe9, 0xe8,
  0xe7, 0xe7, 0xe6, 0xe5, 0xe4, 0xe3, 0xe2, 0xe2, 0xe1, 0xe0, 0xdf, 0xde, 0xdd, 0xdc, 0xdb, 0xda,
  0xd9, 0xd8, 0xd7, 0xd6, 0xd5, 0xd4, 0xd3, 0xd2, 0xd1, 0xd0, 0xcf, 0xce, 0xcd, 0xcc, 0xcb, 0xca,
  0xc9, 0xc8, 0xc7, 0xc6, 0xc5, 0xc4, 0xc3, 0xc2, 0xc1, 0xc0, 0xbf, 0xbe, 0xbd, 0xbb, 0xba, 0xb9,
  0xb8, 0xb7, 0xb6, 0xb5, 0xb3, 0xb2, 0xb1, 0xb0, 0xaf, 0xae, 0xad, 0xac, 0xaa, 0xa9, 0xa8, 0xa7,
  0xa6, 0xa4, 0xa3, 0xa2, 0xa1, 0xa0, 0x9f, 0x9d, 0x9c, 0x9b, 0x9a, 0x98, 0x97, 0x96, 0x95, 0x94,
  0x93, 0x91, 0x90, 0x8f, 0x8e, 0x8c, 0x8b, 0x8a, 0x89, 0x88, 0x86, 0x85, 0x84, 0x83, 0x81, 0x80,
  0x7f, 0x7e, 0x7d, 0x7b, 0x7a, 0x79, 0x78, 0x76, 0x75, 0x74, 0x72, 0x71, 0x70, 0x6f, 0x6e, 0x6d,
  0x6b, 0x6a, 0x69, 0x68, 0x66, 0x65, 0x64, 0x63, 0x62, 0x61, 0x5f, 0x5e, 0x5d, 0x5c, 0x5a, 0x59,
  0x58, 0x57, 0x56, 0x55, 0x54, 0x52, 0x51, 0x50, 0x4f, 0x4e, 0x4c, 0x4b, 0x4a, 0x49, 0x48, 0x47,
  0x46, 0x45, 0x44, 0x43, 0x41, 0x40, 0x3f, 0x3e, 0x3d, 0x3c, 0x3b, 0x3a, 0x39, 0x38, 0x36, 0x35,
  0x34, 0x33, 0x32, 0x31, 0x30, 0x2f, 0x2e, 0x2d, 0x2c, 0x2b, 0x2a, 0x29, 0x28, 0x27, 0x26, 0x25,
  0x24, 0x24, 0x23, 0x22, 0x21, 0x20, 0x1f, 0x1e, 0x1d, 0x1c, 0x1c, 0x1b, 0x1a, 0x19, 0x18, 0x17,
  0x16, 0x15, 0x15, 0x14, 0x13, 0x12, 0x11, 0x11, 0x10, 0x0f, 0x0e, 0x0d, 0x0d, 0x0c, 0x0b, 0x0b,
  0x0a, 0x09, 0x08, 0x08, 0x07, 0x06, 0x06, 0x05, 0x04, 0x03, 0x03, 0x02, 0x02, 0x01, 0x01, 0x00,
  0x00, 0x01, 0x01, 0x02, 0x02, 0x03, 0x03, 0x04, 0x05, 0x06, 0x06, 0x07, 0x07, 0x08, 0x09, 0x0a,
  0x0a, 0x0b, 0x0c, 0x0c, 0x0d, 0x0e, 0x0f, 0x10, 0x10, 0x11, 0x12, 0x13, 0x13, 0x14, 0x15, 0x16,
  0x17, 0x18, 0x19, 0x1a, 0x1a, 0x1b, 0x1c, 0x1d, 0x1e, 0x1f, 0x1f, 0x20, 0x21, 0x22, 0x23, 0x24,
  0x25, 0x26, 0x27, 0x28, 0x29, 0x2a, 0x2b, 0x2c, 0x2d, 0x2e, 0x2f, 0x30, 0x31, 0x32, 0x33, 0x34,
  0x35, 0x36, 0x37, 0x38, 0x39, 0x3a, 0x3b, 0x3c, 0x3d, 0x3f, 0x40, 0x41, 0x42, 0x43, 0x44, 0x45,
  0x46, 0x48, 0x49, 0x4a, 0x4b, 0x4c, 0x4d, 0x4e, 0x4f, 0x51, 0x52, 0x53, 0x54, 0x55, 0x57, 0x58,
  0x59, 0x5a, 0x5b, 0x5c, 0x5d, 0x5f, 0x60, 0x61, 0x62, 0x64, 0x65, 0x66, 0x67, 0x68, 0x69, 0x6b,
  0x6c, 0x6d, 0x6e, 0x70, 0x71, 0x72, 0x73, 0x74, 0x76, 0x77, 0x78, 0x79, 0x7b, 0x7c, 0x7d, 0x7e,
  0x80, 0x81, 0x82, 0x83, 0x84, 0x85, 0x86, 0x87, 0x88, 0x8a, 0x8b, 0x8c, 0x8d, 0x8e, 0x8f, 0x90,
  0x91, 0x92, 0x94, 0x95, 0x96, 0x97, 0x98, 0x99, 0x9a, 0x9b, 0x9c, 0x9d, 0x9f, 0xa0, 0xa1, 0xa2,
  0xa3, 0xa4, 0xa5, 0xa6, 0xa7, 0xa8, 0xa9, 0xaa, 0xac, 0xad, 0xae, 0xaf, 0xb0, 0xb1, 0xb2, 0xb3,
  0xb4, 0xb5, 0xb6, 0xb7, 0xb8, 0xb9, 0xba, 0xbb, 0xbd, 0xbe, 0xbf, 0xc0, 0xc1, 0xc2, 0xc3, 0xc4,
  0xc5, 0xc6, 0xc7, 0xc8, 0xc9, 0xca, 0xcb, 0xcc, 0xcd, 0xce, 0xcf, 0xd0, 0xd1, 0xd2, 0xd3, 0xd4,
  0xd5, 0xd6, 0xd7, 0xd8, 0xd9, 0xda, 0xdb, 0xdb, 0xdc, 0xdd, 0xde, 0xdf, 0xe0, 0xe1, 0xe2, 0xe3,
  0xe4, 0xe5, 0xe6, 0xe7, 0xe8, 0xe8, 0xe9, 0xea, 0xeb, 0xec, 0xed, 0xee, 0xef, 0xf0, 0xf0, 0xf1,
  0xf2, 0xf3, 0xf4, 0xf5, 0xf6, 0xf6, 0xf7, 0xf8, 0xf9, 0xfa, 0xfb, 0xfb, 0xfc, 0xfd, 0xfe, 0xff,
  0xff, 0xfe, 0xfd, 0xfc, 0xfb, 0xfb, 0xfa, 0xf9, 0xf8, 0xf7, 0xf6, 0xf6, 0xf5, 0xf4, 0xf3, 0xf2,
  0xf1, 0xf0, 0xf0, 0xef, 0xee, 0xed, 0xec, 0xeb, 0xea, 0xe9, 0xe9, 0xe8, 0xe7, 0xe6, 0xe5, 0xe4,
  0xe3, 0xe2, 0xe1, 0xe0, 0xdf, 0xde, 0xdd, 0xdd, 0xdc, 0xdb, 0xda, 0xd9, 0xd8, 0xd7, 0xd6, 0xd5,
  0xd4, 0xd3, 0xd2, 0xd1, 0xd0, 0xcf, 0xce, 0xcd, 0xcc, 0xcb, 0xca, 0xc9, 0xc8, 0xc7, 0xc6, 0xc5,
  0xc4, 0xc3, 0xc2, 0xc1, 0xc0, 0xbf, 0xbe, 0xbd, 0xbc, 0xbb, 0xba, 0xb9, 0xb8, 0xb6, 0xb5, 0xb4,
  0xb3, 0xb2, 0xb1, 0xb0, 0xaf, 0xae, 0xad, 0xac, 0xab, 0xaa, 0xa9, 0xa8, 0xa6, 0xa5, 0xa4, 0xa3,
  0xa2, 0xa1, 0xa0, 0x9f, 0x9e, 0x9d, 0x9c, 0x9a, 0x99, 0x98, 0x97, 0x96, 0x95, 0x94, 0x93, 0x92,
  0x91, 0x8f, 0x8e, 0x8d, 0x8c, 0x8b, 0x8a, 0x89, 0x88, 0x87, 0x85, 0x84, 0x83, 0x82, 0x81, 0x80,
  0x7f, 0x7e, 0x7d, 0x7b, 0x7a, 0x79, 0x78, 0x77, 0x76, 0x75, 0x73, 0x72, 0x71, 0x70, 0x6f, 0x6e,
  0x6d, 0x6c, 0x6b, 0x6a, 0x68, 0x67, 0x66, 0x65, 0x64, 0x63, 0x62, 0x61, 0x60, 0x5f, 0x5d, 0x5c,
  0x5b, 0x5a, 0x59, 0x58, 0x57, 0x56, 0x55, 0x54, 0x53, 0x52, 0x50, 0x4f, 0x4e, 0x4d, 0x4c, 0x4b,
  0x4a, 0x49, 0x48, 0x47, 0x46, 0x45, 0x44, 0x43, 0x42, 0x41, 0x40, 0x3f, 0x3e, 0x3d, 0x3b, 0x3a,
  0x39, 0x38, 0x37, 0x36, 0x35, 0x34, 0x33, 0x32, 0x31, 0x30, 0x2f, 0x2e, 0x2d, 0x2c, 0x2b, 0x2a,
  0x29, 0x29, 0x28, 0x27, 0x26, 0x25, 0x24, 0x23, 0x22, 0x21, 0x20, 0x1f, 0x1e, 0x1d, 0x1c, 0x1b,
  0x1a, 0x19, 0x19, 0x18, 0x17, 0x16, 0x15, 0x14, 0x13, 0x12, 0x11, 0x10, 0x10, 0x0f, 0x0e, 0x0d,
  0x0c, 0x0b, 0x0a, 0x0a, 0x09, 0x08, 0x07, 0x06, 0x05, 0x04, 0x04, 0x03, 0x02, 0x01, 0x01, 0x00,
  0x00, 0x01, 0x01, 0x02, 0x03, 0x04, 0x04, 0x05, 0x06, 0x07, 0x08, 0x09, 0x09, 0x0a, 0x0b, 0x0c,
  0x0d, 0x0e, 0x0f, 0x0f, 0x10, 0x11, 0x12, 0x13, 0x14, 0x15, 0x16, 0x17, 0x17, 0x18, 0x19, 0x1a,
  0x1b, 0x1c, 0x1d, 0x1e, 0x1f, 0x20, 0x21, 0x22, 0x23, 0x24, 0x24, 0x25, 0x26, 0x27, 0x28, 0x29,
  0x2a, 0x2b, 0x2c, 0x2d, 0x2e, 0x2f, 0x30, 0x31, 0x32, 0x33, 0x34, 0x35, 0x36, 0x37, 0x38, 0x39,
  0x3a, 0x3b, 0x3c, 0x3d, 0x3e, 0x3f, 0x40, 0x41, 0x42, 0x44, 0x45, 0x46, 0x47, 0x48, 0x49, 0x4a,
  0x4b, 0x4c, 0x4d, 0x4e, 0x4f, 0x50, 0x51, 0x52, 0x53, 0x55, 0x56, 0x57, 0x58, 0x59, 0x5a, 0x5b,
  0x5c, 0x5d, 0x5e, 0x5f, 0x60, 0x62, 0x63, 0x64, 0x65, 0x66, 0x67, 0x68, 0x69, 0x6a, 0x6b, 0x6d,
  0x6e, 0x6f, 0x70, 0x71, 0x72, 0x73, 0x74, 0x75, 0x77, 0x78, 0x79, 0x7a, 0x7b, 0x7c, 0x7d, 0x7e,
  0x80, 0x81, 0x82, 0x83, 0x84, 0x85, 0x86, 0x87, 0x88, 0x89, 0x8a, 0x8b, 0x8c, 0x8d, 0x8e, 0x8f,
  0x90, 0x91, 0x92, 0x93, 0x94, 0x95, 0x96, 0x97, 0x98, 0x99, 0x9a, 0x9b, 0x9c, 0x9d, 0x9e, 0x9f,
  0xa0, 0xa1, 0xa2, 0xa3, 0xa4, 0xa5, 0xa6, 0xa7, 0xa8, 0xa9, 0xaa, 0xab, 0xac, 0xad, 0xae, 0xaf,
  0xb0, 0xb1, 0xb2, 0xb3, 0xb4, 0xb5, 0xb6, 0xb7, 0xb8, 0xb9, 0xba, 0xbb, 0xbc, 0xbd, 0xbe, 0xbf,
  0xc0, 0xc1, 0xc2, 0xc3, 0xc4, 0xc5, 0xc6, 0xc7, 0xc8, 0xc9, 0xca, 0xcb, 0xcc, 0xcd, 0xce, 0xcf,
  0xd0, 0xd1, 0xd2, 0xd3, 0xd4, 0xd5, 0xd6, 0xd7, 0xd8, 0xd9, 0xda, 0xdb, 0xdc, 0xdd, 0xde, 0xdf,
  0xe0, 0xe1, 0xe2, 0xe3, 0xe4, 0xe5, 0xe6, 0xe7, 0xe8, 0xe9, 0xea, 0xeb, 0xec, 0xed, 0xee, 0xef,
  0xf0, 0xf1, 0xf2, 0xf3, 0xf4, 0xf5, 0xf6, 0xf7, 0xf8, 0xf9, 0xfa, 0xfb, 0xfc, 0xfd, 0xfe, 0xff,
  0xff, 0xfe, 0xfd, 0xfc, 0xfb, 0xfa, 0xf9, 0xf8, 0xf7, 0xf6, 0xf5, 0xf4, 0xf3, 0xf2, 0xf1, 0xf0,
  0xef, 0xee, 0xed, 0xec, 0xeb, 0xea, 0xe9, 0xe8, 0xe7, 0xe6, 0xe5, 0xe4, 0xe3, 0xe2, 0xe1, 0xe0,
  0xdf, 0xde, 0xdd, 0xdc, 0xdb, 0xda, 0xd9, 0xd8, 0xd7, 0xd6, 0xd5, 0xd4, 0xd3, 0xd2, 0xd1, 0xd0,
  0xcf, 0xce, 0xcd, 0xcc, 0xcb, 0xca, 0xc9, 0xc8, 0xc7, 0xc6, 0xc5, 0xc4, 0xc3, 0xc2, 0xc1, 0xc0,
  0xbf, 0xbe, 0xbd, 0xbc, 0xbb, 0xba, 0xb9, 0xb8, 0xb7, 0xb6, 0xb5, 0xb4, 0xb3, 0xb2, 0xb1, 0xb0,
  0xaf, 0xae, 0xad, 0xac, 0xab, 0xaa, 0xa9, 0xa8, 0xa7, 0xa6, 0xa5, 0xa4, 0xa3, 0xa2, 0xa1, 0xa0,
  0x9f, 0x9e, 0x9d, 0x9c, 0x9b, 0x9a, 0x99, 0x98, 0x97, 0x96, 0x95, 0x94, 0x93, 0x92, 0x91, 0x90,
  0x8f, 0x8e, 0x8d, 0x8c, 0x8b, 0x8a, 0x89, 0x88, 0x87, 0x86, 0x85, 0x84, 0x83, 0x82, 0x81, 0x80,
  0x7f, 0x7e, 0x7d, 0x7c, 0x7b, 0x7a, 0x79, 0x78, 0x77, 0x76, 0x75, 0x74, 0x73, 0x72, 0x71, 0x70,
  0x6f, 0x6e, 0x6d, 0x6c, 0x6b, 0x6a, 0x69, 0x68, 0x67, 0x66, 0x65, 0x64, 0x63, 0x62, 0x61, 0x60,
  0x5f, 0x5e, 0x5d, 0x5c, 0x5b, 0x5a, 0x59, 0x58, 0x57, 0x56, 0x55, 0x54, 0x53, 0x52, 0x51, 0x50,
  0x4f, 0x4e, 0x4d, 0x4c, 0x4b, 0x4a, 0x49, 0x48, 0x47, 0x46, 0x45, 0x44, 0x43, 0x42, 0x41, 0x40,
  0x3f, 0x3e, 0x3d, 0x3c, 0x3b, 0x3a, 0x39, 0x38, 0x37, 0x36, 0x35, 0x34, 0x33, 0x32, 0x31, 0x30,
  0x2f, 0x2e, 0x2d, 0x2c, 0x2b, 0x2a, 0x29, 0x28, 0x27, 0x26, 0x25, 0x24, 0x23, 0x22, 0x21, 0x20,
  0x1f, 0x1e, 0x1d, 0x1c, 0x1b, 0x1a, 0x19, 0x18, 0x17, 0x16, 0x15, 0x14, 0x13, 0x12, 0x11, 0x10,
  0x0f, 0x0e, 0x0d, 0x0c, 0x0b, 0x0a, 0x09, 0x08, 0x07, 0x06, 0x05, 0x04, 0x03, 0x02, 0x01, 0x00,
  0x00, 0x01, 0x02, 0x03, 0x04, 0x05, 0x06, 0x07, 0x08, 0x09, 0x0a, 0x0b, 0x0c, 0x0d, 0x0e, 0x0f,
  0x10, 0x11, 0x12, 0x13, 0x14, 0x15, 0x16, 0x17, 0x18, 0x19, 0x1a, 0x1b, 0x1c, 0x1d, 0x1e, 0x1f,
  0x20, 0x21, 0x22, 0x23, 0x24, 0x25, 0x26, 0x27, 0x28, 0x29, 0x2a, 0x2b, 0x2c, 0x2d, 0x2e, 0x2f,
  0x30, 0x31, 0x32, 0x33, 0x34, 0x35, 0x36, 0x37, 0x38, 0x39, 0x3a, 0x3b, 0x3c, 0x3d, 0x3e, 0x3f,
  0x40, 0x41, 0x42, 0x43, 0x44, 0x45, 0x46, 0x47, 0x48, 0x49, 0x4a, 0x4b, 0x4c, 0x4d, 0x4e, 0x4f,
  0x50, 0x51, 0x52, 0x53, 0x54, 0x55, 0x56, 0x57, 0x58, 0x59, 0x5a, 0x5b, 0x5c, 0x5d, 0x5e, 0x5f,
  0x60, 0x61, 0x62, 0x63, 0x64, 0x65, 0x66, 0x67, 0x68, 0x69, 0x6a, 0x6b, 0x6c, 0x6d, 0x6e, 0x6f,
  0x70, 0x71, 0x72, 0x73, 0x74, 0x75, 0x76, 0x77, 0x78, 0x79, 0x7a, 0x7b, 0x7c, 0x7d, 0x7e, 0x7f,
  0x80, 0x80, 0x81, 0x82, 0x83, 0x84, 0x85, 0x86, 0x87, 0x88, 0x89, 0x89, 0x8a, 0x8b, 0x8c, 0x8d,
  0x8e, 0x8f, 0x90, 0x91, 0x92, 0x92, 0x93, 0x94, 0x95, 0x96, 0x97, 0x98, 0x99, 0x9a, 0x9b, 0x9b,
  0x9c, 0x9d, 0x9e, 0x9f, 0xa0, 0xa1, 0xa2, 0xa3, 0xa4, 0xa4, 0xa5, 0xa6, 0xa7, 0xa8, 0xa9, 0xaa,
  0xab, 0xac, 0xad, 0xad, 0xae, 0xaf, 0xb0, 0xb1, 0xb2, 0xb3, 0xb4, 0xb5, 0xb6, 0xb6, 0xb7, 0xb8,
  0xb9, 0xba, 0xbb, 0xbc, 0xbd, 0xbe, 0xbf, 0xbf, 0xc0, 0xc1, 0xc2, 0xc3, 0xc4, 0xc5, 0xc6, 0xc7,
  0xc8, 0xc8, 0xc9, 0xca, 0xcb, 0xcc, 0xcd, 0xce, 0xcf, 0xd0, 0xd1, 0xd1, 0xd2, 0xd3, 0xd4, 0xd5,
  0xd6, 0xd7, 0xd8, 0xd9, 0xda, 0xda, 0xdb, 0xdc, 0xdd, 0xde, 0xdf, 0xe0, 0xe1, 0xe2, 0xe3, 0xe3,
  0xe4, 0xe5, 0xe6, 0xe7, 0xe8, 0xe9, 0xea, 0xeb, 0xec, 0xec, 0xed, 0xee, 0xef, 0xf0, 0xf1, 0xf2,
  0xf2, 0xf1, 0xf1, 0xf0, 0xef, 0xee, 0xee, 0xed, 0xec, 0xec, 0xeb, 0xea, 0xea, 0xe9, 0xe8, 0xe7,
  0xe6, 0xe6, 0xe5, 0xe5, 0xe4, 0xe3, 0xe3, 0xe2, 0xe1, 0xe0, 0xe0, 0xdf, 0xde, 0xde, 0xdd, 0xdc,
  0xdb, 0xdb, 0xda, 0xd9, 0xd9, 0xd8, 0xd7, 0xd7, 0xd6, 0xd5, 0xd5, 0xd4, 0xd3, 0xd3, 0xd2, 0xd1,
  0xd0, 0xcf, 0xcf, 0xce, 0xcd, 0xcc, 0xcc, 0xcb, 0xcb, 0xca, 0xc9, 0xc8, 0xc8, 0xc7, 0xc6, 0xc6,
  0xc5, 0xc4, 0xc4, 0xc3, 0xc2, 0xc1, 0xc0, 0xc0, 0xc0, 0xbf, 0xbe, 0xbd, 0xbd, 0xbc, 0xbb, 0xba,
  0xb9, 0xb9, 0xb9, 0xb8, 0xb7, 0xb6, 0xb5, 0xb5, 0xb4, 0xb3, 0xb2, 0xb2, 0xb1, 0xb1, 0xb0, 0xaf,
  0xae, 0xae, 0xae, 0xad, 0xab, 0xaa, 0xaa, 0xaa, 0xaa, 0xa8, 0xa7, 0xa6, 0xa6, 0xa6, 0xa5, 0xa3,
  0xa3, 0xa3, 0xa3, 0xa2, 0xa0, 0x9f, 0x9f, 0xa0, 0x9f, 0x9c, 0x9a, 0x9a, 0x9e, 0x9f, 0x99, 0x89,
  0x75, 0x65, 0x5f, 0x60, 0x64, 0x64, 0x62, 0x5f, 0x5e, 0x5f, 0x5f, 0x5e, 0x5c, 0x5b, 0x5b, 0x5b,
  0x5b, 0x59, 0x58, 0x58, 0x58, 0x57, 0x56, 0x54, 0x54, 0x54, 0x54, 0x53, 0x51, 0x50, 0x50, 0x50,
  0x4f, 0x4e, 0x4d, 0x4d, 0x4c, 0x4c, 0x4b, 0x4a, 0x49, 0x49, 0x48, 0x47, 0x46, 0x45, 0x45, 0x45,
  0x44, 0x43, 0x42, 0x41, 0x41, 0x40, 0x3f, 0x3e, 0x3e, 0x3e, 0x3d, 0x3c, 0x3b, 0x3a, 0x3a, 0x39,
  0x38, 0x38, 0x37, 0x36, 0x36, 0x35, 0x34, 0x33, 0x33, 0x32, 0x32, 0x31, 0x30, 0x2f, 0x2f, 0x2e,
  0x2d, 0x2c, 0x2b, 0x2b, 0x2b, 0x2a, 0x29, 0x28, 0x27, 0x27, 0x26, 0x25, 0x25, 0x24, 0x23, 0x22,
  0x22, 0x21, 0x20, 0x20, 0x1f, 0x1e, 0x1e, 0x1d, 0x1c, 0x1b, 0x1b, 0x1a, 0x19, 0x19, 0x18, 0x18,
  0x17, 0x16, 0x15, 0x14, 0x14, 0x13, 0x12, 0x12, 0x11, 0x10, 0x10, 0x0f, 0x0e, 0x0d, 0x0d, 0x0c,
  0x0c, 0x0d, 0x0e, 0x0f, 0x10, 0x11, 0x12, 0x12, 0x13, 0x14, 0x15, 0x16, 0x17, 0x18, 0x19, 0x1a,
  0x1b, 0x1b, 0x1c, 0x1d, 0x1e, 0x1f, 0x20, 0x21, 0x22, 0x23, 0x24, 0x24, 0x25, 0x26, 0x27, 0x28,
  0x29, 0x2a, 0x2b, 0x2c, 0x2d, 0x2d, 0x2e, 0x2f, 0x30, 0x31, 0x32, 0x33, 0x34, 0x35, 0x36, 0x36,
  0x37, 0x38, 0x39, 0x3a, 0x3b, 0x3c, 0x3d, 0x3e, 0x3f, 0x3f, 0x40, 0x41, 0x42, 0x43, 0x44, 0x45,
  0x46, 0x47, 0x48, 0x48, 0x49, 0x4a, 0x4b, 0x4c, 0x4d, 0x4e, 0x4f, 0x50, 0x51, 0x51, 0x52, 0x53,
  0x54, 0x55, 0x56, 0x57, 0x58, 0x59, 0x5a, 0x5a, 0x5b, 0x5c, 0x5d, 0x5e, 0x5f, 0x60, 0x61, 0x62,
  0x63, 0x63, 0x64, 0x65, 0x66, 0x67, 0x68, 0x69, 0x6a, 0x6b, 0x6c, 0x6c, 0x6d, 0x6e, 0x6f, 0x70,
  0x71, 0x72, 0x73, 0x74, 0x75, 0x75, 0x76, 0x77, 0x78, 0x79, 0x7a, 0x7b, 0x7c, 0x7d, 0x7e, 0x7f,
  0x80, 0x80, 0x81, 0x82, 0x83, 0x83, 0x84, 0x85, 0x86, 0x87, 0x88, 0x88, 0x89, 0x8a, 0x8b, 0x8b,
  0x8c, 0x8d, 0x8e, 0x8f, 0x90, 0x90, 0x91, 0x92, 0x93, 0x93, 0x94, 0x95, 0x96, 0x97, 0x98, 0x99,
  0x99, 0x9a, 0x9b, 0x9b, 0x9c, 0x9d, 0x9e, 0x9f, 0xa0, 0xa1, 0xa1, 0xa2, 0xa2, 0xa3, 0xa4, 0xa5,
  0xa6, 0xa7, 0xa8, 0xa9, 0xa9, 0xaa, 0xaa, 0xab, 0xac, 0xad, 0xae, 0xaf, 0xb0, 0xb1, 0xb1, 0xb2,
  0xb2, 0xb3, 0xb4, 0xb5, 0xb6, 0xb7, 0xb8, 0xb8, 0xb9, 0xba, 0xba, 0xbb, 0xbc, 0xbd, 0xbe, 0xbf,
  0xc0, 0xc0, 0xc1, 0xc2, 0xc3, 0xc3, 0xc4, 0xc5, 0xc6, 0xc7, 0xc8, 0xc8, 0xc9, 0xca, 0xcb, 0xcb,
  0xcc, 0xcd, 0xce, 0xcf, 0xd0, 0xd0, 0xd1, 0xd2, 0xd3, 0xd3, 0xd4, 0xd5, 0xd6, 0xd7, 0xd8, 0xd8,
  0xd9, 0xda, 0xdb, 0xdc, 0xdc, 0xdd, 0xde, 0xdf, 0xe0, 0xe1, 0xe1, 0xe2, 0xe3, 0xe4, 0xe4, 0xe5,
  0xe5, 0xe5, 0xe5, 0xe5, 0xe4, 0xe3, 0xe2, 0xe2, 0xe2, 0xe2, 0xe1, 0xe1, 0xe1, 0xe1, 0xe0, 0xdf,
  0xde, 0xde, 0xde, 0xde, 0xdd, 0xdd, 0xdc, 0xdc, 0xdc, 0xdb, 0xdb, 0xda, 0xda, 0xda, 0xda, 0xd9,
  0xd8, 0xd8, 0xd8, 0xd8, 0xd7, 0xd6, 0xd6, 0xd6, 0xd6, 0xd5, 0xd4, 0xd4, 0xd4, 0xd4, 0xd3, 0xd2,
  0xd1, 0xd1, 0xd1, 0xd1, 0xd0, 0xd0, 0xcf, 0xcf, 0xcf, 0xce, 0xcd, 0xcd, 0xcd, 0xcd, 0xcd, 0xcc,
  0xcb, 0xcb, 0xcb, 0xcb, 0xca, 0xc9, 0xc9, 0xc9, 0xc9, 0xc8, 0xc7, 0xc7, 0xc7, 0xc7, 0xc6, 0xc5,
  0xc4, 0xc5, 0xc5, 0xc5, 0xc3, 0xc3, 0xc2, 0xc3, 0xc2, 0xc1, 0xc0, 0xc0, 0xc1, 0xc1, 0xc0, 0xbf,
  0xbe, 0xbe, 0xbf, 0xbe, 0xbc, 0xbc, 0xbc, 0xbd, 0xbd, 0xbb, 0xb9, 0xb9, 0xba, 0xbb, 0xb9, 0xb7,
  0xb7, 0xb8, 0xba, 0xb9, 0xb5, 0xb4, 0xb5, 0xb8, 0xb8, 0xb4, 0xaf, 0xb1, 0xb9, 0xbd, 0xb1, 0x93,
  0x6c, 0x4d, 0x41, 0x45, 0x4d, 0x4f, 0x4a, 0x46, 0x46, 0x49, 0x4a, 0x49, 0x45, 0x44, 0x46, 0x47,
  0x47, 0x45, 0x43, 0x44, 0x45, 0x45, 0x43, 0x41, 0x41, 0x42, 0x42, 0x42, 0x40, 0x3f, 0x40, 0x40,
  0x3f, 0x3e, 0x3d, 0x3d, 0x3e, 0x3e, 0x3d, 0x3c, 0x3b, 0x3c, 0x3b, 0x3b, 0x39, 0x39, 0x39, 0x3a,
  0x39, 0x38, 0x37, 0x37, 0x37, 0x37, 0x36, 0x35, 0x35, 0x35, 0x35, 0x34, 0x33, 0x33, 0x33, 0x33,
  0x32, 0x31, 0x31, 0x31, 0x31, 0x31, 0x30, 0x2f, 0x2f, 0x2f, 0x2e, 0x2e, 0x2d, 0x2d, 0x2d, 0x2d,
  0x2c, 0x2b, 0x2a, 0x2a, 0x2a, 0x2a, 0x29, 0x28, 0x28, 0x28, 0x28, 0x27, 0x26, 0x26, 0x26, 0x26,
  0x25, 0x24, 0x24, 0x24, 0x24, 0x23, 0x23, 0x22, 0x22, 0x22, 0x21, 0x21, 0x20, 0x20, 0x20, 0x20,
  0x1f, 0x1e, 0x1d, 0x1d, 0x1d, 0x1d, 0x1c, 0x1c, 0x1c, 0x1b, 0x1b, 0x1a, 0x19, 0x19, 0x19, 0x19,
  0x19, 0x1a, 0x1a, 0x1b, 0x1c, 0x1d, 0x1d, 0x1e, 0x1f, 0x20, 0x21, 0x22, 0x22, 0x23, 0x24, 0x25,
  0x26, 0x26, 0x27, 0x28, 0x29, 0x2a, 0x2b, 0x2b, 0x2c, 0x2d, 0x2e, 0x2e, 0x2f, 0x30, 0x31, 0x32,
  0x33, 0x33, 0x34, 0x35, 0x36, 0x36, 0x37, 0x38, 0x39, 0x3a, 0x3b, 0x3b, 0x3c, 0x3d, 0x3e, 0x3e,
  0x3f, 0x40, 0x41, 0x42, 0x43, 0x44, 0x44, 0x45, 0x46, 0x46, 0x47, 0x48, 0x49, 0x4a, 0x4b, 0x4c,
  0x4c, 0x4d, 0x4d, 0x4e, 0x4f, 0x50, 0x51, 0x52, 0x53, 0x54, 0x54, 0x55, 0x55, 0x56, 0x57, 0x58,
  0x59, 0x5a, 0x5b, 0x5c, 0x5c, 0x5d, 0x5d, 0x5e, 0x5f, 0x60, 0x61, 0x62, 0x63, 0x63, 0x64, 0x65,
  0x65, 0x66, 0x67, 0x68, 0x69, 0x6a, 0x6b, 0x6b, 0x6c, 0x6d, 0x6e, 0x6e, 0x6f, 0x70, 0x71, 0x72,
  0x73, 0x73, 0x74, 0x75, 0x76, 0x76, 0x77, 0x78, 0x79, 0x7a, 0x7b, 0x7b, 0x7c, 0x7d, 0x7e, 0x7f,
  0x80, 0x80, 0x81, 0x82, 0x82, 0x83, 0x83, 0x84, 0x85, 0x86, 0x87, 0x87, 0x88, 0x88, 0x89, 0x8a,
  0x8a, 0x8b, 0x8c, 0x8d, 0x8e, 0x8e, 0x8f, 0x8f, 0x90, 0x91, 0x92, 0x92, 0x93, 0x94, 0x95, 0x95,
  0x96, 0x96, 0x97, 0x98, 0x99, 0x99, 0x9a, 0x9b, 0x9c, 0x9c, 0x9d, 0x9d, 0x9e, 0x9f, 0xa0, 0xa1,
  0xa1, 0xa2, 0xa3, 0xa3, 0xa4, 0xa4, 0xa5, 0xa6, 0xa7, 0xa8, 0xa8, 0xa9, 0xa9, 0xaa, 0xab, 0xab,
  0xac, 0xad, 0xae, 0xaf, 0xaf, 0xb0, 0xb0, 0xb1, 0xb2, 0xb3, 0xb3, 0xb3, 0xb4, 0xb6, 0xb7, 0xb7,
  0xb7, 0xb8, 0xb9, 0xba, 0xba, 0xbb, 0xbb, 0xbc, 0xbd, 0xbe, 0xbf, 0xbf, 0xc0, 0xc1, 0xc1, 0xc2,
  0xc2, 0xc3, 0xc4, 0xc5, 0xc6, 0xc6, 0xc6, 0xc7, 0xc8, 0xc9, 0xc9, 0xca, 0xcb, 0xcc, 0xcd, 0xcd,
  0xcd, 0xce, 0xcf, 0xd0, 0xd1, 0xd1, 0xd2, 0xd3, 0xd4, 0xd4, 0xd5, 0xd5, 0xd6, 0xd7, 0xd8, 0xd8,
  0xd8, 0xd8, 0xd9, 0xd9, 0xd8, 0xd8, 0xd8, 0xd8, 0xd8, 0xd8, 0xd8, 0xd7, 0xd7, 0xd8, 0xd7, 0xd7,
  0xd7, 0xd7, 0xd7, 0xd7, 0xd7, 0xd6, 0xd6, 0xd6, 0xd6, 0xd6, 0xd6, 0xd6, 0xd6, 0xd6, 0xd6, 0xd5,
  0xd5, 0xd5, 0xd5, 0xd5, 0xd5, 0xd5, 0xd5, 0xd5, 0xd5, 0xd5, 0xd4, 0xd4, 0xd4, 0xd5, 0xd4, 0xd4,
  0xd3, 0xd3, 0xd4, 0xd4, 0xd3, 0xd2, 0xd3, 0xd3, 0xd4, 0xd3, 0xd2, 0xd2, 0xd3, 0xd3, 0xd2, 0xd2,
  0xd1, 0xd2, 0xd3, 0xd3, 0xd2, 0xd1, 0xd1, 0xd2, 0xd2, 0xd1, 0xd0, 0xd0, 0xd1, 0xd2, 0xd1, 0xd0,
  0xd0, 0xd0, 0xd1, 0xd1, 0xd0, 0xcf, 0xd0, 0xd1, 0xd1, 0xd0, 0xce, 0xce, 0xd0, 0xd0, 0xcf, 0xce,
  0xce, 0xcf, 0xd0, 0xcf, 0xcd, 0xcc, 0xcd, 0xcf, 0xd0, 0xce, 0xcc, 0xcc, 0xce, 0xd0, 0xce, 0xcb,
  0xcb, 0xcd, 0xd0, 0xcf, 0xcb, 0xc9, 0xcc, 0xd0, 0xd1, 0xca, 0xc4, 0xc8, 0xd4, 0xda, 0xc9, 0x9c,
  0x62, 0x35, 0x24, 0x2a, 0x36, 0x3a, 0x34, 0x2d, 0x2e, 0x32, 0x35, 0x33, 0x2f, 0x2e, 0x31, 0x33,
  0x33, 0x30, 0x2e, 0x30, 0x32, 0x32, 0x30, 0x2e, 0x2f, 0x31, 0x32, 0x31, 0x2f, 0x2e, 0x2f, 0x30,
  0x30, 0x2f, 0x2e, 0x2e, 0x30, 0x30, 0x2e, 0x2d, 0x2d, 0x2e, 0x2f, 0x2e, 0x2d, 0x2d, 0x2e, 0x2e,
  0x2e, 0x2d, 0x2c, 0x2d, 0x2e, 0x2e, 0x2d, 0x2c, 0x2c, 0x2d, 0x2d, 0x2c, 0x2b, 0x2b, 0x2c, 0x2d,
  0x2c, 0x2c, 0x2b, 0x2c, 0x2c, 0x2c, 0x2b, 0x2a, 0x2b, 0x2b, 0x2c, 0x2b, 0x2a, 0x2a, 0x2b, 0x2b,
  0x2a, 0x2a, 0x29, 0x2a, 0x2b, 0x2a, 0x2a, 0x29, 0x29, 0x29, 0x29, 0x29, 0x29, 0x29, 0x29, 0x29,
  0x29, 0x28, 0x28, 0x28, 0x28, 0x28, 0x28, 0x28, 0x28, 0x28, 0x28, 0x27, 0x27, 0x27, 0x27, 0x27,
  0x27, 0x27, 0x26, 0x27, 0x27, 0x26, 0x26, 0x26, 0x26, 0x26, 0x26, 0x26, 0x25, 0x25, 0x26, 0x26,
  0x26, 0x26, 0x27, 0x28, 0x29, 0x29, 0x2a, 0x2a, 0x2b, 0x2c, 0x2d, 0x2d, 0x2e, 0x2f, 0x30, 0x31,
  0x31, 0x31, 0x32, 0x33, 0x34, 0x35, 0x35, 0x36, 0x37, 0x38, 0x38, 0x38, 0x39, 0x3a, 0x3b, 0x3c,
  0x3c, 0x3d, 0x3d, 0x3e, 0x3f, 0x3f, 0x40, 0x40, 0x42, 0x43, 0x43, 0x44, 0x44, 0x45, 0x46, 0x47,
  0x47, 0x47, 0x48, 0x4a, 0x4b, 0x4b, 0x4b, 0x4c, 0x4d, 0x4e, 0x4e, 0x4f, 0x4f, 0x50, 0x51, 0x52,
  0x53, 0x53, 0x54, 0x55, 0x55, 0x56, 0x56, 0x57, 0x58, 0x59, 0x5a, 0x5a, 0x5b, 0x5b, 0x5c, 0x5d,
  0x5d, 0x5e, 0x5f, 0x60, 0x61, 0x61, 0x62, 0x62, 0x63, 0x64, 0x65, 0x65, 0x66, 0x67, 0x68, 0x68,
  0x69, 0x69, 0x6a, 0x6b, 0x6c, 0x6c, 0x6d, 0x6e, 0x6f, 0x70, 0x70, 0x70, 0x71, 0x72, 0x73, 0x74,
  0x74, 0x75, 0x76, 0x76, 0x77, 0x77, 0x78, 0x79, 0x7a, 0x7b, 0x7b, 0x7c, 0x7c, 0x7d, 0x7e, 0x7f,
  0x80, 0x80, 0x81, 0x82, 0x82, 0x82, 0x82, 0x83, 0x84, 0x85, 0x86, 0x86, 0x87, 0x87, 0x88, 0x88,
  0x88, 0x89, 0x8a, 0x8b, 0x8c, 0x8c, 0x8d, 0x8d, 0x8e, 0x8e, 0x8f, 0x8f, 0x90, 0x91, 0x92, 0x92,
  0x93, 0x93, 0x94, 0x94, 0x95, 0x95, 0x96, 0x97, 0x98, 0x99, 0x99, 0x99, 0x99, 0x9a, 0x9b, 0x9b,
  0x9c, 0x9d, 0x9e, 0x9f, 0x9f, 0x9f, 0x9f, 0xa0, 0xa1, 0xa2, 0xa2, 0xa3, 0xa3, 0xa5, 0xa5, 0xa5,
  0xa5, 0xa6, 0xa7, 0xa8, 0xa8, 0xa9, 0xa9, 0xaa, 0xab, 0xac, 0xac, 0xac, 0xac, 0xae, 0xae, 0xaf,
  0xaf, 0xb0, 0xb1, 0xb2, 0xb2, 0xb2, 0xb2, 0xb3, 0xb4, 0xb5, 0xb6, 0xb6, 0xb7, 0xb8, 0xb8, 0xb8,
  0xb8, 0xb9, 0xba, 0xbb, 0xbc, 0xbc, 0xbc, 0xbd, 0xbe, 0xbe, 0xbe, 0xbf, 0xc0, 0xc1, 0xc2, 0xc2,
  0xc2, 0xc3, 0xc4, 0xc5, 0xc5, 0xc5, 0xc6, 0xc7, 0xc8, 0xc9, 0xc9, 0xc9, 0xca, 0xcb, 0xcb, 0xcc,
  0xcc, 0xcc, 0xcd, 0xcd, 0xcd, 0xcc, 0xcd, 0xcd, 0xce, 0xce, 0xce, 0xce, 0xce, 0xcf, 0xcf, 0xcf,
  0xcf, 0xcf, 0xd0, 0xd0, 0xd0, 0xd0, 0xd0, 0xd1, 0xd1, 0xd1, 0xd1, 0xd1, 0xd2, 0xd2, 0xd3, 0xd2,
  0xd2, 0xd2, 0xd3, 0xd3, 0xd3, 0xd3, 0xd3, 0xd4, 0xd5, 0xd5, 0xd4, 0xd4, 0xd5, 0xd6, 0xd6, 0xd5,
  0xd5, 0xd5, 0xd6, 0xd7, 0xd6, 0xd6, 0xd6, 0xd7, 0xd8, 0xd8, 0xd7, 0xd7, 0xd8, 0xd9, 0xd9, 0xd8,
  0xd8, 0xd9, 0xda, 0xda, 0xd9, 0xd9, 0xd9, 0xda, 0xdb, 0xdb, 0xda, 0xda, 0xdb, 0xdc, 0xdc, 0xdb,
  0xdb, 0xdc, 0xdd, 0xdd, 0xdc, 0xdc, 0xdc, 0xde, 0xde, 0xdd, 0xdc, 0xdd, 0xdf, 0xe0, 0xdf, 0xdd,
  0xdd, 0xdf, 0xe1, 0xe1, 0xdf, 0xde, 0xdf, 0xe2, 0xe3, 0xe0, 0xde, 0xdf, 0xe3, 0xe4, 0xe2, 0xdf,
  0xdf, 0xe3, 0xe7, 0xe5, 0xe0, 0xdd, 0xe2, 0xe9, 0xea, 0xe2, 0xda, 0xdf, 0xef, 0xf8, 0xe1, 0xa5,
  0x59, 0x1d, 0x06, 0x0f, 0x1f, 0x24, 0x1c, 0x14, 0x15, 0x1c, 0x21, 0x1e, 0x19, 0x17, 0x1b, 0x1f,
  0x1f, 0x1b, 0x1a, 0x1b, 0x1f, 0x20, 0x1e, 0x1b, 0x1c, 0x1f, 0x20, 0x1f, 0x1d, 0x1d, 0x1f, 0x21,
  0x21, 0x1f, 0x1e, 0x1f, 0x21, 0x22, 0x21, 0x20, 0x20, 0x22, 0x23, 0x22, 0x21, 0x21, 0x22, 0x23,
  0x23, 0x22, 0x22, 0x23, 0x24, 0x24, 0x23, 0x23, 0x23, 0x25, 0x25, 0x25, 0x24, 0x24, 0x25, 0x26,
  0x26, 0x25, 0x25, 0x26, 0x27, 0x27, 0x26, 0x26, 0x27, 0x28, 0x28, 0x28, 0x27, 0x28, 0x29, 0x29,
  0x29, 0x28, 0x28, 0x29, 0x2a, 0x2a, 0x2a, 0x29, 0x2a, 0x2b, 0x2b, 0x2b, 0x2b, 0x2b, 0x2c, 0x2c,
  0x2c, 0x2b, 0x2c, 0x2c, 0x2d, 0x2d, 0x2d, 0x2d, 0x2d, 0x2e, 0x2e, 0x2e, 0x2e, 0x2e, 0x2f, 0x2f,
  0x2f, 0x2f, 0x2f, 0x30, 0x30, 0x30, 0x30, 0x30, 0x31, 0x31, 0x32, 0x31, 0x31, 0x31, 0x32, 0x33,
  0x33, 0x33, 0x33, 0x34, 0x35, 0x35, 0x35, 0x36, 0x37, 0x38, 0x39, 0x39, 0x39, 0x3a, 0x3b, 0x3c,
  0x3c, 0x3c, 0x3d, 0x3e, 0x3f, 0x40, 0x40, 0x40, 0x41, 0x42, 0x42, 0x42, 0x43, 0x44, 0x45, 0x46,
  0x46, 0x46, 0x46, 0x47, 0x48, 0x48, 0x49, 0x4a, 0x4b, 0x4c, 0x4c, 0x4c, 0x4c, 0x4d, 0x4e, 0x4f,
  0x4f, 0x50, 0x50, 0x52, 0x52, 0x52, 0x52, 0x53, 0x54, 0x55, 0x55, 0x56, 0x56, 0x57, 0x58, 0x59,
  0x59, 0x59, 0x59, 0x5b, 0x5b, 0x5c, 0x5c, 0x5d, 0x5e, 0x5f, 0x5f, 0x5f, 0x5f, 0x60, 0x61, 0x62,
  0x63, 0x63, 0x64, 0x65, 0x65, 0x65, 0x65, 0x66, 0x67, 0x68, 0x69, 0x69, 0x6a, 0x6a, 0x6b, 0x6b,
  0x6c, 0x6c, 0x6d, 0x6e, 0x6f, 0x6f, 0x6f, 0x70, 0x71, 0x72, 0x72, 0x72, 0x73, 0x74, 0x75, 0x76,
  0x76, 0x76, 0x77, 0x77, 0x78, 0x78, 0x79, 0x7a, 0x7b, 0x7c, 0x7c, 0x7c, 0x7c, 0x7d, 0x7e, 0x7f,
  0x80, 0x80, 0x81, 0x82, 0x82, 0x82, 0x82, 0x83, 0x84, 0x85, 0x85, 0x85, 0x85, 0x86, 0x87, 0x87,
  0x87, 0x88, 0x89, 0x8a, 0x8a, 0x8a, 0x8a, 0x8b, 0x8c, 0x8d, 0x8d, 0x8d, 0x8d, 0x8e, 0x8f, 0x8f,
  0x8f, 0x90, 0x91, 0x92, 0x92, 0x92, 0x92, 0x93, 0x94, 0x95, 0x95, 0x95, 0x95, 0x96, 0x97, 0x97,
  0x97, 0x98, 0x99, 0x9a, 0x9a, 0x9a, 0x9a, 0x9b, 0x9c, 0x9d, 0x9d, 0x9d, 0x9d, 0x9f, 0x9f, 0x9f,
  0x9f, 0xa0, 0xa1, 0xa2, 0xa2, 0xa2, 0xa2, 0xa3, 0xa4, 0xa5, 0xa5, 0xa5, 0xa6, 0xa7, 0xa7, 0xa7,
  0xa7, 0xa8, 0xa9, 0xaa, 0xaa, 0xaa, 0xaa, 0xab, 0xac, 0xad, 0xad, 0xad, 0xae, 0xaf, 0xaf, 0xaf,
  0xaf, 0xb0, 0xb1, 0xb2, 0xb2, 0xb2, 0xb2, 0xb3, 0xb4, 0xb5, 0xb4, 0xb5, 0xb6, 0xb7, 0xb7, 0xb7,
  0xb7, 0xb8, 0xb9, 0xba, 0xba, 0xba, 0xba, 0xbb, 0xbc, 0xbd, 0xbc, 0xbd, 0xbe, 0xbf, 0xbf, 0xbf,
  0xbf, 0xc0, 0xc1, 0xc2, 0xc2, 0xc2, 0xc2, 0xc3, 0xc4, 0xc5, 0xc4, 0xc5, 0xc6, 0xc7, 0xc7, 0xc7,
  0xc7, 0xc8, 0xc9, 0xca, 0xca, 0xca, 0xca, 0xcc, 0xcd, 0xcd, 0xcc, 0xcd, 0xce, 0xcf, 0xcf, 0xcf,
  0xcf, 0xd0, 0xd1, 0xd2, 0xd2, 0xd1, 0xd2, 0xd4, 0xd5, 0xd5, 0xd4, 0xd4, 0xd6, 0xd7, 0xd7, 0xd7,
  0xd7, 0xd8, 0xda, 0xda, 0xda, 0xd9, 0xda, 0xdc, 0xdd, 0xdc, 0xdc, 0xdc, 0xde, 0xdf, 0xdf, 0xdf,
  0xdf, 0xe0, 0xe2, 0xe2, 0xe1, 0xe1, 0xe2, 0xe4, 0xe5, 0xe4, 0xe4, 0xe4, 0xe6, 0xe8, 0xe7, 0xe6,
  0xe6, 0xe8, 0xea, 0xea, 0xe9, 0xe9, 0xea, 0xec, 0xed, 0xec, 0xeb, 0xec, 0xef, 0xf0, 0xf0, 0xee,
  0xee, 0xf0, 0xf3, 0xf3, 0xf1, 0xef, 0xf2, 0xf6, 0xf7, 0xf4, 0xf1, 0xf3, 0xf8, 0xfa, 0xf8, 0xf4,
  0xf4, 0xf9, 0xfe, 0xfd, 0xf6, 0xf3, 0xf9, 0xff, 0xff, 0xf9, 0xf0, 0xf6, 0xff, 0xff, 0xfa, 0xb0,
  0x50, 0x05, 0x00, 0x00, 0x09, 0x0f, 0x06, 0x00, 0x00, 0x06, 0x0c, 0x09, 0x02, 0x01, 0x06, 0x0b,
  0x0b, 0x07, 0x05, 0x07, 0x0c, 0x0e, 0x0b, 0x08, 0x09, 0x0d, 0x10, 0x0e, 0x0c, 0x0c, 0x0f, 0x11,
  0x11, 0x0f, 0x0f, 0x10, 0x13, 0x14, 0x13, 0x12, 0x13, 0x15, 0x16, 0x16, 0x15, 0x15, 0x17, 0x19,
  0x19, 0x18, 0x17, 0x19, 0x1b, 0x1b, 0x1b, 0x1a, 0x1b, 0x1d, 0x1e, 0x1e, 0x1d, 0x1d, 0x1f, 0x20,
  0x20, 0x20, 0x20, 0x21, 0x23, 0x23, 0x23, 0x22, 0x23, 0x25, 0x26, 0x25, 0x25, 0x25, 0x27, 0x28,
  0x28, 0x28, 0x28, 0x29, 0x2b, 0x2b, 0x2a, 0x2a, 0x2b, 0x2d, 0x2e, 0x2d, 0x2d, 0x2e, 0x2f, 0x30,
  0x30, 0x30, 0x30, 0x31, 0x32, 0x33, 0x32, 0x32, 0x33, 0x35, 0x35, 0x35, 0x35, 0x36, 0x37, 0x38,
  0x38, 0x38, 0x38, 0x39, 0x3a, 0x3b, 0x3a, 0x3b, 0x3c, 0x3d, 0x3d, 0x3d, 0x3d, 0x3e, 0x3f, 0x40,
  0x40, 0x40, 0x40, 0x41, 0x42, 0x43, 0x42, 0x43, 0x44, 0x45, 0x45, 0x45, 0x45, 0x46, 0x47, 0x48,
  0x48, 0x48, 0x48, 0x49, 0x4a, 0x4b, 0x4a, 0x4b, 0x4c, 0x4d, 0x4d, 0x4d, 0x4d, 0x4e, 0x4f, 0x50,
  0x50, 0x50, 0x50, 0x51, 0x52, 0x52, 0x52, 0x53, 0x54, 0x55, 0x55, 0x55, 0x55, 0x56, 0x57, 0x58,
  0x58, 0x58, 0x58, 0x59, 0x5a, 0x5a, 0x5a, 0x5b, 0x5c, 0x5d, 0x5d, 0x5d, 0x5d, 0x5e, 0x5f, 0x60,
  0x60, 0x60, 0x60, 0x62, 0x62, 0x62, 0x62, 0x63, 0x64, 0x65, 0x65, 0x65, 0x65, 0x66, 0x67, 0x68,
  0x68, 0x68, 0x69, 0x6a, 0x6a, 0x6a, 0x6a, 0x6b, 0x6c, 0x6d, 0x6d, 0x6d, 0x6d, 0x6e, 0x6f, 0x70,
  0x70, 0x70, 0x71, 0x72, 0x72, 0x72, 0x72, 0x73, 0x74, 0x75, 0x75, 0x75, 0x75, 0x76, 0x77, 0x78,
  0x78, 0x78, 0x79, 0x7a, 0x7a, 0x7a, 0x7a, 0x7b, 0x7c, 0x7d, 0x7d, 0x7d, 0x7d, 0x7e, 0x7f, 0x80,
  0x7f, 0x91, 0x9c, 0x9e, 0x9b, 0x98, 0x99, 0x9b, 0x9d, 0x9d, 0x9c, 0x9c, 0x9d, 0x9f, 0x9f, 0x9e,
  0x9e, 0x9e, 0xa0, 0xa1, 0xa1, 0xa1, 0xa1, 0xa2, 0xa3, 0xa3, 0xa2, 0xa2, 0xa3, 0xa5, 0xa6, 0xa5,
  0xa5, 0xa5, 0xa6, 0xa7, 0xa7, 0xa7, 0xa7, 0xa8, 0xaa, 0xaa, 0xa9, 0xa9, 0xaa, 0xab, 0xab, 0xab,
  0xab, 0xac, 0xad, 0xae, 0xae, 0xad, 0xae, 0xae, 0xaf, 0xb0, 0xaf, 0xb0, 0xb1, 0xb2, 0xb2, 0xb2,
  0xb2, 0xb2, 0xb3, 0xb4, 0xb4, 0xb4, 0xb4, 0xb5, 0xb6, 0xb6, 0xb6, 0xb6, 0xb7, 0xb8, 0xb8, 0xb8,
  0xb8, 0xb9, 0xba, 0xbb, 0xba, 0xba, 0xba, 0xbb, 0xbc, 0xbd, 0xbd, 0xbd, 0xbe, 0xbe, 0xbf, 0xbe,
  0xbe, 0xbf, 0xc0, 0xc1, 0xc1, 0xc1, 0xc1, 0xc2, 0xc3, 0xc3, 0xc2, 0xc3, 0xc4, 0xc5, 0xc5, 0xc5,
  0xc5, 0xc6, 0xc7, 0xc7, 0xc7, 0xc7, 0xc7, 0xc8, 0xca, 0xca, 0xc9, 0xc9, 0xca, 0xcb, 0xcb, 0xcb,
  0xcb, 0xcc, 0xcd, 0xce, 0xce, 0xcd, 0xce, 0xcf, 0xcf, 0xcf, 0xcf, 0xd0, 0xd1, 0xd2, 0xd2, 0xd2,
  0xd1, 0xd2, 0xd3, 0xd4, 0xd4, 0xd4, 0xd4, 0xd6, 0xd6, 0xd6, 0xd5, 0xd6, 0xd7, 0xd8, 0xd8, 0xd8,
  0xd8, 0xd9, 0xda, 0xdb, 0xda, 0xd9, 0xda, 0xdc, 0xdd, 0xdd, 0xdc, 0xdd, 0xde, 0xdf, 0xdf, 0xde,
  0xde, 0xdf, 0xe1, 0xe1, 0xe1, 0xe0, 0xe1, 0xe3, 0xe3, 0xe3, 0xe2, 0xe2, 0xe4, 0xe5, 0xe5, 0xe5,
  0xe4, 0xe6, 0xe7, 0xe7, 0xe6, 0xe6, 0xe7, 0xe9, 0xea, 0xe9, 0xe8, 0xe9, 0xeb, 0xec, 0xeb, 0xea,
  0xea, 0xec, 0xee, 0xef, 0xed, 0xec, 0xed, 0xf0, 0xf0, 0xef, 0xee, 0xef, 0xf2, 0xf4, 0xf2, 0xf0,
  0xf0, 0xf2, 0xf5, 0xf5, 0xf2, 0xf1, 0xf4, 0xf8, 0xf8, 0xf6, 0xf3, 0xf4, 0xf9, 0xfb, 0xf9, 0xf5,
  0xf5, 0xfa, 0xff, 0xfd, 0xf7, 0xf4, 0xf9, 0xff, 0xff, 0xf9, 0xf0, 0xf6, 0xff, 0xff, 0xfb, 0xb0,
  0x4f, 0x04, 0x00, 0x00, 0x08, 0x0e, 0x05, 0x00, 0x00, 0x05, 0x0a, 0x07, 0x01, 0x00, 0x04, 0x09,
  0x09, 0x05, 0x03, 0x05, 0x0a, 0x0b, 0x08, 0x06, 0x06, 0x0a, 0x0c, 0x0c, 0x09, 0x09, 0x0c, 0x0e,
  0x0e, 0x0c, 0x0b, 0x0c, 0x0f, 0x10, 0x0f, 0x0e, 0x0e, 0x11, 0x12, 0x11, 0x10, 0x10, 0x12, 0x14,
  0x14, 0x13, 0x12, 0x13, 0x15, 0x16, 0x15, 0x14, 0x15, 0x17, 0x18, 0x18, 0x17, 0x17, 0x18, 0x19,
  0x19, 0x19, 0x19, 0x1a, 0x1c, 0x1c, 0x1c, 0x1b, 0x1c, 0x1d, 0x1e, 0x1d, 0x1d, 0x1e, 0x1f, 0x20,
  0x20, 0x1f, 0x1f, 0x20, 0x21, 0x22, 0x22, 0x21, 0x22, 0x24, 0x24, 0x24, 0x23, 0x24, 0x25, 0x26,
  0x26, 0x26, 0x26, 0x27, 0x28, 0x28, 0x28, 0x28, 0x28, 0x2a, 0x2a, 0x2a, 0x2a, 0x2b, 0x2c, 0x2d,
  0x2c, 0x2c, 0x2c, 0x2d, 0x2e, 0x2f, 0x2f, 0x2f, 0x2f, 0x30, 0x31, 0x30, 0x30, 0x31, 0x32, 0x33,
  0x33, 0x33, 0x33, 0x34, 0x35, 0x35, 0x34, 0x35, 0x36, 0x37, 0x37, 0x37, 0x37, 0x38, 0x38, 0x39,
  0x39, 0x39, 0x39, 0x3a, 0x3b, 0x3c, 0x3b, 0x3b, 0x3c, 0x3d, 0x3d, 0x3d, 0x3d, 0x3e, 0x3f, 0x40,
  0x40, 0x40, 0x40, 0x40, 0x41, 0x41, 0x41, 0x42, 0x43, 0x44, 0x44, 0x44, 0x44, 0x44, 0x45, 0x46,
  0x46, 0x46, 0x46, 0x47, 0x48, 0x48, 0x48, 0x48, 0x49, 0x49, 0x4a, 0x4a, 0x4a, 0x4b, 0x4c, 0x4c,
  0x4c, 0x4c, 0x4c, 0x4d, 0x4e, 0x4f, 0x4f, 0x4f, 0x50, 0x50, 0x50, 0x50, 0x50, 0x51, 0x52, 0x53,
  0x53, 0x53, 0x53, 0x54, 0x54, 0x55, 0x55, 0x55, 0x56, 0x57, 0x57, 0x57, 0x57, 0x58, 0x58, 0x59,
  0x59, 0x59, 0x59, 0x5a, 0x5b, 0x5c, 0x5c, 0x5b, 0x5c, 0x5d, 0x5d, 0x5d, 0x5d, 0x5e, 0x5f, 0x60,
  0x60, 0x60, 0x5f, 0x60, 0x61, 0x62, 0x62, 0x61, 0x62, 0x63, 0x65, 0x66, 0x63, 0x61, 0x63, 0x6e,
  0x7f, 0xa2, 0xb7, 0xbb, 0xb5, 0xaf, 0xb0, 0xb5, 0xb8, 0xb6, 0xb4, 0xb3, 0xb5, 0xb8, 0xb8, 0xb6,
  0xb5, 0xb6, 0xb9, 0xb9, 0xb8, 0xb7, 0xb7, 0xb9, 0xba, 0xba, 0xb9, 0xb9, 0xba, 0xbc, 0xbc, 0xbb,
  0xbb, 0xbb, 0xbd, 0xbd, 0xbd, 0xbc, 0xbd, 0xbe, 0xbf, 0xbf, 0xbe, 0xbe, 0xbf, 0xc0, 0xc1, 0xc0,
  0xc0, 0xc0, 0xc2, 0xc2, 0xc2, 0xc1, 0xc1, 0xc3, 0xc4, 0xc4, 0xc3, 0xc3, 0xc4, 0xc5, 0xc5, 0xc5,
  0xc4, 0xc5, 0xc6, 0xc7, 0xc7, 0xc6, 0xc7, 0xc8, 0xc8, 0xc8, 0xc8, 0xc8, 0xc9, 0xca, 0xca, 0xca,
  0xc9, 0xca, 0xcb, 0xcb, 0xcb, 0xcb, 0xcb, 0xcc, 0xcd, 0xcd, 0xcd, 0xcd, 0xce, 0xce, 0xcf, 0xce,
  0xce, 0xcf, 0xd0, 0xd1, 0xd0, 0xd0, 0xd0, 0xd1, 0xd2, 0xd2, 0xd1, 0xd2, 0xd3, 0xd4, 0xd4, 0xd3,
  0xd3, 0xd3, 0xd5, 0xd5, 0xd5, 0xd5, 0xd5, 0xd6, 0xd7, 0xd7, 0xd6, 0xd6, 0xd7, 0xd8, 0xd8, 0xd8,
  0xd8, 0xd9, 0xda, 0xda, 0xda, 0xd9, 0xda, 0xdb, 0xdc, 0xdb, 0xdb, 0xdb, 0xdc, 0xdd, 0xdd, 0xdc,
  0xdc, 0xdd, 0xde, 0xdf, 0xdf, 0xde, 0xdf, 0xe0, 0xe0, 0xe0, 0xdf, 0xe0, 0xe1, 0xe2, 0xe2, 0xe1,
  0xe1, 0xe2, 0xe3, 0xe4, 0xe3, 0xe2, 0xe3, 0xe5, 0xe6, 0xe5, 0xe4, 0xe5, 0xe6, 0xe7, 0xe7, 0xe6,
  0xe6, 0xe7, 0xe9, 0xe9, 0xe8, 0xe7, 0xe8, 0xea, 0xea, 0xea, 0xe9, 0xe9, 0xeb, 0xec, 0xec, 0xeb,
  0xea, 0xec, 0xed, 0xed, 0xec, 0xec, 0xed, 0xef, 0xf0, 0xee, 0xed, 0xee, 0xf0, 0xf1, 0xf0, 0xef,
  0xef, 0xf1, 0xf3, 0xf3, 0xf1, 0xf0, 0xf1, 0xf4, 0xf5, 0xf3, 0xf2, 0xf3, 0xf5, 0xf7, 0xf5, 0xf3,
  0xf3, 0xf6, 0xf8, 0xf8, 0xf5, 0xf4, 0xf6, 0xfa, 0xfa, 0xf7, 0xf5, 0xf6, 0xfb, 0xfd, 0xfb, 0xf6,
  0xf6, 0xfb, 0xff, 0xfe, 0xf7, 0xf4, 0xfa, 0xff, 0xff, 0xfa, 0xf0, 0xf6, 0xff, 0xff, 0xfa, 0xb0,
  0x4f, 0x04, 0x00, 0x00, 0x08, 0x0e, 0x04, 0x00, 0x00, 0x03, 0x09, 0x07, 0x00, 0x00, 0x03, 0x08,
  0x08, 0x03, 0x01, 0x03, 0x08, 0x09, 0x07, 0x04, 0x04, 0x08, 0x0a, 0x09, 0x06, 0x06, 0x08, 0x0b,
  0x0b, 0x09, 0x08, 0x09, 0x0b, 0x0c, 0x0b, 0x0a, 0x0a, 0x0d, 0x0e, 0x0d, 0x0b, 0x0b, 0x0d, 0x0f,
  0x0f, 0x0e, 0x0d, 0x0e, 0x10, 0x11, 0x10, 0x0f, 0x0f, 0x11, 0x12, 0x12, 0x11, 0x11, 0x12, 0x13,
  0x13, 0x12, 0x12, 0x13, 0x15, 0x15, 0x15, 0x14, 0x15, 0x16, 0x17, 0x16, 0x15, 0x16, 0x17, 0x18,
  0x18, 0x18, 0x17, 0x18, 0x19, 0x1a, 0x19, 0x19, 0x19, 0x1b, 0x1b, 0x1b, 0x1b, 0x1b, 0x1c, 0x1d,
  0x1c, 0x1c, 0x1c, 0x1d, 0x1e, 0x1f, 0x1e, 0x1e, 0x1e, 0x1f, 0x20, 0x20, 0x1f, 0x20, 0x21, 0x22,
  0x22, 0x21, 0x21, 0x22, 0x23, 0x23, 0x23, 0x23, 0x23, 0x24, 0x25, 0x24, 0x24, 0x24, 0x25, 0x26,
  0x26, 0x26, 0x26, 0x27, 0x28, 0x28, 0x27, 0x27, 0x28, 0x29, 0x29, 0x29, 0x29, 0x2a, 0x2a, 0x2b,
  0x2b, 0x2a, 0x2b, 0x2b, 0x2c, 0x2d, 0x2c, 0x2c, 0x2d, 0x2e, 0x2e, 0x2e, 0x2e, 0x2e, 0x2f, 0x30,
  0x30, 0x30, 0x30, 0x30, 0x31, 0x31, 0x31, 0x31, 0x32, 0x32, 0x33, 0x33, 0x33, 0x33, 0x34, 0x34,
  0x34, 0x34, 0x34, 0x35, 0x36, 0x36, 0x36, 0x36, 0x36, 0x37, 0x37, 0x37, 0x37, 0x38, 0x39, 0x39,
  0x39, 0x39, 0x39, 0x3a, 0x3a, 0x3b, 0x3b, 0x3b, 0x3b, 0x3c, 0x3d, 0x3d, 0x3c, 0x3c, 0x3d, 0x3e,
  0x3e, 0x3e, 0x3e, 0x3f, 0x40, 0x40, 0x40, 0x3f, 0x40, 0x41, 0x41, 0x42, 0x41, 0x41, 0x42, 0x43,
  0x43, 0x43, 0x42, 0x43, 0x44, 0x45, 0x45, 0x44, 0x44, 0x45, 0x46, 0x47, 0x46, 0x45, 0x46, 0x48,
  0x49, 0x48, 0x47, 0x47, 0x49, 0x4b, 0x4a, 0x48, 0x47, 0x4a, 0x4e, 0x4f, 0x4a, 0x44, 0x48, 0x5d,
  0x7f, 0xb2, 0xd2, 0xd7, 0xce, 0xc6, 0xc8, 0xce, 0xd2, 0xcf, 0xcb, 0xca, 0xcd, 0xd1, 0xd0, 0xce,
  0xcc, 0xce, 0xd0, 0xd1, 0xcf, 0xcd, 0xce, 0xd0, 0xd2, 0xd1, 0xd0, 0xcf, 0xd1, 0xd2, 0xd2, 0xd1,
  0xd0, 0xd1, 0xd3, 0xd4, 0xd3, 0xd2, 0xd2, 0xd3, 0xd4, 0xd4, 0xd3, 0xd3, 0xd4, 0xd6, 0xd6, 0xd5,
  0xd4, 0xd5, 0xd6, 0xd6, 0xd6, 0xd5, 0xd5, 0xd7, 0xd8, 0xd7, 0xd6, 0xd6, 0xd7, 0xd8, 0xd8, 0xd8,
  0xd7, 0xd8, 0xd9, 0xda, 0xd9, 0xd8, 0xd8, 0xda, 0xda, 0xda, 0xda, 0xda, 0xdb, 0xdc, 0xdc, 0xdb,
  0xda, 0xdb, 0xdc, 0xdd, 0xdc, 0xdc, 0xdc, 0xdd, 0xde, 0xde, 0xdd, 0xdd, 0xde, 0xdf, 0xdf, 0xde,
  0xde, 0xdf, 0xe0, 0xe0, 0xe0, 0xdf, 0xdf, 0xe0, 0xe1, 0xe1, 0xe0, 0xe0, 0xe1, 0xe2, 0xe2, 0xe2,
  0xe1, 0xe2, 0xe3, 0xe3, 0xe2, 0xe2, 0xe3, 0xe4, 0xe5, 0xe4, 0xe3, 0xe3, 0xe4, 0xe5, 0xe5, 0xe4,
  0xe4, 0xe5, 0xe6, 0xe7, 0xe6, 0xe5, 0xe6, 0xe7, 0xe7, 0xe7, 0xe6, 0xe7, 0xe8, 0xe9, 0xe8, 0xe8,
  0xe7, 0xe8, 0xe9, 0xea, 0xe9, 0xe9, 0xe9, 0xea, 0xeb, 0xea, 0xe9, 0xea, 0xeb, 0xec, 0xec, 0xeb,
  0xeb, 0xec, 0xed, 0xed, 0xec, 0xeb, 0xec, 0xed, 0xee, 0xee, 0xed, 0xed, 0xee, 0xef, 0xef, 0xee,
  0xed, 0xef, 0xf0, 0xf0, 0xef, 0xef, 0xef, 0xf1, 0xf1, 0xf0, 0xef, 0xf0, 0xf2, 0xf3, 0xf2, 0xf1,
  0xf1, 0xf2, 0xf3, 0xf3, 0xf2, 0xf1, 0xf3, 0xf4, 0xf5, 0xf4, 0xf3, 0xf3, 0xf5, 0xf6, 0xf5, 0xf4,
  0xf4, 0xf6, 0xf7, 0xf7, 0xf5, 0xf4, 0xf6, 0xf8, 0xf8, 0xf7, 0xf5, 0xf6, 0xf9, 0xfa, 0xf9, 0xf6,
  0xf6, 0xf9, 0xfb, 0xfb, 0xf8, 0xf7, 0xf9, 0xfc, 0xfd, 0xfa, 0xf7, 0xf8, 0xfd, 0xff, 0xfc, 0xf8,
  0xf8, 0xfd, 0xff, 0xff, 0xf8, 0xf5, 0xfb, 0xff, 0xff, 0xfa, 0xf1, 0xf7, 0xff, 0xff, 0xfa, 0xaf,
  0x50, 0x04, 0x00, 0x00, 0x07, 0x0d, 0x04, 0x00, 0x00, 0x03, 0x08, 0x05, 0x00, 0x00, 0x01, 0x06,
  0x06, 0x02, 0x00, 0x02, 0x06, 0x07, 0x04, 0x01, 0x02, 0x05, 0x07, 0x06, 0x04, 0x03, 0x05, 0x08,
  0x08, 0x05, 0x04, 0x05, 0x08, 0x09, 0x07, 0x06, 0x06, 0x08, 0x0a, 0x09, 0x07, 0x07, 0x08, 0x0a,
  0x0a, 0x09, 0x08, 0x09, 0x0b, 0x0b, 0x0a, 0x09, 0x0a, 0x0b, 0x0c, 0x0c, 0x0b, 0x0b, 0x0c, 0x0d,
  0x0d, 0x0c, 0x0c, 0x0c, 0x0e, 0x0e, 0x0e, 0x0d, 0x0d, 0x0e, 0x0f, 0x0f, 0x0e, 0x0e, 0x0f, 0x10,
  0x10, 0x10, 0x0f, 0x10, 0x11, 0x11, 0x11, 0x10, 0x11, 0x12, 0x12, 0x12, 0x11, 0x11, 0x12, 0x13,
  0x13, 0x13, 0x12, 0x13, 0x14, 0x14, 0x14, 0x13, 0x14, 0x15, 0x15, 0x15, 0x15, 0x15, 0x16, 0x16,
  0x16, 0x16, 0x16, 0x16, 0x17, 0x17, 0x17, 0x17, 0x17, 0x18, 0x19, 0x18, 0x18, 0x18, 0x19, 0x19,
  0x1a, 0x19, 0x19, 0x1a, 0x1a, 0x1a, 0x1a, 0x1a, 0x1a, 0x1b, 0x1c, 0x1c, 0x1b, 0x1b, 0x1c, 0x1c,
  0x1c, 0x1c, 0x1c, 0x1d, 0x1d, 0x1e, 0x1e, 0x1d, 0x1e, 0x1e, 0x1f, 0x1e, 0x1e, 0x1e, 0x1f, 0x20,
  0x20, 0x20, 0x20, 0x20, 0x20, 0x21, 0x21, 0x20, 0x21, 0x22, 0x22, 0x22, 0x22, 0x22, 0x23, 0x23,
  0x23, 0x23, 0x23, 0x23, 0x24, 0x24, 0x24, 0x24, 0x24, 0x25, 0x25, 0x25, 0x25, 0x25, 0x25, 0x26,
  0x27, 0x26, 0x26, 0x27, 0x27, 0x28, 0x27, 0x27, 0x27, 0x28, 0x29, 0x29, 0x28, 0x28, 0x29, 0x2a,
  0x2a, 0x29, 0x29, 0x29, 0x2a, 0x2b, 0x2b, 0x2a, 0x2a, 0x2b, 0x2c, 0x2c, 0x2b, 0x2b, 0x2c, 0x2d,
  0x2e, 0x2d, 0x2c, 0x2c, 0x2d, 0x2e, 0x2e, 0x2d, 0x2d, 0x2e, 0x30, 0x30, 0x2f, 0x2d, 0x2e, 0x30,
  0x32, 0x30, 0x2e, 0x2e, 0x31, 0x34, 0x33, 0x2f, 0x2d, 0x30, 0x36, 0x37, 0x30, 0x27, 0x2d, 0x4c,
  0x7f, 0xc3, 0xed, 0xf4, 0xe8, 0xdd, 0xde, 0xe7, 0xec, 0xe9, 0xe3, 0xe2, 0xe6, 0xe9, 0xe9, 0xe5,
  0xe3, 0xe5, 0xe9, 0xea, 0xe7, 0xe5, 0xe5, 0xe8, 0xe9, 0xe8, 0xe6, 0xe5, 0xe8, 0xea, 0xe9, 0xe7,
  0xe6, 0xe7, 0xe9, 0xea, 0xe8, 0xe7, 0xe7, 0xe9, 0xeb, 0xea, 0xe8, 0xe8, 0xe9, 0xea, 0xea, 0xe9,
  0xe8, 0xe9, 0xeb, 0xeb, 0xea, 0xe9, 0xe9, 0xea, 0xeb, 0xeb, 0xea, 0xea, 0xeb, 0xec, 0xec, 0xea,
  0xea, 0xeb, 0xec, 0xec, 0xec, 0xeb, 0xeb, 0xed, 0xed, 0xec, 0xeb, 0xeb, 0xec, 0xed, 0xed, 0xec,
  0xec, 0xed, 0xee, 0xee, 0xed, 0xec, 0xec, 0xee, 0xef, 0xee, 0xed, 0xed, 0xee, 0xef, 0xee, 0xed,
  0xed, 0xee, 0xef, 0xf0, 0xef, 0xee, 0xee, 0xef, 0xf0, 0xef, 0xee, 0xef, 0xf0, 0xf1, 0xf1, 0xf0,
  0xef, 0xf0, 0xf1, 0xf1, 0xf0, 0xef, 0xf0, 0xf1, 0xf2, 0xf1, 0xf0, 0xf0, 0xf1, 0xf2, 0xf2, 0xf1,
  0xf1, 0xf2, 0xf3, 0xf3, 0xf2, 0xf1, 0xf2, 0xf3, 0xf4, 0xf3, 0xf2, 0xf2, 0xf3, 0xf4, 0xf3, 0xf2,
  0xf2, 0xf3, 0xf4, 0xf5, 0xf4, 0xf3, 0xf4, 0xf5, 0xf5, 0xf4, 0xf3, 0xf4, 0xf5, 0xf6, 0xf6, 0xf4,
  0xf4, 0xf5, 0xf6, 0xf6, 0xf5, 0xf4, 0xf5, 0xf7, 0xf7, 0xf6, 0xf5, 0xf5, 0xf6, 0xf7, 0xf7, 0xf6,
  0xf6, 0xf7, 0xf8, 0xf8, 0xf7, 0xf6, 0xf6, 0xf8, 0xf8, 0xf7, 0xf6, 0xf7, 0xf9, 0xf9, 0xf9, 0xf7,
  0xf7, 0xf8, 0xf9, 0xf9, 0xf8, 0xf7, 0xf9, 0xfa, 0xfa, 0xf9, 0xf7, 0xf8, 0xfa, 0xfb, 0xfa, 0xf9,
  0xf8, 0xfa, 0xfc, 0xfb, 0xf9, 0xf8, 0xf9, 0xfc, 0xfc, 0xfb, 0xf9, 0xfa, 0xfc, 0xfd, 0xfc, 0xf9,
  0xf9, 0xfc, 0xfe, 0xfe, 0xfb, 0xf9, 0xfb, 0xfe, 0xff, 0xfb, 0xf9, 0xfa, 0xff, 0xff, 0xfe, 0xf9,
  0xf9, 0xfe, 0xff, 0xff, 0xf9, 0xf6, 0xfc, 0xff, 0xff, 0xfb, 0xf1, 0xf7, 0xff, 0xff, 0xfa, 0xaf,
  0x4f, 0x05, 0x00, 0x00, 0x07, 0x0d, 0x03, 0x00, 0x00, 0x01, 0x07, 0x05, 0x00, 0x00, 0x00, 0x05,
  0x04, 0x00, 0x00, 0x00, 0x04, 0x05, 0x03, 0x00, 0x00, 0x03, 0x04, 0x03, 0x01, 0x00, 0x02, 0x05,
  0x05, 0x03, 0x01, 0x02, 0x04, 0x05, 0x03, 0x02, 0x02, 0x04, 0x06, 0x05, 0x03, 0x03, 0x04, 0x05,
  0x05, 0x04, 0x03, 0x04, 0x06, 0x06, 0x05, 0x04, 0x04, 0x05, 0x06, 0x06, 0x05, 0x05, 0x06, 0x07,
  0x07, 0x06, 0x05, 0x05, 0x07, 0x07, 0x07, 0x06, 0x06, 0x07, 0x08, 0x07, 0x06, 0x06, 0x07, 0x08,
  0x08, 0x08, 0x07, 0x08, 0x09, 0x09, 0x08, 0x07, 0x08, 0x09, 0x09, 0x09, 0x09, 0x08, 0x09, 0x0a,
  0x09, 0x09, 0x08, 0x09, 0x0a, 0x0b, 0x0a, 0x0a, 0x0a, 0x0a, 0x0b, 0x0a, 0x0a, 0x0a, 0x0b, 0x0b,
  0x0c, 0x0b, 0x0a, 0x0b, 0x0b, 0x0b, 0x0b, 0x0b, 0x0b, 0x0c, 0x0d, 0x0c, 0x0c, 0x0b, 0x0c, 0x0d,
  0x0d, 0x0d, 0x0d, 0x0d, 0x0d, 0x0d, 0x0d, 0x0c, 0x0d, 0x0d, 0x0e, 0x0e, 0x0e, 0x0e, 0x0e, 0x0e,
  0x0e, 0x0e, 0x0e, 0x0e, 0x0f, 0x0f, 0x0f, 0x0f, 0x0f, 0x0f, 0x0f, 0x0f, 0x0f, 0x0f, 0x10, 0x10,
  0x11, 0x10, 0x10, 0x10, 0x10, 0x10, 0x10, 0x10, 0x10, 0x11, 0x12, 0x11, 0x11, 0x10, 0x11, 0x11,
  0x12, 0x11, 0x11, 0x12, 0x12, 0x13, 0x12, 0x12, 0x11, 0x12, 0x13, 0x13, 0x12, 0x12, 0x13, 0x14,
  0x14, 0x13, 0x12, 0x12, 0x13, 0x14, 0x14, 0x13, 0x13, 0x14, 0x15, 0x15, 0x14, 0x13, 0x14, 0x15,
  0x15, 0x15, 0x14, 0x14, 0x15, 0x16, 0x15, 0x14, 0x14, 0x15, 0x17, 0x17, 0x16, 0x15, 0x15, 0x17,
  0x17, 0x16, 0x15, 0x15, 0x17, 0x18, 0x18, 0x16, 0x15, 0x16, 0x18, 0x19, 0x17, 0x15, 0x16, 0x19,
  0x1b, 0x19, 0x16, 0x15, 0x18, 0x1c, 0x1b, 0x16, 0x13, 0x17, 0x1f, 0x21, 0x16, 0x0a, 0x12, 0x3b,
  0x7f, 0xd5, 0xff, 0xff, 0xff, 0xf5, 0xf7, 0xff, 0xff, 0xff, 0xfb, 0xfa, 0xff, 0xff, 0xff, 0xfe,
  0xfb, 0xfd, 0xff, 0xff, 0xff, 0xfc, 0xfd, 0xff, 0xff, 0xff, 0xfd, 0xfd, 0xff, 0xff, 0xff, 0xfe,
  0xfd, 0xfe, 0xff, 0xff, 0xff, 0xfd, 0xfe, 0xff, 0xff, 0xff, 0xfe, 0xfd, 0xff, 0xff, 0xff, 0xfe,
  0xfd, 0xfe, 0xff, 0xff, 0xff, 0xfe, 0xfe, 0xff, 0xff, 0xff, 0xfe, 0xfe, 0xff, 0xff, 0xff, 0xfe,
  0xfe, 0xff, 0xff, 0xff, 0xff, 0xfe, 0xfe, 0xff, 0xff, 0xff, 0xfe, 0xfe, 0xff, 0xff, 0xff, 0xfe,
  0xfe, 0xff, 0xff, 0xff, 0xff, 0xfe, 0xfe, 0xff, 0xff, 0xff, 0xfe, 0xfe, 0xff, 0xff, 0xff, 0xfe,
  0xfe, 0xff, 0xff, 0xff, 0xff, 0xfe, 0xfe, 0xff, 0xff, 0xff, 0xfe, 0xfe, 0xff, 0xff, 0xff, 0xfe,
  0xfe, 0xff, 0xff, 0xff, 0xff, 0xfe, 0xfe, 0xff, 0xff, 0xff, 0xfe, 0xfe, 0xff, 0xff, 0xff, 0xfe,
  0xfe, 0xff, 0xff, 0xff, 0xff, 0xfe, 0xfe, 0xff, 0xff, 0xff, 0xfe, 0xfe, 0xff, 0xff, 0xff, 0xfe,
  0xfe, 0xff, 0xff, 0xff, 0xff, 0xfe, 0xff, 0xff, 0xff, 0xff, 0xfe, 0xfe, 0xff, 0xff, 0xff, 0xfe,
  0xfe, 0xff, 0xff, 0xff, 0xff, 0xfe, 0xff, 0xff, 0xff, 0xff, 0xfe, 0xfe, 0xff, 0xff, 0xff, 0xfe,
  0xfe, 0xff, 0xff, 0xff, 0xfe, 0xfe, 0xff, 0xff, 0xff, 0xff, 0xfe, 0xfe, 0xff, 0xff, 0xff, 0xfe,
  0xfe, 0xff, 0xff, 0xff, 0xfe, 0xfd, 0xff, 0xff, 0xff, 0xff, 0xfd, 0xfe, 0xff, 0xff, 0xff, 0xfe,
  0xfd, 0xff, 0xff, 0xff, 0xfe, 0xfd, 0xfe, 0xff, 0xff, 0xff, 0xfd, 0xfe, 0xff, 0xff, 0xff, 0xfd,
  0xfd, 0xff, 0xff, 0xff, 0xfd, 0xfc, 0xfe, 0xff, 0xff, 0xfe, 0xfb, 0xfd, 0xff, 0xff, 0xff, 0xfb,
  0xfb, 0xff, 0xff, 0xff, 0xfb, 0xf8, 0xfe, 0xff, 0xff, 0xfc, 0xf2, 0xf8, 0xff, 0xff, 0xfa, 0xaf,
  0x4f, 0x05, 0x00, 0x00, 0x07, 0x0d, 0x03, 0x00, 0x00, 0x01, 0x06, 0x04, 0x00, 0x00, 0x00, 0x04,
  0x04, 0x00, 0x00, 0x00, 0x02, 0x03, 0x01, 0x00, 0x00, 0x01, 0x03, 0x01, 0x00, 0x00, 0x00, 0x02,
  0x02, 0x00, 0x00, 0x00, 0x01, 0x02, 0x00, 0x00, 0x00, 0x00, 0x02, 0x01, 0x00, 0x00, 0x00, 0x01,
  0x01, 0x00, 0x00, 0x00, 0x01, 0x01, 0x00, 0x00, 0x00, 0x00, 0x01, 0x01, 0x00, 0x00, 0x00, 0x01,
  0x01, 0x00, 0x00, 0x00, 0x01, 0x01, 0x00, 0x00, 0x00, 0x00, 0x01, 0x00, 0x00, 0x00, 0x00, 0x01,
  0x01, 0x00, 0x00, 0x00, 0x00, 0x01, 0x00, 0x00, 0x00, 0x00, 0x01, 0x00, 0x00, 0x00, 0x00, 0x01,
  0x01, 0x00, 0x00, 0x00, 0x00, 0x01, 0x00, 0x00, 0x00, 0x00, 0x01, 0x00, 0x00, 0x00, 0x00, 0x00,
  0x01, 0x00, 0x00, 0x00, 0x00, 0x01, 0x00, 0x00, 0x00, 0x00, 0x01, 0x00, 0x00, 0x00, 0x00, 0x00,
  0x00, 0x00, 0x00, 0x00, 0x00, 0x01, 0x00, 0x00, 0x00, 0x00, 0x01, 0x00, 0x00, 0x00, 0x00, 0x00,
  0x01, 0x00, 0x00, 0x00, 0x00, 0x01, 0x00, 0x00, 0x00, 0x00, 0x01, 0x00, 0x00, 0x00, 0x00, 0x00,
  0x01, 0x00, 0x00, 0x00, 0x00, 0x01, 0x00, 0x00, 0x00, 0x00, 0x01, 0x01, 0x00, 0x00, 0x00, 0x00,
  0x01, 0x00, 0x00, 0x00, 0x00, 0x01, 0x00, 0x00, 0x00, 0x00, 0x01, 0x01, 0x00, 0x00, 0x00, 0x00,
  0x01, 0x00, 0x00, 0x00, 0x00, 0x01, 0x01, 0x00, 0x00, 0x00, 0x01, 0x01, 0x00, 0x00, 0x00, 0x01,
  0x01, 0x00, 0x00, 0x00, 0x00, 0x01, 0x01, 0x00, 0x00, 0x00, 0x01, 0x01, 0x00, 0x00, 0x00, 0x01,
  0x02, 0x01, 0x00, 0x00, 0x00, 0x02, 0x01, 0x00, 0x00, 0x00, 0x02, 0x02, 0x00, 0x00, 0x00, 0x02,
  0x04, 0x01, 0x00, 0x00, 0x00, 0x05, 0x04, 0x00, 0x00, 0x00, 0x08, 0x0a, 0x00, 0x00, 0x00, 0x2a,
  0x80, 0x82, 0x83, 0x85, 0x86, 0x88, 0x89, 0x8b, 0x8c, 0x8e, 0x90, 0x91, 0x93, 0x94, 0x96, 0x97,
  0x99, 0x9a, 0x9c, 0x9d, 0x9f, 0xa0, 0xa2, 0xa3, 0xa5, 0xa6, 0xa8, 0xa9, 0xab, 0xac, 0xae, 0xaf,
  0xb1, 0xb2, 0xb3, 0xb5, 0xb6, 0xb8, 0xb9, 0xba, 0xbc, 0xbd, 0xbf, 0xc0, 0xc1, 0xc3, 0xc4, 0xc5,
  0xc7, 0xc8, 0xc9, 0xca, 0xcc, 0xcd, 0xce, 0xcf, 0xd1, 0xd2, 0xd3, 0xd4, 0xd5, 0xd6, 0xd8, 0xd9,
  0xda, 0xdb, 0xdc, 0xdd, 0xde, 0xdf, 0xe0, 0xe1, 0xe2, 0xe3, 0xe4, 0xe5, 0xe6, 0xe7, 0xe8, 0xe9,
  0xea, 0xea, 0xeb, 0xec, 0xed, 0xee, 0xef, 0xef, 0xf0, 0xf1, 0xf1, 0xf2, 0xf3, 0xf3, 0xf4, 0xf5,
  0xf5, 0xf6, 0xf6, 0xf7, 0xf8, 0xf8, 0xf9, 0xf9, 0xfa, 0xfa, 0xfa, 0xfb, 0xfb, 0xfc, 0xfc, 0xfc,
  0xfd, 0xfd, 0xfd, 0xfd, 0xfe, 0xfe, 0xfe, 0xfe, 0xfe, 0xff, 0xff, 0xff, 0xff, 0xff, 0xff, 0xff,
  0xff, 0xff, 0xff, 0xff, 0xff, 0xff, 0xff, 0xff, 0xfe, 0xfe, 0xfe, 0xfe, 0xfe, 0xfd, 0xfd, 0xfd,
  0xfd, 0xfc, 0xfc, 0xfc, 0xfb, 0xfb, 0xfa, 0xfa, 0xfa, 0xf9, 0xf9, 0xf8, 0xf8, 0xf7, 0xf6, 0xf6,
  0xf5, 0xf5, 0xf4, 0xf3, 0xf3, 0xf2, 0xf1, 0xf1, 0xf0, 0xef, 0xef, 0xee, 0xed, 0xec, 0xeb, 0xea,
  0xea, 0xe9, 0xe8, 0xe7, 0xe6, 0xe5, 0xe4, 0xe3, 0xe2, 0xe1, 0xe0, 0xdf, 0xde, 0xdd, 0xdc, 0xdb,
  0xda, 0xd9, 0xd8, 0xd6, 0xd5, 0xd4, 0xd3, 0xd2, 0xd1, 0xcf, 0xce, 0xcd, 0xcc, 0xca, 0xc9, 0xc8,
  0xc7, 0xc5, 0xc4, 0xc3, 0xc1, 0xc0, 0xbf, 0xbd, 0xbc, 0xba, 0xb9, 0xb8, 0xb6, 0xb5, 0xb3, 0xb2,
  0xb1, 0xaf, 0xae, 0xac, 0xab, 0xa9, 0xa8, 0xa6, 0xa5, 0xa3, 0xa2, 0xa0, 0x9f, 0x9d, 0x9c, 0x9a,
  0x99, 0x97, 0x96, 0x94, 0x93, 0x91, 0x90, 0x8e, 0x8c, 0x8b, 0x89, 0x88, 0x86, 0x85, 0x83, 0x82,
  0x80, 0x7e, 0x7d, 0x7b, 0x7a, 0x78, 0x77, 0x75, 0x74, 0x72, 0x70, 0x6f, 0x6d, 0x6c, 0x6a, 0x69,
  0x67, 0x66, 0x64, 0x63, 0x61, 0x60, 0x5e, 0x5d, 0x5b, 0x5a, 0x58, 0x57, 0x55, 0x54, 0x52, 0x51,
  0x4f, 0x4e, 0x4d, 0x4b, 0x4a, 0x48, 0x47, 0x46, 0x44, 0x43, 0x41, 0x40, 0x3f, 0x3d, 0x3c, 0x3b,
  0x39, 0x38, 0x37, 0x36, 0x34, 0x33, 0x32, 0x31, 0x2f, 0x2e, 0x2d, 0x2c, 0x2b, 0x2a, 0x28, 0x27,
  0x26, 0x25, 0x24, 0x23, 0x22, 0x21, 0x20, 0x1f, 0x1e, 0x1d, 0x1c, 0x1b, 0x1a, 0x19, 0x18, 0x17,
  0x16, 0x16, 0x15, 0x14, 0x13, 0x12, 0x11, 0x11, 0x10, 0x0f, 0x0f, 0x0e, 0x0d, 0x0d, 0x0c, 0x0b,
  0x0b, 0x0a, 0x0a, 0x09, 0x08, 0x08, 0x07, 0x07, 0x06, 0x06, 0x06, 0x05, 0x05, 0x04, 0x04, 0x04,
  0x03, 0x03, 0x03, 0x03, 0x02, 0x02, 0x02, 0x02, 0x02, 0x01, 0x01, 0x01, 0x01, 0x01, 0x01, 0x01,
  0x01, 0x01, 0x01, 0x01, 0x01, 0x01, 0x01, 0x01, 0x02, 0x02, 0x02, 0x02, 0x02, 0x03, 0x03, 0x03,
  0x03, 0x04, 0x04, 0x04, 0x05, 0x05, 0x06, 0x06, 0x06, 0x07, 0x07, 0x08, 0x08, 0x09, 0x0a, 0x0a,
  0x0b, 0x0b, 0x0c, 0x0d, 0x0d, 0x0e, 0x0f, 0x0f, 0x10, 0x11, 0x11, 0x12, 0x13, 0x14, 0x15, 0x16,
  0x16, 0x17, 0x18, 0x19, 0x1a, 0x1b, 0x1c, 0x1d, 0x1e, 0x1f, 0x20, 0x21, 0x22, 0x23, 0x24, 0x25,
  0x26, 0x27, 0x28, 0x2a, 0x2b, 0x2c, 0x2d, 0x2e, 0x2f, 0x31, 0x32, 0x33, 0x34, 0x36, 0x37, 0x38,
  0x39, 0x3b, 0x3c, 0x3d, 0x3f, 0x40, 0x41, 0x43, 0x44, 0x46, 0x47, 0x48, 0x4a, 0x4b, 0x4d, 0x4e,
  0x4f, 0x51, 0x52, 0x54, 0x55, 0x57, 0x58, 0x5a, 0x5b, 0x5d, 0x5e, 0x60, 0x61, 0x63, 0x64, 0x66,
  0x67, 0x69, 0x6a, 0x6c, 0x6d, 0x6f, 0x70, 0x72, 0x74, 0x75, 0x77, 0x78, 0x7a, 0x7b, 0x7d, 0x7e,
  0x80, 0x81, 0x83, 0x84, 0x85, 0x87, 0x88, 0x8a, 0x8b, 0x8c, 0x8e, 0x8f, 0x91, 0x92, 0x94, 0x95,
  0x97, 0x98, 0x99, 0x9b, 0x9c, 0x9d, 0x9f, 0xa0, 0xa2, 0xa3, 0xa5, 0xa6, 0xa8, 0xa9, 0xaa, 0xab,
  0xad, 0xae, 0xaf, 0xb1, 0xb2, 0xb4, 0xb5, 0xb6, 0xb8, 0xb9, 0xba, 0xbb, 0xbc, 0xbe, 0xbf, 0xc0,
  0xc2, 0xc3, 0xc4, 0xc5, 0xc7, 0xc8, 0xc9, 0xca, 0xcc, 0xcd, 0xce, 0xcf, 0xd0, 0xd1, 0xd2, 0xd3,
  0xd4, 0xd5, 0xd6, 0xd7, 0xd8, 0xd9, 0xda, 0xdb, 0xdc, 0xdd, 0xde, 0xdf, 0xe0, 0xe1, 0xe2, 0xe3,
  0xe4, 0xe5, 0xe6, 0xe7, 0xe8, 0xe9, 0xea, 0xea, 0xeb, 0xec, 0xec, 0xed, 0xee, 0xee, 0xef, 0xf0,
  0xf0, 0xf1, 0xf2, 0xf3, 0xf4, 0xf4, 0xf5, 0xf5, 0xf6, 0xf6, 0xf7, 0xf7, 0xf8, 0xf8, 0xf9, 0xf9,
  0xfa, 0xfa, 0xfb, 0xfb, 0xfb, 0xfc, 0xfc, 0xfc, 0xfd, 0xfd, 0xfd, 0xfe, 0xfe, 0xfe, 0xfe, 0xfe,
  0xfe, 0xfe, 0xfe, 0xfe, 0xfe, 0xfe, 0xfd, 0xfd, 0xfc, 0xfc, 0xfc, 0xfb, 0xfb, 0xfb, 0xfa, 0xfa,
  0xfa, 0xf9, 0xf9, 0xf8, 0xf7, 0xf7, 0xf7, 0xf6, 0xf6, 0xf5, 0xf4, 0xf4, 0xf3, 0xf2, 0xf2, 0xf1,
  0xf0, 0xef, 0xef, 0xee, 0xee, 0xed, 0xed, 0xec, 0xeb, 0xea, 0xe9, 0xe8, 0xe7, 0xe6, 0xe5, 0xe4,
  0xe4, 0xe3, 0xe2, 0xe1, 0xe0, 0xdf, 0xde, 0xdd, 0xdc, 0xdb, 0xda, 0xd9, 0xd8, 0xd7, 0xd6, 0xd5,
  0xd4, 0xd3, 0xd2, 0xd0, 0xcf, 0xce, 0xcd, 0xcc, 0xcb, 0xca, 0xc9, 0xc8, 0xc7, 0xc6, 0xc4, 0xc3,
  0xc2, 0xc0, 0xbf, 0xbe, 0xbc, 0xbb, 0xba, 0xb8, 0xb7, 0xb6, 0xb5, 0xb4, 0xb2, 0xb1, 0xaf, 0xae,
  0xad, 0xab, 0xaa, 0xa9, 0xa7, 0xa6, 0xa5, 0xa3, 0xa2, 0xa0, 0x9f, 0x9d, 0x9c, 0x9b, 0x99, 0x98,
  0x96, 0x95, 0x94, 0x92, 0x91, 0x8f, 0x8e, 0x8c, 0x8b, 0x8a, 0x88, 0x87, 0x85, 0x84, 0x82, 0x81,
  0x80, 0x7e, 0x7d, 0x7b, 0x7a, 0x78, 0x77, 0x75, 0x74, 0x72, 0x71, 0x6f, 0x6e, 0x6c, 0x6b, 0x6a,
  0x68, 0x67, 0x65, 0x64, 0x63, 0x61, 0x60, 0x5e, 0x5d, 0x5c, 0x5a, 0x59, 0x57, 0x56, 0x54, 0x53,
  0x52, 0x51, 0x4f, 0x4e, 0x4d, 0x4c, 0x4a, 0x49, 0x47, 0x46, 0x44, 0x43, 0x42, 0x41, 0x40, 0x3f,
  0x3e, 0x3c, 0x3b, 0x3a, 0x38, 0x37, 0x36, 0x35, 0x33, 0x32, 0x31, 0x30, 0x2f, 0x2e, 0x2c, 0x2b,
  0x2a, 0x29, 0x28, 0x27, 0x26, 0x25, 0x24, 0x23, 0x22, 0x21, 0x20, 0x1f, 0x1e, 0x1d, 0x1c, 0x1b,
  0x1a, 0x1a, 0x19, 0x18, 0x17, 0x16, 0x15, 0x15, 0x14, 0x13, 0x13, 0x12, 0x11, 0x11, 0x10, 0x0f,
  0x0e, 0x0d, 0x0d, 0x0c, 0x0b, 0x0b, 0x0a, 0x0a, 0x09, 0x09, 0x08, 0x07, 0x07, 0x06, 0x06, 0x05,
  0x05, 0x05, 0x04, 0x04, 0x04, 0x03, 0x03, 0x02, 0x02, 0x02, 0x01, 0x01, 0x01, 0x01, 0x01, 0x01,
  0x01, 0x01, 0x01, 0x01, 0x01, 0x01, 0x02, 0x02, 0x02, 0x03, 0x03, 0x03, 0x04, 0x04, 0x04, 0x05,
  0x05, 0x06, 0x06, 0x07, 0x07, 0x08, 0x08, 0x09, 0x09, 0x0a, 0x0a, 0x0b, 0x0b, 0x0c, 0x0d, 0x0e,
  0x0e, 0x0f, 0x10, 0x11, 0x11, 0x12, 0x13, 0x13, 0x14, 0x15, 0x15, 0x16, 0x17, 0x18, 0x19, 0x1a,
  0x1b, 0x1c, 0x1d, 0x1e, 0x1f, 0x20, 0x21, 0x22, 0x23, 0x24, 0x25, 0x26, 0x27, 0x28, 0x29, 0x2a,
  0x2b, 0x2c, 0x2d, 0x2e, 0x2f, 0x30, 0x31, 0x32, 0x33, 0x35, 0x36, 0x37, 0x38, 0x3a, 0x3b, 0x3c,
  0x3e, 0x3f, 0x40, 0x41, 0x43, 0x44, 0x45, 0x46, 0x47, 0x49, 0x4a, 0x4b, 0x4d, 0x4e, 0x50, 0x51,
  0x52, 0x54, 0x55, 0x56, 0x57, 0x59, 0x5a, 0x5c, 0x5d, 0x5f, 0x60, 0x61, 0x63, 0x64, 0x66, 0x67,
  0x68, 0x6a, 0x6b, 0x6d, 0x6e, 0x70, 0x71, 0x72, 0x74, 0x75, 0x77, 0x78, 0x7a, 0x7b, 0x7d, 0x7e,
  0x80, 0x81, 0x82, 0x84, 0x85, 0x86, 0x88, 0x89, 0x8a, 0x8c, 0x8d, 0x8e, 0x90, 0x91, 0x92, 0x94,
  0x95, 0x96, 0x98, 0x99, 0x9a, 0x9b, 0x9d, 0x9e, 0x9f, 0xa0, 0xa2, 0xa3, 0xa5, 0xa6, 0xa7, 0xa8,
  0xaa, 0xab, 0xac, 0xad, 0xae, 0xb0, 0xb1, 0xb2, 0xb4, 0xb5, 0xb6, 0xb7, 0xb9, 0xba, 0xbb, 0xbc,
  0xbd, 0xbe, 0xbf, 0xc0, 0xc2, 0xc3, 0xc4, 0xc5, 0xc7, 0xc8, 0xc9, 0xca, 0xcb, 0xcc, 0xcd, 0xce,
  0xcf, 0xd0, 0xd1, 0xd2, 0xd3, 0xd4, 0xd5, 0xd6, 0xd7, 0xd8, 0xd9, 0xda, 0xdb, 0xdc, 0xdd, 0xde,
  0xdf, 0xe0, 0xe1, 0xe2, 0xe3, 0xe4, 0xe5, 0xe5, 0xe6, 0xe7, 0xe7, 0xe8, 0xe9, 0xea, 0xeb, 0xec,
  0xec, 0xed, 0xee, 0xef, 0xf0, 0xf0, 0xf1, 0xf1, 0xf2, 0xf3, 0xf3, 0xf4, 0xf5, 0xf5, 0xf6, 0xf7,
  0xf7, 0xf8, 0xf8, 0xf9, 0xf9, 0xfa, 0xfa, 0xfb, 0xfb, 0xfc, 0xfd, 0xfd, 0xfe, 0xfe, 0xfe, 0xfe,
  0xfe, 0xfe, 0xfe, 0xfe, 0xfd, 0xfd, 0xfc, 0xfc, 0xfb, 0xfa, 0xfa, 0xf9, 0xf9, 0xf8, 0xf8, 0xf7,
  0xf7, 0xf6, 0xf6, 0xf5, 0xf4, 0xf4, 0xf3, 0xf2, 0xf2, 0xf1, 0xf1, 0xf0, 0xef, 0xee, 0xed, 0xed,
  0xec, 0xeb, 0xea, 0xe9, 0xe9, 0xe8, 0xe7, 0xe7, 0xe6, 0xe5, 0xe4, 0xe3, 0xe2, 0xe1, 0xe0, 0xdf,
  0xdf, 0xde, 0xdd, 0xdc, 0xdb, 0xda, 0xd9, 0xd8, 0xd7, 0xd6, 0xd5, 0xd4, 0xd3, 0xd2, 0xd1, 0xd0,
  0xcf, 0xce, 0xcd, 0xcb, 0xca, 0xc9, 0xc8, 0xc7, 0xc6, 0xc5, 0xc4, 0xc3, 0xc2, 0xc1, 0xbf, 0xbe,
  0xbd, 0xbb, 0xba, 0xb9, 0xb8, 0xb7, 0xb6, 0xb5, 0xb3, 0xb2, 0xb1, 0xaf, 0xae, 0xad, 0xab, 0xaa,
  0xa9, 0xa8, 0xa7, 0xa5, 0xa4, 0xa3, 0xa2, 0xa0, 0x9f, 0x9d, 0x9c, 0x9b, 0x9a, 0x98, 0x97, 0x96,
  0x95, 0x93, 0x92, 0x91, 0x8f, 0x8e, 0x8d, 0x8b, 0x8a, 0x89, 0x87, 0x86, 0x85, 0x83, 0x82, 0x81,
  0x7f, 0x7e, 0x7d, 0x7b, 0x7a, 0x79, 0x77, 0x76, 0x74, 0x73, 0x72, 0x70, 0x6f, 0x6e, 0x6c, 0x6b,
  0x6a, 0x68, 0x67, 0x66, 0x64, 0x63, 0x62, 0x61, 0x5f, 0x5e, 0x5d, 0x5c, 0x5a, 0x59, 0x57, 0x56,
  0x55, 0x54, 0x53, 0x51, 0x50, 0x4f, 0x4e, 0x4d, 0x4b, 0x4a, 0x49, 0x47, 0x46, 0x45, 0x44, 0x43,
  0x41, 0x40, 0x3f, 0x3e, 0x3d, 0x3c, 0x3b, 0x3a, 0x38, 0x37, 0x36, 0x35, 0x34, 0x33, 0x31, 0x30,
  0x2f, 0x2e, 0x2d, 0x2c, 0x2b, 0x2a, 0x29, 0x28, 0x27, 0x26, 0x25, 0x24, 0x23, 0x22, 0x21, 0x20,
  0x1f, 0x1f, 0x1e, 0x1d, 0x1c, 0x1b, 0x1a, 0x1a, 0x19, 0x18, 0x17, 0x16, 0x15, 0x15, 0x14, 0x13,
  0x12, 0x11, 0x11, 0x10, 0x0f, 0x0f, 0x0e, 0x0d, 0x0c, 0x0c, 0x0b, 0x0a, 0x0a, 0x09, 0x09, 0x08,
  0x07, 0x07, 0x06, 0x06, 0x05, 0x05, 0x04, 0x04, 0x03, 0x03, 0x02, 0x02, 0x01, 0x01, 0x01, 0x00,
  0x00, 0x01, 0x01, 0x01, 0x02, 0x02, 0x03, 0x03, 0x04, 0x04, 0x05, 0x05, 0x06, 0x06, 0x07, 0x07,
  0x08, 0x08, 0x09, 0x0a, 0x0a, 0x0b, 0x0c, 0x0c, 0x0d, 0x0e, 0x0e, 0x0f, 0x10, 0x10, 0x11, 0x12,
  0x13, 0x13, 0x14, 0x15, 0x16, 0x17, 0x18, 0x18, 0x19, 0x1a, 0x1a, 0x1b, 0x1c, 0x1d, 0x1e, 0x1f,
  0x20, 0x21, 0x22, 0x23, 0x24, 0x25, 0x26, 0x27, 0x28, 0x29, 0x2a, 0x2b, 0x2c, 0x2d, 0x2e, 0x2f,
  0x30, 0x31, 0x32, 0x33, 0x34, 0x35, 0x36, 0x37, 0x38, 0x3a, 0x3b, 0x3c, 0x3d, 0x3f, 0x40, 0x41,
  0x42, 0x43, 0x44, 0x45, 0x46, 0x48, 0x49, 0x4a, 0x4b, 0x4d, 0x4e, 0x4f, 0x51, 0x52, 0x53, 0x54,
  0x55, 0x57, 0x58, 0x59, 0x5a, 0x5c, 0x5d, 0x5f, 0x60, 0x61, 0x62, 0x64, 0x65, 0x66, 0x67, 0x69,
  0x6a, 0x6b, 0x6d, 0x6e, 0x6f, 0x71, 0x72, 0x73, 0x75, 0x76, 0x77, 0x79, 0x7a, 0x7c, 0x7d, 0x7e,
  0x80, 0x81, 0x82, 0x83, 0x84, 0x86, 0x87, 0x88, 0x89, 0x8b, 0x8c, 0x8d, 0x8e, 0x8f, 0x91, 0x92,
  0x93, 0x94, 0x96, 0x97, 0x98, 0x99, 0x9a, 0x9b, 0x9d, 0x9e, 0x9f, 0xa0, 0xa2, 0xa3, 0xa4, 0xa5,
  0xa6, 0xa7, 0xa8, 0xaa, 0xab, 0xac, 0xad, 0xae, 0xb0, 0xb1, 0xb2, 0xb3, 0xb4, 0xb5, 0xb6, 0xb7,
  0xb9, 0xba, 0xbb, 0xbc, 0xbd, 0xbe, 0xbf, 0xc0, 0xc2, 0xc3, 0xc4, 0xc5, 0xc6, 0xc7, 0xc8, 0xc9,
  0xca, 0xcb, 0xcc, 0xcd, 0xce, 0xcf, 0xd0, 0xd1, 0xd2, 0xd3, 0xd4, 0xd5, 0xd6, 0xd7, 0xd8, 0xd9,
  0xda, 0xdb, 0xdc, 0xdd, 0xde, 0xdf, 0xe0, 0xe0, 0xe1, 0xe2, 0xe3, 0xe4, 0xe5, 0xe5, 0xe6, 0xe7,
  0xe8, 0xe9, 0xea, 0xeb, 0xec, 0xec, 0xed, 0xee, 0xef, 0xef, 0xf0, 0xf1, 0xf2, 0xf2, 0xf3, 0xf4,
  0xf5, 0xf6, 0xf6, 0xf7, 0xf8, 0xf8, 0xf9, 0xf9, 0xfa, 0xfb, 0xfc, 0xfc, 0xfd, 0xfe, 0xfe, 0xfe,
  0xfe, 0xfe, 0xfe, 0xfd, 0xfc, 0xfc, 0xfb, 0xfa, 0xf9, 0xf9, 0xf8, 0xf7, 0xf7, 0xf6, 0xf6, 0xf5,
  0xf4, 0xf3, 0xf2, 0xf2, 0xf1, 0xf0, 0xef, 0xef, 0xee, 0xed, 0xed, 0xec, 0xeb, 0xea, 0xe9, 0xe8,
  0xe7, 0xe7, 0xe6, 0xe5, 0xe4, 0xe3, 0xe2, 0xe2, 0xe1, 0xe0, 0xdf, 0xde, 0xdd, 0xdc, 0xdb, 0xda,
  0xd9, 0xd8, 0xd7, 0xd6, 0xd5, 0xd4, 0xd3, 0xd2, 0xd1, 0xd0, 0xcf, 0xce, 0xcd, 0xcc, 0xcb, 0xca,
  0xc9, 0xc8, 0xc7, 0xc6, 0xc5, 0xc4, 0xc3, 0xc2, 0xc1, 0xc0, 0xbf, 0xbe, 0xbd, 0xbc, 0xba, 0xb9,
  0xb8, 0xb7, 0xb6, 0xb4, 0xb3, 0xb2, 0xb1, 0xb0, 0xaf, 0xae, 0xad, 0xac, 0xaa, 0xa9, 0xa8, 0xa7,
  0xa6, 0xa4, 0xa3, 0xa2, 0xa1, 0xa0, 0x9f, 0x9d, 0x9c, 0x9b, 0x9a, 0x98, 0x97, 0x96, 0x95, 0x94,
  0x93, 0x91, 0x90, 0x8f, 0x8e, 0x8c, 0x8b, 0x8a, 0x89, 0x88, 0x86, 0x85, 0x84, 0x83, 0x81, 0x80,
  0x7f, 0x7e, 0x7d, 0x7b, 0x7a, 0x79, 0x78, 0x76, 0x75, 0x74, 0x72, 0x71, 0x70, 0x6f, 0x6e, 0x6d,
  0x6b, 0x6a, 0x69, 0x68, 0x66, 0x65, 0x64, 0x63, 0x62, 0x61, 0x5f, 0x5e, 0x5d, 0x5c, 0x5a, 0x59,
  0x58, 0x57, 0x56, 0x55, 0x54, 0x53, 0x51, 0x50, 0x4f, 0x4d, 0x4c, 0x4b, 0x4a, 0x49, 0x48, 0x47,
  0x46, 0x45, 0x44, 0x43, 0x41, 0x40, 0x3f, 0x3e, 0x3d, 0x3c, 0x3b, 0x3a, 0x39, 0x38, 0x36, 0x35,
  0x34, 0x33, 0x32, 0x31, 0x30, 0x2f, 0x2e, 0x2d, 0x2c, 0x2b, 0x2a, 0x29, 0x28, 0x27, 0x26, 0x25,
  0x24, 0x24, 0x23, 0x22, 0x21, 0x20, 0x1f, 0x1e, 0x1d, 0x1c, 0x1c, 0x1b, 0x1a, 0x19, 0x18, 0x17,
  0x16, 0x15, 0x15, 0x14, 0x13, 0x12, 0x11, 0x11, 0x10, 0x0f, 0x0e, 0x0d, 0x0d, 0x0c, 0x0b, 0x0b,
  0x0a, 0x09, 0x08, 0x08, 0x07, 0x06, 0x06, 0x05, 0x04, 0x03, 0x03, 0x02, 0x02, 0x01, 0x01, 0x01,
  0x00, 0x01, 0x01, 0x01, 0x02, 0x03, 0x04, 0x04, 0x05, 0x06, 0x06, 0x07, 0x07, 0x08, 0x09, 0x09,
  0x0a, 0x0b, 0x0c, 0x0d, 0x0d, 0x0e, 0x0f, 0x0f, 0x10, 0x11, 0x12, 0x13, 0x13, 0x14, 0x15, 0x16,
  0x17, 0x18, 0x19, 0x1a, 0x1a, 0x1b, 0x1c, 0x1d, 0x1e, 0x1f, 0x1f, 0x20, 0x21, 0x22, 0x23, 0x24,
  0x25, 0x26, 0x27, 0x28, 0x29, 0x2a, 0x2b, 0x2c, 0x2d, 0x2e, 0x2f, 0x30, 0x31, 0x32, 0x33, 0x34,
  0x35, 0x36, 0x37, 0x38, 0x39, 0x3a, 0x3b, 0x3c, 0x3d, 0x3f, 0x40, 0x41, 0x42, 0x43, 0x44, 0x45,
  0x47, 0x48, 0x49, 0x4a, 0x4b, 0x4c, 0x4d, 0x4e, 0x4f, 0x51, 0x52, 0x53, 0x54, 0x55, 0x57, 0x58,
  0x59, 0x5a, 0x5b, 0x5c, 0x5d, 0x5f, 0x60, 0x61, 0x62, 0x64, 0x65, 0x66, 0x67, 0x68, 0x69, 0x6b,
  0x6c, 0x6d, 0x6e, 0x70, 0x71, 0x72, 0x73, 0x74, 0x76, 0x77, 0x78, 0x79, 0x7b, 0x7c, 0x7d, 0x7e,
  0x80, 0x81, 0x82, 0x83, 0x84, 0x85, 0x86, 0x87, 0x89, 0x8a, 0x8b, 0x8c, 0x8d, 0x8e, 0x8f, 0x90,
  0x91, 0x93, 0x94, 0x95, 0x96, 0x97, 0x98, 0x99, 0x9a, 0x9b, 0x9c, 0x9d, 0x9f, 0xa0, 0xa1, 0xa2,
  0xa3, 0xa4, 0xa5, 0xa6, 0xa7, 0xa8, 0xa9, 0xaa, 0xac, 0xad, 0xae, 0xaf, 0xb0, 0xb1, 0xb2, 0xb3,
  0xb4, 0xb5, 0xb6, 0xb7, 0xb8, 0xb9, 0xba, 0xbb, 0xbd, 0xbe, 0xbf, 0xc0, 0xc1, 0xc2, 0xc3, 0xc4,
  0xc5, 0xc6, 0xc7, 0xc8, 0xc9, 0xca, 0xcb, 0xcc, 0xcd, 0xce, 0xcf, 0xd0, 0xd1, 0xd2, 0xd3, 0xd4,
  0xd5, 0xd6, 0xd7, 0xd8, 0xd9, 0xda, 0xdb, 0xdb, 0xdc, 0xdd, 0xde, 0xdf, 0xe0, 0xe1, 0xe2, 0xe3,
  0xe4, 0xe5, 0xe6, 0xe7, 0xe8, 0xe8, 0xe9, 0xea, 0xeb, 0xec, 0xed, 0xee, 0xef, 0xf0, 0xf0, 0xf1,
  0xf2, 0xf3, 0xf4, 0xf5, 0xf6, 0xf6, 0xf7, 0xf8, 0xf9, 0xfa, 0xfb, 0xfc, 0xfd, 0xfd, 0xfe, 0xfe,
  0xfe, 0xfe, 0xfd, 0xfd, 0xfc, 0xfb, 0xfa, 0xf9, 0xf8, 0xf7, 0xf6, 0xf6, 0xf5, 0xf4, 0xf3, 0xf2,
  0xf1, 0xf0, 0xf0, 0xef, 0xee, 0xed, 0xec, 0xeb, 0xea, 0xe9, 0xe9, 0xe8, 0xe7, 0xe6, 0xe5, 0xe4,
  0xe3, 0xe2, 0xe1, 0xe0, 0xdf, 0xde, 0xdd, 0xdd, 0xdc, 0xdb, 0xda, 0xd9, 0xd8, 0xd7, 0xd6, 0xd5,
  0xd4, 0xd3, 0xd2, 0xd1, 0xd0, 0xcf, 0xce, 0xcd, 0xcc, 0xcb, 0xca, 0xc9, 0xc8, 0xc7, 0xc6, 0xc5,
  0xc4, 0xc3, 0xc2, 0xc1, 0xc0, 0xbf, 0xbe, 0xbd, 0xbc, 0xbb, 0xba, 0xb9, 0xb8, 0xb6, 0xb5, 0xb4,
  0xb3, 0xb2, 0xb1, 0xb0, 0xaf, 0xae, 0xad, 0xac, 0xab, 0xaa, 0xa9, 0xa7, 0xa6, 0xa5, 0xa4, 0xa3,
  0xa2, 0xa1, 0xa0, 0x9f, 0x9e, 0x9d, 0x9c, 0x9a, 0x99, 0x98, 0x97, 0x96, 0x95, 0x94, 0x93, 0x92,
  0x91, 0x8f, 0x8e, 0x8d, 0x8c, 0x8b, 0x8a, 0x89, 0x88, 0x87, 0x86, 0x84, 0x83, 0x82, 0x81, 0x80,
  0x7f, 0x7e, 0x7d, 0x7c, 0x7a, 0x79, 0x78, 0x77, 0x76, 0x74, 0x73, 0x72, 0x71, 0x70, 0x6f, 0x6e,
  0x6d, 0x6c, 0x6b, 0x69, 0x68, 0x67, 0x66, 0x65, 0x64, 0x63, 0x62, 0x61, 0x60, 0x5f, 0x5d, 0x5c,
  0x5b, 0x5a, 0x59, 0x58, 0x57, 0x56, 0x55, 0x54, 0x53, 0x52, 0x50, 0x4f, 0x4e, 0x4d, 0x4c, 0x4b,
  0x4a, 0x49, 0x48, 0x47, 0x46, 0x45, 0x44, 0x43, 0x42, 0x41, 0x40, 0x3f, 0x3e, 0x3d, 0x3b, 0x3a,
  0x39, 0x38, 0x37, 0x36, 0x35, 0x34, 0x33, 0x32, 0x31, 0x30, 0x2f, 0x2e, 0x2d, 0x2c, 0x2b, 0x2a,
  0x29, 0x29, 0x28, 0x27, 0x26, 0x25, 0x24, 0x23, 0x22, 0x21, 0x20, 0x1f, 0x1e, 0x1d, 0x1c, 0x1b,
  0x1a, 0x19, 0x19, 0x18, 0x17, 0x16, 0x15, 0x14, 0x13, 0x12, 0x11, 0x10, 0x10, 0x0f, 0x0e, 0x0d,
  0x0c, 0x0b, 0x0a, 0x0a, 0x09, 0x08, 0x07, 0x06, 0x05, 0x04, 0x04, 0x03, 0x02, 0x01, 0x01, 0x00,
  0x00, 0x01, 0x01, 0x02, 0x03, 0x04, 0x04, 0x05, 0x06, 0x07, 0x08, 0x09, 0x09, 0x0a, 0x0b, 0x0c,
  0x0d, 0x0e, 0x0f, 0x0f, 0x10, 0x11, 0x12, 0x13, 0x14, 0x15, 0x16, 0x17, 0x17, 0x18, 0x19, 0x1a,
  0x1b, 0x1c, 0x1d, 0x1e, 0x1f, 0x20, 0x21, 0x22, 0x23, 0x24, 0x24, 0x25, 0x26, 0x27, 0x28, 0x29,
  0x2a, 0x2b, 0x2c, 0x2d, 0x2e, 0x2f, 0x30, 0x31, 0x32, 0x33, 0x34, 0x35, 0x36, 0x37, 0x38, 0x39,
  0x3a, 0x3b, 0x3c, 0x3d, 0x3e, 0x3f, 0x40, 0x41, 0x42, 0x44, 0x45, 0x46, 0x47, 0x48, 0x49, 0x4a,
  0x4b, 0x4c, 0x4d, 0x4e, 0x4f, 0x50, 0x51, 0x52, 0x53, 0x55, 0x56, 0x57, 0x58, 0x59, 0x5a, 0x5b,
  0x5c, 0x5d, 0x5e, 0x5f, 0x60, 0x62, 0x63, 0x64, 0x65, 0x66, 0x67, 0x68, 0x69, 0x6a, 0x6b, 0x6c,
  0x6e, 0x6f, 0x70, 0x71, 0x72, 0x73, 0x74, 0x75, 0x76, 0x78, 0x79, 0x7a, 0x7b, 0x7c, 0x7d, 0x7f,
  0x80, 0x81, 0x82, 0x83, 0x84, 0x85, 0x86, 0x87, 0x88, 0x89, 0x8a, 0x8b, 0x8c, 0x8d, 0x8e, 0x8f,
  0x90, 0x91, 0x92, 0x93, 0x94, 0x95, 0x96, 0x97, 0x98, 0x99, 0x9a, 0x9b, 0x9c, 0x9d, 0x9e, 0x9f,
  0xa0, 0xa1, 0xa2, 0xa3, 0xa4, 0xa5, 0xa6, 0xa7, 0xa8, 0xa9, 0xaa, 0xab, 0xac, 0xad, 0xae, 0xaf,
  0xb0, 0xb1, 0xb2, 0xb3, 0xb4, 0xb5, 0xb6, 0xb7, 0xb8, 0xb9, 0xba, 0xbb, 0xbc, 0xbd, 0xbe, 0xbf,
  0xc0, 0xc1, 0xc2, 0xc3, 0xc4, 0xc5, 0xc6, 0xc7, 0xc8, 0xc9, 0xca, 0xcb, 0xcc, 0xcd, 0xce, 0xcf,
  0xd0, 0xd1, 0xd2, 0xd3, 0xd4, 0xd5, 0xd6, 0xd7, 0xd8, 0xd9, 0xda, 0xdb, 0xdc, 0xdd, 0xde, 0xdf,
  0xe0, 0xe1, 0xe2, 0xe3, 0xe4, 0xe5, 0xe6, 0xe7, 0xe8, 0xe9, 0xea, 0xeb, 0xec, 0xed, 0xee, 0xef,
  0xf0, 0xf1, 0xf2, 0xf3, 0xf4, 0xf5, 0xf6, 0xf7, 0xf8, 0xf9, 0xfa, 0xfb, 0xfc, 0xfd, 0xfe, 0xfe,
  0xfe, 0xfe, 0xfd, 0xfc, 0xfb, 0xfa, 0xf9, 0xf8, 0xf7, 0xf6, 0xf5, 0xf4, 0xf3, 0xf2, 0xf1, 0xf0,
  0xef, 0xee, 0xed, 0xec, 0xeb, 0xea, 0xe9, 0xe8, 0xe7, 0xe6, 0xe5, 0xe4, 0xe3, 0xe2, 0xe1, 0xe0,
  0xdf, 0xde, 0xdd, 0xdc, 0xdb, 0xda, 0xd9, 0xd8, 0xd7, 0xd6, 0xd5, 0xd4, 0xd3, 0xd2, 0xd1, 0xd0,
  0xcf, 0xce, 0xcd, 0xcc, 0xcb, 0xca, 0xc9, 0xc8, 0xc7, 0xc6, 0xc5, 0xc4, 0xc3, 0xc2, 0xc1, 0xc0,
  0xbf, 0xbe, 0xbd, 0xbc, 0xbb, 0xba, 0xb9, 0xb8, 0xb7, 0xb6, 0xb5, 0xb4, 0xb3, 0xb2, 0xb1, 0xb0,
  0xaf, 0xae, 0xad, 0xac, 0xab, 0xaa, 0xa9, 0xa8, 0xa7, 0xa6, 0xa5, 0xa4, 0xa3, 0xa2, 0xa1, 0xa0,
  0x9f, 0x9e, 0x9d, 0x9c, 0x9b, 0x9a, 0x99, 0x98, 0x97, 0x96, 0x95, 0x94, 0x93, 0x92, 0x91, 0x90,
  0x8f, 0x8e, 0x8d, 0x8c, 0x8b, 0x8a, 0x89, 0x88, 0x87, 0x86, 0x85, 0x84, 0x83, 0x82, 0x81, 0x80,
  0x7f, 0x7e, 0x7d, 0x7c, 0x7b, 0x7a, 0x79, 0x78, 0x77, 0x76, 0x75, 0x74, 0x73, 0x72, 0x71, 0x70,
  0x6f, 0x6e, 0x6d, 0x6c, 0x6b, 0x6a, 0x69, 0x68, 0x67, 0x66, 0x65, 0x64, 0x63, 0x62, 0x61, 0x60,
  0x5f, 0x5e, 0x5d, 0x5c, 0x5b, 0x5a, 0x59, 0x58, 0x57, 0x56, 0x55, 0x54, 0x53, 0x52, 0x51, 0x50,
  0x4f, 0x4e, 0x4d, 0x4c, 0x4b, 0x4a, 0x49, 0x48, 0x47, 0x46, 0x45, 0x44, 0x43, 0x42, 0x41, 0x40,
  0x3f, 0x3e, 0x3d, 0x3c, 0x3b, 0x3a, 0x39, 0x38, 0x37, 0x36, 0x35, 0x34, 0x33, 0x32, 0x31, 0x30,
  0x2f, 0x2e, 0x2d, 0x2c, 0x2b, 0x2a, 0x29, 0x28, 0x27, 0x26, 0x25, 0x24, 0x23, 0x22, 0x21, 0x20,
  0x1f, 0x1e, 0x1d, 0x1c, 0x1b, 0x1a, 0x19, 0x18, 0x17, 0x16, 0x15, 0x14, 0x13, 0x12, 0x11, 0x10,
  0x0f, 0x0e, 0x0d, 0x0c, 0x0b, 0x0a, 0x09, 0x08, 0x07, 0x06, 0x05, 0x04, 0x03, 0x02, 0x01, 0x01,
  0x01, 0x01, 0x02, 0x03, 0x04, 0x05, 0x06, 0x07, 0x08, 0x09, 0x0a, 0x0b, 0x0c, 0x0d, 0x0e, 0x0f,
  0x10, 0x11, 0x12, 0x13, 0x14, 0x15, 0x16, 0x17, 0x18, 0x19, 0x1a, 0x1b, 0x1c, 0x1d, 0x1e, 0x1f,
  0x20, 0x21, 0x22, 0x23, 0x24, 0x25, 0x26, 0x27, 0x28, 0x29, 0x2a, 0x2b, 0x2c, 0x2d, 0x2e, 0x2f,
  0x30, 0x31, 0x32, 0x33, 0x34, 0x35, 0x36, 0x37, 0x38, 0x39, 0x3a, 0x3b, 0x3c, 0x3d, 0x3e, 0x3f,
  0x40, 0x41, 0x42, 0x43, 0x44, 0x45, 0x46, 0x47, 0x48, 0x49, 0x4a, 0x4b, 0x4c, 0x4d, 0x4e, 0x4f,
  0x50, 0x51, 0x52, 0x53, 0x54, 0x55, 0x56, 0x57, 0x58, 0x59, 0x5a, 0x5b, 0x5c, 0x5d, 0x5e, 0x5f,
  0x60, 0x61, 0x62, 0x63, 0x64, 0x65, 0x66, 0x67, 0x68, 0x69, 0x6a, 0x6b, 0x6c, 0x6d, 0x6e, 0x6f,
  0x70, 0x71, 0x72, 0x73, 0x74, 0x75, 0x76, 0x77, 0x78, 0x79, 0x7a, 0x7b, 0x7c, 0x7d, 0x7e, 0x7f,
  0x80, 0x80, 0x81, 0x82, 0x83, 0x84, 0x85, 0x86, 0x87, 0x88, 0x89, 0x89, 0x8a, 0x8b, 0x8c, 0x8d,
  0x8e, 0x8f, 0x90, 0x91, 0x92, 0x92, 0x93, 0x94, 0x95, 0x96, 0x97, 0x98, 0x99, 0x9a, 0x9b, 0x9c,
  0x9c, 0x9d, 0x9e, 0x9f, 0xa0, 0xa1, 0xa2, 0xa3, 0xa4, 0xa5, 0xa5, 0xa6, 0xa7, 0xa8, 0xa9, 0xaa,
  0xab, 0xac, 0xad, 0xae, 0xae, 0xaf, 0xb0, 0xb1, 0xb2, 0xb3, 0xb4, 0xb5, 0xb6, 0xb7, 0xb7, 0xb8,
  0xb9, 0xba, 0xbb, 0xbc, 0xbd, 0xbe, 0xbf, 0xc0, 0xc1, 0xc1, 0xc2, 0xc3, 0xc4, 0xc5, 0xc6, 0xc7,
  0xc8, 0xc9, 0xca, 0xca, 0xcb, 0xcc, 0xcd, 0xce, 0xcf, 0xd0, 0xd1, 0xd2, 0xd3, 0xd3, 0xd4, 0xd5,
  0xd6, 0xd7, 0xd8, 0xd9, 0xda, 0xdb, 0xdc, 0xdc, 0xdd, 0xde, 0xdf, 0xe0, 0xe1, 0xe1, 0xe2, 0xe3,
  0xe5, 0xe6, 0xe6, 0xe7, 0xe8, 0xe9, 0xe9, 0xea, 0xeb, 0xec, 0xee, 0xef, 0xf0, 0xf0, 0xf1, 0xf1,
  0xf1, 0xf1, 0xf1, 0xf0, 0xef, 0xef, 0xee, 0xed, 0xec, 0xeb, 0xeb, 0xea, 0xe9, 0xe9, 0xe8, 0xe8,
  0xe7, 0xe6, 0xe5, 0xe5, 0xe4, 0xe3, 0xe2, 0xe2, 0xe1, 0xe1, 0xe0, 0xdf, 0xdf, 0xde, 0xdd, 0xdc,
  0xdb, 0xdb, 0xda, 0xd9, 0xd9, 0xd8, 0xd8, 0xd7, 0xd6, 0xd5, 0xd4, 0xd4, 0xd3, 0xd2, 0xd2, 0xd1,
  0xd0, 0xd0, 0xcf, 0xce, 0xcd, 0xcc, 0xcc, 0xcb, 0xcb, 0xca, 0xca, 0xc9, 0xc8, 0xc7, 0xc6, 0xc5,
  0xc5, 0xc4, 0xc3, 0xc3, 0xc3, 0xc2, 0xc1, 0xc0, 0xbf, 0xbe, 0xbd, 0xbd, 0xbc, 0xbc, 0xbb, 0xbb,
  0xba, 0xb9, 0xb9, 0xb7, 0xb6, 0xb6, 0xb5, 0xb5, 0xb4, 0xb4, 0xb3, 0xb3, 0xb2, 0xb1, 0xaf, 0xae,
  0xae, 0xad, 0xad, 0xad, 0xad, 0xac, 0xab, 0xaa, 0xa9, 0xa7, 0xa6, 0xa6, 0xa5, 0xa6, 0xa6, 0xa6,
  0xa5, 0xa4, 0xa2, 0xa0, 0x9e, 0x9d, 0x9d, 0x9e, 0x9f, 0xa1, 0xa1, 0xa0, 0x9c, 0x96, 0x8e, 0x84,
  0x7a, 0x70, 0x68, 0x62, 0x5e, 0x5d, 0x5d, 0x5f, 0x60, 0x61, 0x61, 0x60, 0x5e, 0x5c, 0x5a, 0x59,
  0x58, 0x58, 0x58, 0x59, 0x58, 0x58, 0x57, 0x55, 0x54, 0x53, 0x52, 0x51, 0x51, 0x51, 0x51, 0x50,
  0x50, 0x4f, 0x4d, 0x4c, 0x4b, 0x4b, 0x4a, 0x4a, 0x49, 0x49, 0x48, 0x48, 0x47, 0x45, 0x44, 0x44,
  0x43, 0x43, 0x42, 0x42, 0x41, 0x41, 0x40, 0x3f, 0x3e, 0x3d, 0x3c, 0x3b, 0x3b, 0x3b, 0x3a, 0x39,
  0x39, 0x38, 0x37, 0x36, 0x35, 0x34, 0x34, 0x33, 0x33, 0x32, 0x32, 0x31, 0x30, 0x2f, 0x2e, 0x2e,
  0x2d, 0x2c, 0x2c, 0x2b, 0x2b, 0x2a, 0x29, 0x28, 0x27, 0x26, 0x26, 0x25, 0x25, 0x24, 0x23, 0x23,
  0x22, 0x21, 0x20, 0x1f, 0x1f, 0x1e, 0x1d, 0x1d, 0x1c, 0x1c, 0x1b, 0x1a, 0x19, 0x19, 0x18, 0x17,
  0x16, 0x16, 0x15, 0x15, 0x14, 0x13, 0x13, 0x12, 0x11, 0x10, 0x0f, 0x0f, 0x0e, 0x0d, 0x0d, 0x0d,
  0x0d, 0x0d, 0x0e, 0x0e, 0x0f, 0x10, 0x12, 0x13, 0x14, 0x15, 0x15, 0x16, 0x17, 0x18, 0x18, 0x19,
  0x1b, 0x1c, 0x1d, 0x1d, 0x1e, 0x1f, 0x20, 0x21, 0x22, 0x22, 0x23, 0x24, 0x25, 0x26, 0x27, 0x28,
  0x29, 0x2a, 0x2b, 0x2b, 0x2c, 0x2d, 0x2e, 0x2f, 0x30, 0x31, 0x32, 0x33, 0x34, 0x34, 0x35, 0x36,
  0x37, 0x38, 0x39, 0x3a, 0x3b, 0x3c, 0x3d, 0x3d, 0x3e, 0x3f, 0x40, 0x41, 0x42, 0x43, 0x44, 0x45,
  0x46, 0x47, 0x47, 0x48, 0x49, 0x4a, 0x4b, 0x4c, 0x4d, 0x4e, 0x4f, 0x50, 0x50, 0x51, 0x52, 0x53,
  0x54, 0x55, 0x56, 0x57, 0x58, 0x59, 0x59, 0x5a, 0x5b, 0x5c, 0x5d, 0x5e, 0x5f, 0x60, 0x61, 0x62,
  0x62, 0x63, 0x64, 0x65, 0x66, 0x67, 0x68, 0x69, 0x6a, 0x6b, 0x6c, 0x6c, 0x6d, 0x6e, 0x6f, 0x70,
  0x71, 0x72, 0x73, 0x74, 0x75, 0x75, 0x76, 0x77, 0x78, 0x79, 0x7a, 0x7b, 0x7c, 0x7d, 0x7e, 0x7f,
  0x7f, 0x80, 0x81, 0x82, 0x82, 0x83, 0x85, 0x85, 0x86, 0x87, 0x88, 0x88, 0x89, 0x8a, 0x8a, 0x8b,
  0x8c, 0x8d, 0x8e, 0x8f, 0x90, 0x90, 0x91, 0x92, 0x92, 0x93, 0x94, 0x95, 0x96, 0x97, 0x98, 0x98,
  0x99, 0x9a, 0x9a, 0x9b, 0x9c, 0x9d, 0x9e, 0x9f, 0xa0, 0xa0, 0xa1, 0xa2, 0xa2, 0xa3, 0xa4, 0xa5,
  0xa6, 0xa7, 0xa8, 0xa9, 0xa9, 0xaa, 0xaa, 0xab, 0xac, 0xad, 0xae, 0xaf, 0xb0, 0xb1, 0xb1, 0xb2,
  0xb2, 0xb3, 0xb4, 0xb5, 0xb6, 0xb7, 0xb8, 0xb9, 0xb9, 0xba, 0xbb, 0xbb, 0xbc, 0xbd, 0xbe, 0xbf,
  0xc0, 0xc1, 0xc1, 0xc2, 0xc3, 0xc3, 0xc4, 0xc5, 0xc6, 0xc7, 0xc8, 0xc9, 0xca, 0xca, 0xcb, 0xcb,
  0xcc, 0xcd, 0xcd, 0xce, 0xd0, 0xd1, 0xd2, 0xd2, 0xd3, 0xd4, 0xd4, 0xd5, 0xd5, 0xd6, 0xd7, 0xd8,
  0xd9, 0xda, 0xdb, 0xdc, 0xdc, 0xdd, 0xdd, 0xde, 0xdf, 0xe0, 0xe1, 0xe2, 0xe3, 0xe4, 0xe4, 0xe4,
  0xe4, 0xe4, 0xe4, 0xe4, 0xe4, 0xe4, 0xe3, 0xe3, 0xe2, 0xe2, 0xe1, 0xe0, 0xe0, 0xe0, 0xe0, 0xe0,
  0xdf, 0xdf, 0xde, 0xde, 0xdd, 0xdc, 0xdc, 0xdc, 0xdc, 0xdb, 0xdb, 0xdb, 0xdb, 0xda, 0xd9, 0xd9,
  0xd8, 0xd8, 0xd7, 0xd7, 0xd7, 0xd7, 0xd7, 0xd6, 0xd5, 0xd5, 0xd4, 0xd3, 0xd3, 0xd3, 0xd3, 0xd3,
  0xd3, 0xd2, 0xd1, 0xd1, 0xd0, 0xcf, 0xcf, 0xcf, 0xcf, 0xcf, 0xcf, 0xce, 0xce, 0xcd, 0xcc, 0xcb,
  0xcb, 0xca, 0xca, 0xca, 0xcb, 0xca, 0xca, 0xc9, 0xc8, 0xc7, 0xc7, 0xc6, 0xc6, 0xc6, 0xc6, 0xc6,
  0xc6, 0xc6, 0xc5, 0xc4, 0xc3, 0xc2, 0xc2, 0xc2, 0xc2, 0xc2, 0xc3, 0xc2, 0xc1, 0xc0, 0xbf, 0xbe,
  0xbd, 0xbd, 0xbd, 0xbe, 0xbf, 0xbf, 0xbe, 0xbd, 0xbb, 0xb9, 0xb8, 0xb8, 0xb8, 0xba, 0xbb, 0xbc,
  0xbc, 0xba, 0xb8, 0xb5, 0xb2, 0xb1, 0xb2, 0xb4, 0xb8, 0xbc, 0xbe, 0xbc, 0xb6, 0xab, 0x9c, 0x89,
  0x75, 0x62, 0x53, 0x48, 0x42, 0x40, 0x42, 0x46, 0x4a, 0x4c, 0x4d, 0x4c, 0x49, 0x46, 0x44, 0x42,
  0x42, 0x43, 0x44, 0x46, 0x46, 0x46, 0x45, 0x43, 0x41, 0x40, 0x3f, 0x3f, 0x40, 0x41, 0x41, 0x41,
  0x40, 0x3f, 0x3e, 0x3d, 0x3c, 0x3b, 0x3c, 0x3c, 0x3c, 0x3d, 0x3c, 0x3b, 0x3a, 0x39, 0x38, 0x38,
  0x37, 0x38, 0x38, 0x38, 0x38, 0x37, 0x37, 0x36, 0x35, 0x34, 0x34, 0x33, 0x34, 0x34, 0x34, 0x33,
  0x33, 0x32, 0x31, 0x30, 0x30, 0x2f, 0x2f, 0x2f, 0x2f, 0x2f, 0x2f, 0x2e, 0x2d, 0x2d, 0x2c, 0x2b,
  0x2b, 0x2b, 0x2b, 0x2b, 0x2b, 0x2a, 0x29, 0x29, 0x28, 0x27, 0x27, 0x27, 0x27, 0x27, 0x26, 0x26,
  0x25, 0x25, 0x24, 0x23, 0x23, 0x23, 0x23, 0x22, 0x22, 0x22, 0x22, 0x21, 0x20, 0x20, 0x1f, 0x1f,
  0x1e, 0x1e, 0x1e, 0x1e, 0x1e, 0x1d, 0x1c, 0x1c, 0x1b, 0x1b, 0x1a, 0x1a, 0x1a, 0x1a, 0x1a, 0x1a,
  0x1a, 0x1a, 0x1a, 0x1b, 0x1c, 0x1d, 0x1e, 0x1f, 0x20, 0x21, 0x21, 0x22, 0x22, 0x23, 0x24, 0x25,
  0x26, 0x27, 0x28, 0x29, 0x29, 0x2a, 0x2a, 0x2b, 0x2c, 0x2c, 0x2d, 0x2e, 0x30, 0x31, 0x31, 0x32,
  0x33, 0x33, 0x34, 0x34, 0x35, 0x36, 0x37, 0x38, 0x39, 0x3a, 0x3b, 0x3b, 0x3c, 0x3d, 0x3d, 0x3e,
  0x3f, 0x40, 0x41, 0x42, 0x43, 0x43, 0x44, 0x45, 0x45, 0x46, 0x47, 0x48, 0x49, 0x4a, 0x4b, 0x4c,
  0x4c, 0x4d, 0x4d, 0x4e, 0x4f, 0x50, 0x51, 0x52, 0x53, 0x54, 0x54, 0x55, 0x55, 0x56, 0x57, 0x58,
  0x59, 0x5a, 0x5b, 0x5c, 0x5c, 0x5d, 0x5e, 0x5e, 0x5f, 0x60, 0x61, 0x62, 0x63, 0x64, 0x64, 0x65,
  0x66, 0x66, 0x67, 0x68, 0x69, 0x6a, 0x6b, 0x6c, 0x6c, 0x6d, 0x6e, 0x6e, 0x6f, 0x70, 0x71, 0x72,
  0x73, 0x74, 0x75, 0x75, 0x76, 0x76, 0x77, 0x78, 0x78, 0x79, 0x7b, 0x7c, 0x7d, 0x7e, 0x7e, 0x7f,
  0x7f, 0x80, 0x80, 0x81, 0x82, 0x83, 0x84, 0x85, 0x86, 0x86, 0x87, 0x87, 0x87, 0x88, 0x89, 0x8a,
  0x8b, 0x8c, 0x8d, 0x8d, 0x8e, 0x8e, 0x8e, 0x8f, 0x90, 0x91, 0x92, 0x93, 0x94, 0x94, 0x95, 0x95,
  0x96, 0x96, 0x97, 0x98, 0x98, 0x99, 0x9a, 0x9b, 0x9c, 0x9c, 0x9d, 0x9d, 0x9e, 0x9e, 0x9f, 0xa0,
  0xa1, 0xa2, 0xa3, 0xa4, 0xa4, 0xa4, 0xa5, 0xa5, 0xa6, 0xa7, 0xa8, 0xa9, 0xaa, 0xab, 0xab, 0xac,
  0xac, 0xac, 0xad, 0xae, 0xaf, 0xb0, 0xb1, 0xb2, 0xb2, 0xb3, 0xb3, 0xb3, 0xb4, 0xb5, 0xb6, 0xb7,
  0xb8, 0xb9, 0xb9, 0xba, 0xba, 0xbb, 0xbb, 0xbc, 0xbd, 0xbe, 0xbf, 0xc0, 0xc0, 0xc1, 0xc1, 0xc2,
  0xc2, 0xc3, 0xc3, 0xc4, 0xc6, 0xc7, 0xc7, 0xc8, 0xc9, 0xc9, 0xc9, 0xca, 0xca, 0xcb, 0xcc, 0xcd,
  0xce, 0xcf, 0xd0, 0xd0, 0xd0, 0xd1, 0xd1, 0xd2, 0xd3, 0xd4, 0xd5, 0xd6, 0xd7, 0xd8, 0xd8, 0xd8,
  0xd8, 0xd8, 0xd8, 0xd8, 0xd9, 0xd9, 0xd9, 0xd9, 0xd8, 0xd8, 0xd7, 0xd7, 0xd7, 0xd7, 0xd7, 0xd8,
  0xd8, 0xd8, 0xd7, 0xd7, 0xd6, 0xd6, 0xd6, 0xd6, 0xd6, 0xd6, 0xd7, 0xd7, 0xd7, 0xd6, 0xd6, 0xd5,
  0xd5, 0xd4, 0xd5, 0xd5, 0xd5, 0xd6, 0xd6, 0xd5, 0xd5, 0xd4, 0xd4, 0xd3, 0xd3, 0xd4, 0xd4, 0xd5,
  0xd5, 0xd4, 0xd4, 0xd3, 0xd3, 0xd2, 0xd2, 0xd2, 0xd3, 0xd3, 0xd4, 0xd4, 0xd3, 0xd3, 0xd2, 0xd1,
  0xd1, 0xd1, 0xd1, 0xd2, 0xd3, 0xd3, 0xd3, 0xd2, 0xd1, 0xd0, 0xd0, 0xcf, 0xd0, 0xd0, 0xd1, 0xd2,
  0xd2, 0xd2, 0xd1, 0xd0, 0xcf, 0xce, 0xce, 0xcf, 0xd0, 0xd1, 0xd2, 0xd2, 0xd1, 0xcf, 0xce, 0xcd,
  0xcc, 0xcd, 0xce, 0xcf, 0xd1, 0xd1, 0xd1, 0xcf, 0xcd, 0xcb, 0xca, 0xca, 0xcb, 0xce, 0xd0, 0xd2,
  0xd2, 0xd0, 0xcd, 0xc9, 0xc6, 0xc5, 0xc6, 0xcb, 0xd1, 0xd7, 0xda, 0xd8, 0xd0, 0xc0, 0xa9, 0x8e,
  0x70, 0x55, 0x3e, 0x2e, 0x26, 0x24, 0x27, 0x2d, 0x33, 0x38, 0x39, 0x38, 0x35, 0x31, 0x2e, 0x2c,
  0x2c, 0x2e, 0x30, 0x33, 0x34, 0x34, 0x33, 0x31, 0x2f, 0x2d, 0x2d, 0x2d, 0x2f, 0x30, 0x31, 0x32,
  0x31, 0x30, 0x2f, 0x2d, 0x2c, 0x2c, 0x2d, 0x2e, 0x2f, 0x30, 0x30, 0x2f, 0x2e, 0x2d, 0x2c, 0x2c,
  0x2c, 0x2d, 0x2e, 0x2e, 0x2f, 0x2e, 0x2e, 0x2d, 0x2c, 0x2b, 0x2b, 0x2b, 0x2c, 0x2d, 0x2d, 0x2d,
  0x2d, 0x2c, 0x2b, 0x2b, 0x2a, 0x2a, 0x2b, 0x2b, 0x2c, 0x2c, 0x2c, 0x2b, 0x2b, 0x2a, 0x29, 0x29,
  0x29, 0x2a, 0x2a, 0x2b, 0x2b, 0x2b, 0x2a, 0x29, 0x29, 0x28, 0x28, 0x28, 0x29, 0x29, 0x2a, 0x29,
  0x29, 0x28, 0x28, 0x27, 0x27, 0x27, 0x28, 0x28, 0x28, 0x28, 0x28, 0x28, 0x27, 0x27, 0x26, 0x26,
  0x26, 0x27, 0x27, 0x27, 0x27, 0x27, 0x26, 0x26, 0x25, 0x25, 0x25, 0x25, 0x26, 0x26, 0x26, 0x26,
  0x26, 0x26, 0x26, 0x27, 0x28, 0x29, 0x2a, 0x2b, 0x2c, 0x2d, 0x2d, 0x2e, 0x2e, 0x2e, 0x2f, 0x30,
  0x31, 0x32, 0x33, 0x34, 0x34, 0x35, 0x35, 0x35, 0x36, 0x37, 0x37, 0x38, 0x3a, 0x3b, 0x3b, 0x3c,
  0x3c, 0x3d, 0x3d, 0x3e, 0x3e, 0x3f, 0x40, 0x41, 0x42, 0x43, 0x43, 0x44, 0x44, 0x45, 0x45, 0x46,
  0x47, 0x48, 0x49, 0x4a, 0x4b, 0x4b, 0x4b, 0x4c, 0x4c, 0x4d, 0x4e, 0x4f, 0x50, 0x51, 0x52, 0x52,
  0x52, 0x53, 0x53, 0x54, 0x55, 0x56, 0x57, 0x58, 0x59, 0x59, 0x5a, 0x5a, 0x5a, 0x5b, 0x5c, 0x5d,
  0x5e, 0x5f, 0x60, 0x60, 0x61, 0x61, 0x62, 0x62, 0x63, 0x64, 0x64, 0x66, 0x66, 0x67, 0x68, 0x68,
  0x69, 0x69, 0x6a, 0x6a, 0x6b, 0x6c, 0x6d, 0x6e, 0x6f, 0x70, 0x70, 0x70, 0x71, 0x71, 0x72, 0x73,
  0x74, 0x75, 0x76, 0x77, 0x77, 0x77, 0x78, 0x78, 0x79, 0x7a, 0x7b, 0x7c, 0x7d, 0x7e, 0x7f, 0x7f,
  0x7f, 0x7f, 0x80, 0x81, 0x81, 0x82, 0x83, 0x84, 0x85, 0x85, 0x85, 0x86, 0x86, 0x86, 0x87, 0x88,
  0x89, 0x8a, 0x8b, 0x8b, 0x8c, 0x8c, 0x8c, 0x8d, 0x8d, 0x8e, 0x8f, 0x90, 0x91, 0x91, 0x92, 0x92,
  0x92, 0x93, 0x93, 0x94, 0x95, 0x96, 0x97, 0x98, 0x98, 0x98, 0x99, 0x99, 0x99, 0x9a, 0x9b, 0x9c,
  0x9d, 0x9d, 0x9e, 0x9f, 0x9f, 0x9f, 0x9f, 0xa0, 0xa0, 0xa1, 0xa2, 0xa3, 0xa4, 0xa5, 0xa5, 0xa5,
  0xa5, 0xa6, 0xa6, 0xa7, 0xa8, 0xa9, 0xaa, 0xab, 0xab, 0xab, 0xac, 0xac, 0xac, 0xad, 0xae, 0xaf,
  0xb0, 0xb1, 0xb1, 0xb2, 0xb2, 0xb2, 0xb2, 0xb3, 0xb4, 0xb5, 0xb6, 0xb7, 0xb7, 0xb8, 0xb8, 0xb8,
  0xb8, 0xb9, 0xb9, 0xba, 0xbc, 0xbd, 0xbd, 0xbe, 0xbe, 0xbe, 0xbf, 0xbf, 0xbf, 0xc0, 0xc1, 0xc2,
  0xc3, 0xc4, 0xc5, 0xc5, 0xc5, 0xc5, 0xc5, 0xc6, 0xc7, 0xc8, 0xc9, 0xca, 0xcb, 0xcb, 0xcb, 0xcb,
  0xcb, 0xcb, 0xcc, 0xcc, 0xcd, 0xce, 0xce, 0xce, 0xce, 0xce, 0xcd, 0xcd, 0xcd, 0xce, 0xcf, 0xd0,
  0xd0, 0xd0, 0xd0, 0xd0, 0xd0, 0xcf, 0xcf, 0xd0, 0xd0, 0xd1, 0xd2, 0xd3, 0xd3, 0xd2, 0xd2, 0xd1,
  0xd1, 0xd1, 0xd2, 0xd3, 0xd4, 0xd4, 0xd5, 0xd5, 0xd4, 0xd4, 0xd3, 0xd3, 0xd4, 0xd4, 0xd5, 0xd6,
  0xd7, 0xd7, 0xd7, 0xd6, 0xd5, 0xd5, 0xd5, 0xd6, 0xd7, 0xd8, 0xd9, 0xd9, 0xd9, 0xd8, 0xd8, 0xd7,
  0xd7, 0xd7, 0xd8, 0xd9, 0xdb, 0xdb, 0xdc, 0xdb, 0xda, 0xd9, 0xd9, 0xd9, 0xd9, 0xdb, 0xdc, 0xde,
  0xde, 0xde, 0xdd, 0xdc, 0xdb, 0xda, 0xda, 0xdc, 0xde, 0xdf, 0xe1, 0xe1, 0xe0, 0xde, 0xdd, 0xdb,
  0xdb, 0xdc, 0xde, 0xe1, 0xe3, 0xe4, 0xe4, 0xe2, 0xdf, 0xdd, 0xdc, 0xdc, 0xde, 0xe2, 0xe5, 0xe8,
  0xe9, 0xe7, 0xe3, 0xde, 0xda, 0xd9, 0xdb, 0xe1, 0xe9, 0xf2, 0xf6, 0xf5, 0xea, 0xd5, 0xb7, 0x92,
  0x6c, 0x47, 0x29, 0x14, 0x09, 0x08, 0x0c, 0x15, 0x1d, 0x23, 0x25, 0x24, 0x20, 0x1b, 0x17, 0x15,
  0x16, 0x19, 0x1c, 0x20, 0x22, 0x22, 0x21, 0x1f, 0x1c, 0x1a, 0x1a, 0x1b, 0x1d, 0x20, 0x22, 0x23,
  0x23, 0x21, 0x20, 0x1e, 0x1d, 0x1d, 0x1f, 0x21, 0x22, 0x24, 0x24, 0x24, 0x22, 0x21, 0x20, 0x20,
  0x20, 0x22, 0x23, 0x25, 0x25, 0x25, 0x25, 0x24, 0x23, 0x22, 0x23, 0x23, 0x25, 0x26, 0x27, 0x27,
  0x27, 0x26, 0x26, 0x25, 0x25, 0x25, 0x26, 0x27, 0x28, 0x29, 0x29, 0x29, 0x28, 0x27, 0x27, 0x27,
  0x28, 0x29, 0x2a, 0x2b, 0x2b, 0x2b, 0x2a, 0x2a, 0x29, 0x29, 0x29, 0x2a, 0x2b, 0x2c, 0x2d, 0x2d,
  0x2d, 0x2c, 0x2c, 0x2b, 0x2b, 0x2c, 0x2d, 0x2e, 0x2e, 0x2f, 0x2f, 0x2e, 0x2e, 0x2e, 0x2e, 0x2e,
  0x2e, 0x2f, 0x30, 0x31, 0x31, 0x31, 0x30, 0x30, 0x30, 0x30, 0x30, 0x31, 0x32, 0x32, 0x33, 0x33,
  0x33, 0x33, 0x33, 0x33, 0x34, 0x35, 0x36, 0x37, 0x38, 0x39, 0x39, 0x39, 0x39, 0x39, 0x3a, 0x3b,
  0x3c, 0x3d, 0x3e, 0x3f, 0x3f, 0x3f, 0x40, 0x40, 0x40, 0x41, 0x41, 0x42, 0x44, 0x45, 0x45, 0x46,
  0x46, 0x46, 0x46, 0x47, 0x47, 0x48, 0x49, 0x4a, 0x4b, 0x4c, 0x4c, 0x4c, 0x4c, 0x4d, 0x4d, 0x4e,
  0x4f, 0x50, 0x51, 0x52, 0x52, 0x52, 0x53, 0x53, 0x53, 0x54, 0x55, 0x56, 0x57, 0x58, 0x58, 0x59,
  0x59, 0x59, 0x59, 0x5a, 0x5b, 0x5c, 0x5d, 0x5e, 0x5e, 0x5f, 0x5f, 0x5f, 0x5f, 0x60, 0x61, 0x61,
  0x62, 0x63, 0x64, 0x65, 0x65, 0x66, 0x66, 0x66, 0x66, 0x67, 0x68, 0x69, 0x6a, 0x6b, 0x6b, 0x6c,
  0x6c, 0x6c, 0x6c, 0x6d, 0x6e, 0x6f, 0x70, 0x71, 0x72, 0x72, 0x72, 0x72, 0x73, 0x73, 0x74, 0x75,
  0x76, 0x77, 0x78, 0x78, 0x78, 0x79, 0x79, 0x79, 0x7a, 0x7a, 0x7c, 0x7d, 0x7e, 0x7e, 0x7f, 0x7f,
  0x7f, 0x80, 0x80, 0x81, 0x81, 0x82, 0x83, 0x84, 0x85, 0x85, 0x85, 0x85, 0x85, 0x85, 0x86, 0x87,
  0x88, 0x89, 0x8a, 0x8a, 0x8a, 0x8a, 0x8a, 0x8a, 0x8b, 0x8c, 0x8d, 0x8e, 0x8f, 0x8f, 0x8f, 0x8f,
  0x8f, 0x8f, 0x90, 0x91, 0x92, 0x93, 0x93, 0x94, 0x95, 0x95, 0x95, 0x95, 0x95, 0x95, 0x96, 0x97,
  0x98, 0x99, 0x9a, 0x9a, 0x9a, 0x9a, 0x9a, 0x9a, 0x9b, 0x9c, 0x9d, 0x9e, 0x9f, 0x9f, 0x9f, 0x9f,
  0x9f, 0x9f, 0xa0, 0xa1, 0xa2, 0xa3, 0xa4, 0xa4, 0xa4, 0xa4, 0xa4, 0xa4, 0xa5, 0xa5, 0xa6, 0xa7,
  0xa8, 0xa9, 0xaa, 0xaa, 0xaa, 0xaa, 0xaa, 0xaa, 0xab, 0xac, 0xad, 0xae, 0xaf, 0xaf, 0xaf, 0xaf,
  0xaf, 0xaf, 0xb0, 0xb1, 0xb2, 0xb3, 0xb4, 0xb4, 0xb4, 0xb4, 0xb4, 0xb4, 0xb5, 0xb5, 0xb7, 0xb8,
  0xb9, 0xb9, 0xba, 0xba, 0xb9, 0xb9, 0xba, 0xba, 0xbb, 0xbc, 0xbd, 0xbe, 0xbf, 0xbf, 0xbf, 0xbf,
  0xbf, 0xbf, 0xc0, 0xc1, 0xc2, 0xc3, 0xc4, 0xc4, 0xc4, 0xc4, 0xc4, 0xc4, 0xc5, 0xc6, 0xc7, 0xc8,
  0xc9, 0xca, 0xca, 0xc9, 0xc9, 0xc9, 0xc9, 0xca, 0xcb, 0xcd, 0xce, 0xcf, 0xcf, 0xcf, 0xcf, 0xce,
  0xce, 0xcf, 0xd0, 0xd1, 0xd3, 0xd4, 0xd4, 0xd4, 0xd4, 0xd4, 0xd3, 0xd4, 0xd4, 0xd6, 0xd7, 0xd9,
  0xda, 0xda, 0xda, 0xd9, 0xd9, 0xd8, 0xd9, 0xda, 0xdc, 0xdd, 0xdf, 0xdf, 0xdf, 0xdf, 0xde, 0xde,
  0xde, 0xde, 0xe0, 0xe2, 0xe3, 0xe5, 0xe5, 0xe5, 0xe4, 0xe3, 0xe2, 0xe3, 0xe4, 0xe6, 0xe8, 0xea,
  0xeb, 0xeb, 0xea, 0xe8, 0xe7, 0xe7, 0xe8, 0xea, 0xec, 0xef, 0xf0, 0xf1, 0xf0, 0xef, 0xed, 0xeb,
  0xeb, 0xed, 0xf0, 0xf3, 0xf6, 0xf7, 0xf7, 0xf5, 0xf2, 0xf0, 0xee, 0xef, 0xf2, 0xf7, 0xfc, 0xff,
  0xff, 0xfe, 0xf9, 0xf4, 0xef, 0xee, 0xf1, 0xf9, 0xff, 0xff, 0xff, 0xff, 0xff, 0xea, 0xc5, 0x98,
  0x68, 0x3a, 0x15, 0x00, 0x00, 0x00, 0x00, 0x00, 0x06, 0x0e, 0x11, 0x10, 0x0b, 0x06, 0x01, 0x00,
  0x00, 0x03, 0x08, 0x0d, 0x10, 0x11, 0x0f, 0x0d, 0x0a, 0x08, 0x08, 0x09, 0x0c, 0x0f, 0x12, 0x14,
  0x14, 0x12, 0x10, 0x0f, 0x0e, 0x0f, 0x10, 0x13, 0x15, 0x17, 0x18, 0x18, 0x17, 0x15, 0x14, 0x14,
  0x15, 0x17, 0x19, 0x1b, 0x1c, 0x1d, 0x1c, 0x1b, 0x1a, 0x1a, 0x1a, 0x1c, 0x1d, 0x1f, 0x21, 0x21,
  0x21, 0x21, 0x20, 0x20, 0x20, 0x20, 0x22, 0x23, 0x25, 0x26, 0x27, 0x26, 0x26, 0x25, 0x25, 0x25,
  0x26, 0x28, 0x29, 0x2b, 0x2b, 0x2c, 0x2b, 0x2b, 0x2b, 0x2b, 0x2b, 0x2c, 0x2e, 0x2f, 0x30, 0x31,
  0x31, 0x30, 0x30, 0x30, 0x30, 0x31, 0x32, 0x34, 0x35, 0x36, 0x36, 0x36, 0x36, 0x35, 0x35, 0x36,
  0x37, 0x38, 0x39, 0x3a, 0x3b, 0x3b, 0x3b, 0x3b, 0x3b, 0x3b, 0x3c, 0x3d, 0x3e, 0x3f, 0x40, 0x40,
  0x40, 0x40, 0x40, 0x40, 0x41, 0x42, 0x43, 0x44, 0x45, 0x45, 0x46, 0x46, 0x45, 0x45, 0x46, 0x46,
  0x47, 0x48, 0x4a, 0x4a, 0x4b, 0x4b, 0x4b, 0x4b, 0x4b, 0x4b, 0x4c, 0x4d, 0x4e, 0x4f, 0x50, 0x50,
  0x50, 0x50, 0x50, 0x50, 0x51, 0x52, 0x53, 0x54, 0x55, 0x55, 0x55, 0x55, 0x55, 0x55, 0x56, 0x57,
  0x58, 0x59, 0x5a, 0x5a, 0x5b, 0x5b, 0x5b, 0x5b, 0x5b, 0x5b, 0x5c, 0x5d, 0x5e, 0x5f, 0x60, 0x60,
  0x60, 0x60, 0x60, 0x60, 0x61, 0x62, 0x63, 0x64, 0x65, 0x65, 0x65, 0x65, 0x65, 0x65, 0x66, 0x67,
  0x68, 0x69, 0x6a, 0x6a, 0x6a, 0x6a, 0x6a, 0x6a, 0x6b, 0x6c, 0x6c, 0x6d, 0x6e, 0x6f, 0x70, 0x70,
  0x70, 0x70, 0x70, 0x70, 0x71, 0x72, 0x73, 0x74, 0x75, 0x75, 0x75, 0x75, 0x75, 0x75, 0x76, 0x77,
  0x78, 0x79, 0x7a, 0x7a, 0x7a, 0x7a, 0x7a, 0x7a, 0x7b, 0x7c, 0x7d, 0x7e, 0x7e, 0x7f, 0x7f, 0x80,
  0x7f, 0x88, 0x91, 0x98, 0x9c, 0x9f, 0xa0, 0x9f, 0x9d, 0x9c, 0x9a, 0x9a, 0x9b, 0x9c, 0x9e, 0xa0,
  0xa1, 0xa1, 0xa1, 0xa1, 0xa0, 0xa0, 0xa0, 0xa0, 0xa1, 0xa3, 0xa4, 0xa5, 0xa5, 0xa5, 0xa5, 0xa4,
  0xa4, 0xa4, 0xa5, 0xa6, 0xa7, 0xa8, 0xa9, 0xa9, 0xa9, 0xa9, 0xa9, 0xa9, 0xa9, 0xaa, 0xab, 0xac,
  0xad, 0xad, 0xae, 0xad, 0xad, 0xad, 0xad, 0xae, 0xae, 0xaf, 0xb0, 0xb1, 0xb2, 0xb2, 0xb2, 0xb1,
  0xb1, 0xb1, 0xb2, 0xb3, 0xb4, 0xb5, 0xb6, 0xb6, 0xb6, 0xb6, 0xb6, 0xb6, 0xb6, 0xb7, 0xb8, 0xb9,
  0xba, 0xba, 0xba, 0xba, 0xba, 0xba, 0xba, 0xba, 0xbb, 0xbc, 0xbd, 0xbe, 0xbf, 0xbf, 0xbe, 0xbe,
  0xbe, 0xbe, 0xbf, 0xc0, 0xc1, 0xc2, 0xc3, 0xc3, 0xc3, 0xc2, 0xc2, 0xc2, 0xc3, 0xc4, 0xc5, 0xc6,
  0xc7, 0xc7, 0xc7, 0xc7, 0xc7, 0xc6, 0xc7, 0xc7, 0xc8, 0xc9, 0xca, 0xcb, 0xcb, 0xcb, 0xcb, 0xcb,
  0xcb, 0xcb, 0xcc, 0xcd, 0xce, 0xcf, 0xd0, 0xd0, 0xcf, 0xcf, 0xcf, 0xcf, 0xcf, 0xd0, 0xd2, 0xd3,
  0xd4, 0xd4, 0xd4, 0xd3, 0xd3, 0xd3, 0xd3, 0xd4, 0xd5, 0xd6, 0xd7, 0xd8, 0xd8, 0xd8, 0xd7, 0xd7,
  0xd7, 0xd7, 0xd9, 0xda, 0xdb, 0xdc, 0xdd, 0xdd, 0xdc, 0xdb, 0xdb, 0xdb, 0xdc, 0xdd, 0xdf, 0xe0,
  0xe1, 0xe1, 0xe1, 0xe0, 0xdf, 0xdf, 0xdf, 0xe1, 0xe2, 0xe4, 0xe5, 0xe6, 0xe5, 0xe5, 0xe4, 0xe3,
  0xe3, 0xe4, 0xe5, 0xe7, 0xe9, 0xea, 0xea, 0xea, 0xe9, 0xe7, 0xe7, 0xe7, 0xe8, 0xea, 0xec, 0xee,
  0xef, 0xef, 0xee, 0xec, 0xeb, 0xea, 0xeb, 0xed, 0xef, 0xf2, 0xf4, 0xf4, 0xf3, 0xf1, 0xef, 0xee,
  0xee, 0xef, 0xf2, 0xf5, 0xf8, 0xfa, 0xf9, 0xf7, 0xf4, 0xf1, 0xf0, 0xf0, 0xf3, 0xf8, 0xfd, 0xff,
  0xff, 0xff, 0xfa, 0xf4, 0xef, 0xee, 0xf1, 0xf9, 0xff, 0xff, 0xff, 0xff, 0xff, 0xea, 0xc5, 0x97,
  0x67, 0x3a, 0x14, 0x00, 0x00, 0x00, 0x00, 0x00, 0x05, 0x0d, 0x10, 0x0f, 0x0a, 0x04, 0x00, 0x00,
  0x00, 0x01, 0x06, 0x0a, 0x0d, 0x0e, 0x0d, 0x0a, 0x07, 0x05, 0x05, 0x06, 0x09, 0x0c, 0x0f, 0x10,
  0x10, 0x0f, 0x0d, 0x0b, 0x0a, 0x0b, 0x0c, 0x0f, 0x11, 0x13, 0x14, 0x13, 0x12, 0x10, 0x0f, 0x0f,
  0x10, 0x12, 0x14, 0x16, 0x17, 0x17, 0x17, 0x16, 0x14, 0x14, 0x14, 0x15, 0x17, 0x19, 0x1a, 0x1b,
  0x1b, 0x1a, 0x19, 0x19, 0x19, 0x19, 0x1a, 0x1c, 0x1d, 0x1e, 0x1f, 0x1f, 0x1e, 0x1d, 0x1d, 0x1d,
  0x1e, 0x1f, 0x21, 0x22, 0x23, 0x23, 0x23, 0x22, 0x22, 0x21, 0x22, 0x23, 0x24, 0x25, 0x26, 0x27,
  0x27, 0x27, 0x26, 0x26, 0x26, 0x27, 0x28, 0x29, 0x2a, 0x2b, 0x2b, 0x2b, 0x2b, 0x2a, 0x2a, 0x2b,
  0x2b, 0x2c, 0x2e, 0x2f, 0x2f, 0x2f, 0x2f, 0x2f, 0x2e, 0x2f, 0x2f, 0x30, 0x31, 0x32, 0x33, 0x33,
  0x33, 0x33, 0x33, 0x33, 0x33, 0x34, 0x35, 0x36, 0x37, 0x37, 0x38, 0x37, 0x37, 0x37, 0x37, 0x38,
  0x38, 0x39, 0x3a, 0x3b, 0x3c, 0x3c, 0x3c, 0x3b, 0x3b, 0x3c, 0x3c, 0x3d, 0x3e, 0x3f, 0x40, 0x40,
  0x40, 0x40, 0x40, 0x40, 0x40, 0x41, 0x42, 0x43, 0x43, 0x44, 0x44, 0x44, 0x44, 0x44, 0x44, 0x45,
  0x45, 0x46, 0x47, 0x48, 0x48, 0x48, 0x48, 0x48, 0x48, 0x48, 0x49, 0x4a, 0x4b, 0x4c, 0x4c, 0x4d,
  0x4d, 0x4d, 0x4c, 0x4d, 0x4d, 0x4e, 0x4e, 0x4f, 0x50, 0x51, 0x51, 0x51, 0x51, 0x51, 0x51, 0x51,
  0x52, 0x53, 0x54, 0x55, 0x55, 0x55, 0x55, 0x55, 0x55, 0x55, 0x56, 0x57, 0x58, 0x58, 0x59, 0x5a,
  0x5a, 0x5a, 0x59, 0x59, 0x59, 0x5a, 0x5b, 0x5c, 0x5d, 0x5e, 0x5e, 0x5e, 0x5e, 0x5e, 0x5d, 0x5d,
  0x5e, 0x5f, 0x60, 0x62, 0x63, 0x64, 0x63, 0x63, 0x61, 0x60, 0x5f, 0x60, 0x62, 0x67, 0x6e, 0x76,
  0x7f, 0x92, 0xa2, 0xaf, 0xb8, 0xbc, 0xbc, 0xba, 0xb6, 0xb3, 0xb1, 0xb0, 0xb2, 0xb4, 0xb7, 0xb9,
  0xba, 0xba, 0xb9, 0xb8, 0xb6, 0xb6, 0xb6, 0xb7, 0xb9, 0xba, 0xbc, 0xbd, 0xbc, 0xbc, 0xbb, 0xba,
  0xba, 0xba, 0xbb, 0xbc, 0xbe, 0xbf, 0xbf, 0xbf, 0xbf, 0xbe, 0xbd, 0xbd, 0xbe, 0xbf, 0xc0, 0xc1,
  0xc2, 0xc2, 0xc2, 0xc2, 0xc1, 0xc1, 0xc1, 0xc1, 0xc2, 0xc4, 0xc5, 0xc5, 0xc5, 0xc5, 0xc5, 0xc4,
  0xc4, 0xc4, 0xc5, 0xc6, 0xc7, 0xc8, 0xc8, 0xc8, 0xc8, 0xc8, 0xc7, 0xc7, 0xc8, 0xc9, 0xca, 0xcb,
  0xcb, 0xcc, 0xcb, 0xcb, 0xcb, 0xca, 0xcb, 0xcb, 0xcc, 0xcd, 0xce, 0xcf, 0xcf, 0xcf, 0xce, 0xce,
  0xce, 0xce, 0xcf, 0xd0, 0xd1, 0xd2, 0xd2, 0xd2, 0xd2, 0xd1, 0xd1, 0xd1, 0xd1, 0xd2, 0xd3, 0xd4,
  0xd5, 0xd5, 0xd5, 0xd5, 0xd4, 0xd4, 0xd4, 0xd5, 0xd6, 0xd7, 0xd8, 0xd8, 0xd8, 0xd8, 0xd8, 0xd7,
  0xd7, 0xd7, 0xd8, 0xd9, 0xda, 0xdb, 0xdc, 0xdc, 0xdb, 0xdb, 0xda, 0xda, 0xdb, 0xdc, 0xdd, 0xde,
  0xdf, 0xdf, 0xdf, 0xde, 0xdd, 0xdd, 0xde, 0xde, 0xdf, 0xe1, 0xe2, 0xe2, 0xe2, 0xe2, 0xe1, 0xe0,
  0xe0, 0xe1, 0xe2, 0xe3, 0xe4, 0xe5, 0xe6, 0xe5, 0xe5, 0xe4, 0xe3, 0xe3, 0xe4, 0xe6, 0xe7, 0xe8,
  0xe9, 0xe9, 0xe8, 0xe7, 0xe7, 0xe6, 0xe7, 0xe8, 0xe9, 0xeb, 0xec, 0xec, 0xec, 0xeb, 0xea, 0xe9,
  0xe9, 0xea, 0xeb, 0xed, 0xef, 0xf0, 0xf0, 0xef, 0xee, 0xed, 0xec, 0xec, 0xed, 0xef, 0xf1, 0xf3,
  0xf4, 0xf3, 0xf2, 0xf0, 0xef, 0xef, 0xef, 0xf1, 0xf3, 0xf6, 0xf7, 0xf7, 0xf6, 0xf4, 0xf2, 0xf1,
  0xf1, 0xf2, 0xf5, 0xf8, 0xfb, 0xfc, 0xfc, 0xf9, 0xf6, 0xf3, 0xf2, 0xf2, 0xf5, 0xfa, 0xff, 0xff,
  0xff, 0xff, 0xfb, 0xf5, 0xf0, 0xef, 0xf2, 0xfa, 0xff, 0xff, 0xff, 0xff, 0xff, 0xea, 0xc4, 0x97,
  0x67, 0x3a, 0x15, 0x00, 0x00, 0x00, 0x00, 0x00, 0x04, 0x0c, 0x0f, 0x0e, 0x09, 0x03, 0x00, 0x00,
  0x00, 0x00, 0x04, 0x08, 0x0b, 0x0c, 0x0b, 0x08, 0x05, 0x03, 0x02, 0x03, 0x06, 0x09, 0x0c, 0x0d,
  0x0d, 0x0c, 0x0a, 0x08, 0x07, 0x07, 0x08, 0x0b, 0x0d, 0x0f, 0x0f, 0x0f, 0x0e, 0x0c, 0x0b, 0x0b,
  0x0b, 0x0d, 0x0f, 0x10, 0x12, 0x12, 0x11, 0x10, 0x0f, 0x0e, 0x0e, 0x0f, 0x11, 0x12, 0x14, 0x15,
  0x15, 0x14, 0x13, 0x12, 0x12, 0x12, 0x13, 0x15, 0x16, 0x17, 0x18, 0x17, 0x17, 0x16, 0x15, 0x15,
  0x16, 0x17, 0x18, 0x1a, 0x1a, 0x1a, 0x1a, 0x1a, 0x19, 0x19, 0x19, 0x1a, 0x1b, 0x1c, 0x1d, 0x1d,
  0x1d, 0x1d, 0x1d, 0x1c, 0x1c, 0x1c, 0x1d, 0x1e, 0x1f, 0x20, 0x21, 0x20, 0x20, 0x20, 0x1f, 0x1f,
  0x20, 0x21, 0x22, 0x23, 0x24, 0x24, 0x23, 0x23, 0x23, 0x23, 0x23, 0x24, 0x25, 0x26, 0x26, 0x27,
  0x27, 0x26, 0x26, 0x26, 0x26, 0x26, 0x27, 0x28, 0x29, 0x2a, 0x2a, 0x2a, 0x2a, 0x29, 0x29, 0x29,
  0x2a, 0x2b, 0x2c, 0x2c, 0x2d, 0x2d, 0x2d, 0x2d, 0x2c, 0x2c, 0x2d, 0x2d, 0x2e, 0x2f, 0x30, 0x30,
  0x30, 0x30, 0x30, 0x30, 0x30, 0x30, 0x31, 0x32, 0x33, 0x33, 0x33, 0x33, 0x33, 0x33, 0x33, 0x33,
  0x33, 0x34, 0x35, 0x36, 0x36, 0x37, 0x37, 0x36, 0x36, 0x36, 0x36, 0x37, 0x38, 0x39, 0x39, 0x3a,
  0x3a, 0x3a, 0x39, 0x39, 0x39, 0x3a, 0x3a, 0x3b, 0x3c, 0x3d, 0x3d, 0x3d, 0x3d, 0x3d, 0x3c, 0x3c,
  0x3d, 0x3e, 0x3f, 0x40, 0x40, 0x41, 0x40, 0x40, 0x40, 0x3f, 0x3f, 0x40, 0x41, 0x42, 0x43, 0x44,
  0x44, 0x44, 0x43, 0x43, 0x42, 0x42, 0x43, 0x44, 0x46, 0x47, 0x48, 0x48, 0x47, 0x46, 0x45, 0x44,
  0x44, 0x46, 0x48, 0x4a, 0x4c, 0x4e, 0x4d, 0x4b, 0x48, 0x45, 0x42, 0x43, 0x47, 0x4f, 0x5c, 0x6d,
  0x7f, 0x9b, 0xb4, 0xc7, 0xd4, 0xd9, 0xd9, 0xd5, 0xcf, 0xca, 0xc7, 0xc6, 0xc8, 0xcc, 0xd0, 0xd2,
  0xd4, 0xd3, 0xd1, 0xcf, 0xcd, 0xcc, 0xcc, 0xcd, 0xd0, 0xd2, 0xd3, 0xd4, 0xd3, 0xd2, 0xd0, 0xcf,
  0xcf, 0xcf, 0xd1, 0xd2, 0xd4, 0xd5, 0xd5, 0xd5, 0xd4, 0xd2, 0xd2, 0xd2, 0xd2, 0xd4, 0xd5, 0xd6,
  0xd7, 0xd7, 0xd6, 0xd5, 0xd4, 0xd4, 0xd4, 0xd5, 0xd6, 0xd8, 0xd9, 0xd9, 0xd9, 0xd8, 0xd7, 0xd7,
  0xd6, 0xd7, 0xd8, 0xd9, 0xda, 0xdb, 0xdb, 0xdb, 0xda, 0xd9, 0xd9, 0xd9, 0xd9, 0xda, 0xdb, 0xdc,
  0xdd, 0xdd, 0xdc, 0xdc, 0xdb, 0xdb, 0xdb, 0xdc, 0xdd, 0xde, 0xdf, 0xdf, 0xdf, 0xdf, 0xde, 0xdd,
  0xdd, 0xde, 0xde, 0xe0, 0xe1, 0xe1, 0xe1, 0xe1, 0xe0, 0xe0, 0xdf, 0xdf, 0xe0, 0xe1, 0xe2, 0xe3,
  0xe3, 0xe3, 0xe3, 0xe2, 0xe2, 0xe1, 0xe2, 0xe2, 0xe3, 0xe5, 0xe5, 0xe6, 0xe5, 0xe5, 0xe4, 0xe4,
  0xe4, 0xe4, 0xe5, 0xe6, 0xe7, 0xe8, 0xe8, 0xe7, 0xe7, 0xe6, 0xe6, 0xe6, 0xe6, 0xe7, 0xe9, 0xe9,
  0xea, 0xea, 0xe9, 0xe9, 0xe8, 0xe8, 0xe8, 0xe9, 0xea, 0xeb, 0xec, 0xec, 0xec, 0xeb, 0xea, 0xea,
  0xea, 0xea, 0xeb, 0xed, 0xee, 0xee, 0xee, 0xee, 0xed, 0xec, 0xec, 0xec, 0xed, 0xee, 0xef, 0xf0,
  0xf1, 0xf1, 0xf0, 0xef, 0xee, 0xee, 0xee, 0xef, 0xf1, 0xf2, 0xf3, 0xf3, 0xf3, 0xf1, 0xf0, 0xef,
  0xef, 0xf0, 0xf2, 0xf3, 0xf5, 0xf6, 0xf5, 0xf4, 0xf3, 0xf2, 0xf1, 0xf1, 0xf3, 0xf4, 0xf6, 0xf8,
  0xf8, 0xf8, 0xf6, 0xf4, 0xf3, 0xf3, 0xf3, 0xf5, 0xf8, 0xfa, 0xfb, 0xfb, 0xfa, 0xf8, 0xf5, 0xf4,
  0xf4, 0xf5, 0xf8, 0xfb, 0xfe, 0xff, 0xfe, 0xfb, 0xf8, 0xf5, 0xf4, 0xf4, 0xf7, 0xfc, 0xff, 0xff,
  0xff, 0xff, 0xfc, 0xf6, 0xf1, 0xf0, 0xf3, 0xfa, 0xff, 0xff, 0xff, 0xff, 0xff, 0xea, 0xc4, 0x97,
  0x67, 0x3a, 0x15, 0x00, 0x00, 0x00, 0x00, 0x00, 0x03, 0x0b, 0x0e, 0x0d, 0x08, 0x02, 0x00, 0x00,
  0x00, 0x00, 0x02, 0x06, 0x09, 0x0a, 0x09, 0x06, 0x03, 0x00, 0x00, 0x01, 0x03, 0x06, 0x08, 0x0a,
  0x0a, 0x09, 0x07, 0x05, 0x03, 0x03, 0x04, 0x06, 0x09, 0x0a, 0x0b, 0x0b, 0x0a, 0x08, 0x07, 0x06,
  0x06, 0x08, 0x09, 0x0b, 0x0c, 0x0d, 0x0c, 0x0b, 0x0a, 0x09, 0x09, 0x09, 0x0b, 0x0c, 0x0e, 0x0e,
  0x0e, 0x0e, 0x0d, 0x0c, 0x0b, 0x0b, 0x0c, 0x0d, 0x0f, 0x10, 0x10, 0x10, 0x0f, 0x0e, 0x0e, 0x0e,
  0x0e, 0x0f, 0x10, 0x11, 0x12, 0x12, 0x12, 0x11, 0x10, 0x10, 0x10, 0x10, 0x11, 0x13, 0x13, 0x14,
  0x14, 0x14, 0x13, 0x12, 0x12, 0x12, 0x13, 0x14, 0x15, 0x16, 0x16, 0x16, 0x16, 0x15, 0x14, 0x14,
  0x15, 0x15, 0x16, 0x17, 0x18, 0x18, 0x18, 0x17, 0x17, 0x17, 0x17, 0x17, 0x18, 0x19, 0x1a, 0x1a,
  0x1a, 0x1a, 0x19, 0x19, 0x19, 0x19, 0x19, 0x1a, 0x1b, 0x1c, 0x1c, 0x1c, 0x1c, 0x1b, 0x1b, 0x1b,
  0x1b, 0x1c, 0x1d, 0x1e, 0x1e, 0x1e, 0x1e, 0x1e, 0x1d, 0x1d, 0x1d, 0x1e, 0x1e, 0x1f, 0x20, 0x21,
  0x21, 0x20, 0x20, 0x1f, 0x1f, 0x1f, 0x20, 0x21, 0x22, 0x22, 0x23, 0x23, 0x23, 0x22, 0x22, 0x22,
  0x22, 0x22, 0x23, 0x24, 0x25, 0x25, 0x25, 0x25, 0x24, 0x24, 0x24, 0x24, 0x25, 0x26, 0x27, 0x27,
  0x27, 0x27, 0x27, 0x26, 0x26, 0x26, 0x26, 0x27, 0x28, 0x29, 0x2a, 0x2a, 0x29, 0x29, 0x28, 0x28,
  0x28, 0x28, 0x29, 0x2b, 0x2c, 0x2c, 0x2c, 0x2b, 0x2a, 0x2a, 0x29, 0x2a, 0x2b, 0x2c, 0x2d, 0x2f,
  0x2f, 0x2e, 0x2d, 0x2c, 0x2b, 0x2b, 0x2b, 0x2d, 0x2f, 0x31, 0x32, 0x32, 0x31, 0x2f, 0x2d, 0x2b,
  0x2b, 0x2c, 0x2f, 0x33, 0x36, 0x38, 0x37, 0x34, 0x2f, 0x2a, 0x25, 0x25, 0x2b, 0x37, 0x4b, 0x63,
  0x7f, 0xa4, 0xc5, 0xdf, 0xef, 0xf7, 0xf6, 0xf0, 0xe8, 0xe1, 0xdd, 0xdc, 0xdf, 0xe3, 0xe8, 0xec,
  0xed, 0xec, 0xea, 0xe6, 0xe3, 0xe2, 0xe2, 0xe4, 0xe7, 0xe9, 0xeb, 0xec, 0xeb, 0xe9, 0xe7, 0xe5,
  0xe4, 0xe5, 0xe7, 0xe9, 0xea, 0xec, 0xec, 0xeb, 0xe9, 0xe7, 0xe6, 0xe6, 0xe7, 0xe8, 0xea, 0xec,
  0xec, 0xec, 0xeb, 0xea, 0xe8, 0xe8, 0xe8, 0xe9, 0xea, 0xec, 0xed, 0xed, 0xec, 0xeb, 0xea, 0xe9,
  0xe9, 0xe9, 0xea, 0xec, 0xed, 0xee, 0xee, 0xed, 0xec, 0xeb, 0xea, 0xea, 0xeb, 0xec, 0xed, 0xee,
  0xef, 0xee, 0xee, 0xed, 0xec, 0xeb, 0xec, 0xec, 0xed, 0xef, 0xef, 0xf0, 0xef, 0xee, 0xee, 0xed,
  0xed, 0xed, 0xee, 0xef, 0xf0, 0xf1, 0xf1, 0xf0, 0xef, 0xee, 0xee, 0xee, 0xee, 0xef, 0xf0, 0xf1,
  0xf2, 0xf2, 0xf1, 0xf0, 0xef, 0xef, 0xef, 0xf0, 0xf1, 0xf2, 0xf3, 0xf3, 0xf3, 0xf2, 0xf1, 0xf0,
  0xf0, 0xf0, 0xf1, 0xf2, 0xf3, 0xf4, 0xf4, 0xf3, 0xf3, 0xf2, 0xf1, 0xf1, 0xf2, 0xf3, 0xf4, 0xf5,
  0xf5, 0xf5, 0xf4, 0xf3, 0xf2, 0xf2, 0xf2, 0xf3, 0xf4, 0xf5, 0xf6, 0xf6, 0xf6, 0xf5, 0xf4, 0xf3,
  0xf3, 0xf4, 0xf5, 0xf6, 0xf7, 0xf7, 0xf7, 0xf7, 0xf6, 0xf5, 0xf4, 0xf4, 0xf5, 0xf6, 0xf7, 0xf8,
  0xf9, 0xf8, 0xf7, 0xf6, 0xf5, 0xf5, 0xf5, 0xf6, 0xf8, 0xf9, 0xfa, 0xfa, 0xf9, 0xf8, 0xf7, 0xf6,
  0xf6, 0xf6, 0xf8, 0xf9, 0xfb, 0xfb, 0xfb, 0xfa, 0xf8, 0xf7, 0xf6, 0xf7, 0xf8, 0xf9, 0xfb, 0xfd,
  0xfd, 0xfc, 0xfb, 0xf9, 0xf7, 0xf7, 0xf7, 0xf9, 0xfb, 0xfe, 0xff, 0xff, 0xfd, 0xfb, 0xf8, 0xf7,
  0xf7, 0xf8, 0xfb, 0xfe, 0xff, 0xff, 0xff, 0xfe, 0xfa, 0xf7, 0xf6, 0xf6, 0xf9, 0xfe, 0xff, 0xff,
  0xff, 0xff, 0xfd, 0xf7, 0xf2, 0xf1, 0xf4, 0xfb, 0xff, 0xff, 0xff, 0xff, 0xff, 0xea, 0xc4, 0x97,
  0x67, 0x3a, 0x15, 0x00, 0x00, 0x00, 0x00, 0x00, 0x02, 0x0a, 0x0d, 0x0c, 0x07, 0x01, 0x00, 0x00,
  0x00, 0x00, 0x00, 0x04, 0x07, 0x08, 0x07, 0x04, 0x00, 0x00, 0x00, 0x00, 0x00, 0x03, 0x05, 0x07,
  0x07, 0x05, 0x03, 0x01, 0x00, 0x00, 0x01, 0x03, 0x05, 0x06, 0x07, 0x07, 0x05, 0x04, 0x02, 0x01,
  0x02, 0x03, 0x04, 0x06, 0x07, 0x07, 0x07, 0x06, 0x04, 0x03, 0x03, 0x03, 0x05, 0x06, 0x07, 0x08,
  0x08, 0x07, 0x06, 0x05, 0x05, 0x04, 0x05, 0x06, 0x07, 0x08, 0x09, 0x09, 0x08, 0x07, 0x06, 0x06,
  0x06, 0x07, 0x08, 0x09, 0x09, 0x0a, 0x09, 0x09, 0x08, 0x07, 0x07, 0x07, 0x08, 0x09, 0x0a, 0x0b,
  0x0b, 0x0a, 0x09, 0x09, 0x08, 0x08, 0x09, 0x0a, 0x0b, 0x0b, 0x0c, 0x0b, 0x0b, 0x0a, 0x0a, 0x09,
  0x0a, 0x0a, 0x0b, 0x0c, 0x0c, 0x0d, 0x0c, 0x0c, 0x0b, 0x0a, 0x0a, 0x0b, 0x0c, 0x0c, 0x0d, 0x0e,
  0x0e, 0x0d, 0x0d, 0x0c, 0x0c, 0x0c, 0x0c, 0x0d, 0x0e, 0x0f, 0x0f, 0x0f, 0x0e, 0x0e, 0x0d, 0x0d,
  0x0d, 0x0d, 0x0e, 0x0f, 0x10, 0x10, 0x10, 0x0f, 0x0f, 0x0e, 0x0e, 0x0e, 0x0f, 0x10, 0x10, 0x11,
  0x11, 0x11, 0x10, 0x0f, 0x0f, 0x0f, 0x0f, 0x10, 0x11, 0x12, 0x12, 0x12, 0x12, 0x11, 0x10, 0x10,
  0x10, 0x10, 0x11, 0x12, 0x13, 0x13, 0x13, 0x13, 0x12, 0x11, 0x11, 0x11, 0x12, 0x13, 0x14, 0x14,
  0x15, 0x14, 0x13, 0x13, 0x12, 0x12, 0x12, 0x13, 0x14, 0x15, 0x16, 0x16, 0x15, 0x14, 0x13, 0x13,
  0x12, 0x13, 0x14, 0x16, 0x17, 0x17, 0x17, 0x16, 0x15, 0x14, 0x13, 0x13, 0x14, 0x16, 0x17, 0x19,
  0x19, 0x19, 0x17, 0x15, 0x14, 0x13, 0x13, 0x15, 0x18, 0x1a, 0x1c, 0x1c, 0x1a, 0x18, 0x15, 0x12,
  0x11, 0x13, 0x16, 0x1b, 0x1f, 0x21, 0x21, 0x1d, 0x16, 0x0e, 0x09, 0x08, 0x0f, 0x20, 0x39, 0x5a,
  0x7f, 0xae, 0xd7, 0xf7, 0xff, 0xff, 0xff, 0xff, 0xff, 0xf9, 0xf4, 0xf3, 0xf6, 0xfc, 0xff, 0xff,
  0xff, 0xff, 0xff, 0xfe, 0xfa, 0xf9, 0xf9, 0xfb, 0xff, 0xff, 0xff, 0xff, 0xff, 0xff, 0xfd, 0xfb,
  0xfa, 0xfb, 0xfd, 0xff, 0xff, 0xff, 0xff, 0xff, 0xff, 0xfd, 0xfc, 0xfc, 0xfd, 0xfe, 0xff, 0xff,
  0xff, 0xff, 0xff, 0xfe, 0xfd, 0xfc, 0xfc, 0xfd, 0xff, 0xff, 0xff, 0xff, 0xff, 0xff, 0xfe, 0xfd,
  0xfc, 0xfd, 0xfe, 0xff, 0xff, 0xff, 0xff, 0xff, 0xff, 0xfe, 0xfd, 0xfd, 0xfd, 0xff, 0xff, 0xff,
  0xff, 0xff, 0xff, 0xfe, 0xfd, 0xfd, 0xfd, 0xfe, 0xff, 0xff, 0xff, 0xff, 0xff, 0xff, 0xfe, 0xfd,
  0xfd, 0xfd, 0xfe, 0xff, 0xff, 0xff, 0xff, 0xff, 0xff, 0xfe, 0xfd, 0xfd, 0xfe, 0xff, 0xff, 0xff,
  0xff, 0xff, 0xff, 0xfe, 0xfe, 0xfd, 0xfd, 0xfe, 0xff, 0xff, 0xff, 0xff, 0xff, 0xff, 0xfe, 0xfd,
  0xfd, 0xfe, 0xff, 0xff, 0xff, 0xff, 0xff, 0xff, 0xff, 0xfe, 0xfd, 0xfd, 0xfe, 0xff, 0xff, 0xff,
  0xff, 0xff, 0xff, 0xfe, 0xfd, 0xfd, 0xfd, 0xfe, 0xff, 0xff, 0xff, 0xff, 0xff, 0xff, 0xfe, 0xfd,
  0xfd, 0xfe, 0xff, 0xff, 0xff, 0xff, 0xff, 0xff, 0xff, 0xfd, 0xfd, 0xfd, 0xfe, 0xff, 0xff, 0xff,
  0xff, 0xff, 0xff, 0xfe, 0xfd, 0xfd, 0xfd, 0xfe, 0xff, 0xff, 0xff, 0xff, 0xff, 0xff, 0xfd, 0xfd,
  0xfc, 0xfd, 0xff, 0xff, 0xff, 0xff, 0xff, 0xff, 0xfe, 0xfd, 0xfc, 0xfc, 0xfd, 0xff, 0xff, 0xff,
  0xff, 0xff, 0xff, 0xfd, 0xfc, 0xfb, 0xfc, 0xfe, 0xff, 0xff, 0xff, 0xff, 0xff, 0xff, 0xfc, 0xfb,
  0xfa, 0xfc, 0xff, 0xff, 0xff, 0xff, 0xff, 0xff, 0xfd, 0xfa, 0xf8, 0xf9, 0xfc, 0xff, 0xff, 0xff,
  0xff, 0xff, 0xff, 0xf9, 0xf4, 0xf2, 0xf5, 0xfd, 0xff, 0xff, 0xff, 0xff, 0xff, 0xea, 0xc4, 0x97,
  0x67, 0x3a, 0x15, 0x00, 0x00, 0x00, 0x00, 0x00, 0x02, 0x09, 0x0c, 0x0b, 0x06, 0x00, 0x00, 0x00,
  0x00, 0x00, 0x00, 0x03, 0x06, 0x06, 0x05, 0x02, 0x00, 0x00, 0x00, 0x00, 0x00, 0x00, 0x03, 0x04,
  0x04, 0x03, 0x01, 0x00, 0x00, 0x00, 0x00, 0x00, 0x01, 0x02, 0x03, 0x03, 0x02, 0x00, 0x00, 0x00,
  0x00, 0x00, 0x00, 0x01, 0x02, 0x03, 0x02, 0x01, 0x00, 0x00, 0x00, 0x00, 0x00, 0x00, 0x01, 0x02,
  0x02, 0x01, 0x00, 0x00, 0x00, 0x00, 0x00, 0x00, 0x00, 0x01, 0x02, 0x02, 0x01, 0x00, 0x00, 0x00,
  0x00, 0x00, 0x00, 0x01, 0x01, 0x02, 0x01, 0x01, 0x00, 0x00, 0x00, 0x00, 0x00, 0x00, 0x01, 0x01,
  0x02, 0x01, 0x00, 0x00, 0x00, 0x00, 0x00, 0x00, 0x00, 0x01, 0x01, 0x01, 0x01, 0x00, 0x00, 0x00,
  0x00, 0x00, 0x00, 0x01, 0x01, 0x01, 0x01, 0x01, 0x00, 0x00, 0x00, 0x00, 0x00, 0x00, 0x01, 0x01,
  0x01, 0x01, 0x00, 0x00, 0x00, 0x00, 0x00, 0x00, 0x00, 0x01, 0x01, 0x01, 0x01, 0x00, 0x00, 0x00,
  0x00, 0x00, 0x00, 0x00, 0x01, 0x01, 0x01, 0x01, 0x00, 0x00, 0x00, 0x00, 0x00, 0x00, 0x01, 0x01,
  0x02, 0x01, 0x00, 0x00, 0x00, 0x00, 0x00, 0x00, 0x00, 0x01, 0x02, 0x02, 0x01, 0x00, 0x00, 0x00,
  0x00, 0x00, 0x00, 0x01, 0x01, 0x02, 0x02, 0x01, 0x00, 0x00, 0x00, 0x00, 0x00, 0x00, 0x01, 0x02,
  0x02, 0x02, 0x01, 0x00, 0x00, 0x00, 0x00, 0x00, 0x00, 0x01, 0x02, 0x02, 0x02, 0x00, 0x00, 0x00,
  0x00, 0x00, 0x00, 0x01, 0x02, 0x03, 0x03, 0x02, 0x00, 0x00, 0x00, 0x00, 0x00, 0x00, 0x02, 0x03,
  0x04, 0x03, 0x01, 0x00, 0x00, 0x00, 0x00, 0x00, 0x00, 0x04, 0x06, 0x06, 0x04, 0x01, 0x00, 0x00,
  0x00, 0x00, 0x00, 0x03, 0x09, 0x0c, 0x0b, 0x06, 0x00, 0x00, 0x00, 0x00, 0x00, 0x08, 0x28, 0x51,
  0x80, 0x82, 0x83, 0x85, 0x86, 0x88, 0x89, 0x8b, 0x8c, 0x8e, 0x90, 0x91, 0x93, 0x94, 0x96, 0x97,
  0x99, 0x9a, 0x9c, 0x9d, 0x9f, 0xa0, 0xa2, 0xa3, 0xa5, 0xa6, 0xa8, 0xa9, 0xab, 0xac, 0xae, 0xaf,
  0xb1, 0xb2, 0xb3, 0xb5, 0xb6, 0xb8, 0xb9, 0xba, 0xbc, 0xbd, 0xbf, 0xc0, 0xc1, 0xc3, 0xc4, 0xc5,
  0xc7, 0xc8, 0xc9, 0xca, 0xcc, 0xcd, 0xce, 0xcf, 0xd1, 0xd2, 0xd3, 0xd4, 0xd5, 0xd6, 0xd8, 0xd9,
  0xda, 0xdb, 0xdc, 0xdd, 0xde, 0xdf, 0xe0, 0xe1, 0xe2, 0xe3, 0xe4, 0xe5, 0xe6, 0xe7, 0xe8, 0xe9,
  0xea, 0xeb, 0xeb, 0xec, 0xed, 0xee, 0xef, 0xef, 0xf0, 0xf1, 0xf1, 0xf2, 0xf3, 0xf3, 0xf4, 0xf5,
  0xf5, 0xf6, 0xf6, 0xf7, 0xf8, 0xf8, 0xf9, 0xf9, 0xfa, 0xfa, 0xfa, 0xfb, 0xfb, 0xfc, 0xfc, 0xfc,
  0xfd, 0xfd, 0xfd, 0xfd, 0xfe, 0xfe, 0xfe, 0xfe, 0xfe, 0xff, 0xff, 0xff, 0xff, 0xff, 0xff, 0xff,
  0xff, 0xff, 0xff, 0xff, 0xff, 0xff, 0xff, 0xff, 0xfe, 0xfe, 0xfe, 0xfe, 0xfe, 0xfd, 0xfd, 0xfd,
  0xfd, 0xfc, 0xfc, 0xfc, 0xfb, 0xfb, 0xfa, 0xfa, 0xfa, 0xf9, 0xf9, 0xf8, 0xf8, 0xf7, 0xf6, 0xf6,
  0xf5, 0xf5, 0xf4, 0xf3, 0xf3, 0xf2, 0xf1, 0xf1, 0xf0, 0xef, 0xef, 0xee, 0xed, 0xec, 0xeb, 0xeb,
  0xea, 0xe9, 0xe8, 0xe7, 0xe6, 0xe5, 0xe4, 0xe3, 0xe2, 0xe1, 0xe0, 0xdf, 0xde, 0xdd, 0xdc, 0xdb,
  0xda, 0xd9, 0xd8, 0xd6, 0xd5, 0xd4, 0xd3, 0xd2, 0xd1, 0xcf, 0xce, 0xcd, 0xcc, 0xca, 0xc9, 0xc8,
  0xc7, 0xc5, 0xc4, 0xc3, 0xc1, 0xc0, 0xbf, 0xbd, 0xbc, 0xba, 0xb9, 0xb8, 0xb6, 0xb5, 0xb3, 0xb2,
  0xb1, 0xaf, 0xae, 0xac, 0xab, 0xa9, 0xa8, 0xa6, 0xa5, 0xa3, 0xa2, 0xa0, 0x9f, 0x9d, 0x9c, 0x9a,
  0x99, 0x97, 0x96, 0x94, 0x93, 0x91, 0x90, 0x8e, 0x8c, 0x8b, 0x89, 0x88, 0x86, 0x85, 0x83, 0x82,
  0x80, 0x7e, 0x7d, 0x7b, 0x7a, 0x78, 0x77, 0x75, 0x74, 0x72, 0x70, 0x6f, 0x6d, 0x6c, 0x6a, 0x69,
  0x67, 0x66, 0x64, 0x63, 0x61, 0x60, 0x5e, 0x5d, 0x5b, 0x5a, 0x58, 0x57, 0x55, 0x54, 0x52, 0x51,
  0x4f, 0x4e, 0x4d, 0x4b, 0x4a, 0x48, 0x47, 0x46, 0x44, 0x43, 0x41, 0x40, 0x3f, 0x3d, 0x3c, 0x3b,
  0x39, 0x38, 0x37, 0x36, 0x34, 0x33, 0x32, 0x31, 0x2f, 0x2e, 0x2d, 0x2c, 0x2b, 0x2a, 0x28, 0x27,
  0x26, 0x25, 0x24, 0x23, 0x22, 0x21, 0x20, 0x1f, 0x1e, 0x1d, 0x1c, 0x1b, 0x1a, 0x19, 0x18, 0x17,
  0x16, 0x15, 0x15, 0x14, 0x13, 0x12, 0x11, 0x11, 0x10, 0x0f, 0x0f, 0x0e, 0x0d, 0x0d, 0x0c, 0x0b,
  0x0b, 0x0a, 0x0a, 0x09, 0x08, 0x08, 0x07, 0x07, 0x06, 0x06, 0x06, 0x05, 0x05, 0x04, 0x04, 0x04,
  0x03, 0x03, 0x03, 0x03, 0x02, 0x02, 0x02, 0x02, 0x02, 0x01, 0x01, 0x01, 0x01, 0x01, 0x01, 0x01,
  0x01, 0x01, 0x01, 0x01, 0x01, 0x01, 0x01, 0x01, 0x02, 0x02, 0x02, 0x02, 0x02, 0x03, 0x03, 0x03,
  0x03, 0x04, 0x04, 0x04, 0x05, 0x05, 0x06, 0x06, 0x06, 0x07, 0x07, 0x08, 0x08, 0x09, 0x0a, 0x0a,
  0x0b, 0x0b, 0x0c, 0x0d, 0x0d, 0x0e, 0x0f, 0x0f, 0x10, 0x11, 0x11, 0x12, 0x13, 0x14, 0x15, 0x15,
  0x16, 0x17, 0x18, 0x19, 0x1a, 0x1b, 0x1c, 0x1d, 0x1e, 0x1f, 0x20, 0x21, 0x22, 0x23, 0x24, 0x25,
  0x26, 0x27, 0x28, 0x2a, 0x2b, 0x2c, 0x2d, 0x2e, 0x2f, 0x31, 0x32, 0x33, 0x34, 0x36, 0x37, 0x38,
  0x39, 0x3b, 0x3c, 0x3d, 0x3f, 0x40, 0x41, 0x43, 0x44, 0x46, 0x47, 0x48, 0x4a, 0x4b, 0x4d, 0x4e,
  0x4f, 0x51, 0x52, 0x54, 0x55, 0x57, 0x58, 0x5a, 0x5b, 0x5d, 0x5e, 0x60, 0x61, 0x63, 0x64, 0x66,
  0x67, 0x69, 0x6a, 0x6c, 0x6d, 0x6f, 0x70, 0x72, 0x74, 0x75, 0x77, 0x78, 0x7a, 0x7b, 0x7d, 0x7e,
  0x80, 0x81, 0x82, 0x84, 0x85, 0x87, 0x88, 0x8a, 0x8b, 0x8d, 0x8e, 0x8f, 0x91, 0x92, 0x94, 0x95,
  0x97, 0x98, 0x99, 0x9b, 0x9c, 0x9e, 0x9f, 0xa0, 0xa2, 0xa3, 0xa5, 0xa6, 0xa7, 0xa9, 0xaa, 0xac,
  0xad, 0xae, 0xb0, 0xb1, 0xb2, 0xb4, 0xb5, 0xb6, 0xb7, 0xb9, 0xba, 0xbb, 0xbc, 0xbe, 0xbf, 0xc0,
  0xc2, 0xc3, 0xc4, 0xc5, 0xc7, 0xc8, 0xc9, 0xca, 0xcc, 0xcd, 0xce, 0xcf, 0xd0, 0xd1, 0xd2, 0xd3,
  0xd4, 0xd5, 0xd6, 0xd7, 0xd8, 0xd9, 0xda, 0xdb, 0xdc, 0xdd, 0xde, 0xdf, 0xe0, 0xe1, 0xe2, 0xe3,
  0xe4, 0xe5, 0xe6, 0xe7, 0xe8, 0xe9, 0xe9, 0xea, 0xeb, 0xec, 0xec, 0xed, 0xee, 0xee, 0xef, 0xf0,
  0xf1, 0xf1, 0xf2, 0xf3, 0xf3, 0xf4, 0xf5, 0xf5, 0xf6, 0xf6, 0xf7, 0xf7, 0xf8, 0xf8, 0xf9, 0xf9,
  0xfa, 0xfa, 0xfb, 0xfb, 0xfb, 0xfc, 0xfc, 0xfd, 0xfd, 0xfd, 0xfd, 0xfe, 0xfe, 0xfe, 0xfe, 0xfe,
  0xfe, 0xfe, 0xfe, 0xfe, 0xfe, 0xfe, 0xfd, 0xfd, 0xfd, 0xfc, 0xfc, 0xfb, 0xfb, 0xfb, 0xfa, 0xfa,
  0xf9, 0xf9, 0xf8, 0xf8, 0xf8, 0xf7, 0xf7, 0xf6, 0xf5, 0xf5, 0xf4, 0xf4, 0xf3, 0xf2, 0xf2, 0xf1,
  0xf0, 0xf0, 0xef, 0xee, 0xee, 0xed, 0xec, 0xeb, 0xeb, 0xea, 0xe9, 0xe8, 0xe7, 0xe6, 0xe6, 0xe5,
  0xe4, 0xe3, 0xe2, 0xe1, 0xe0, 0xdf, 0xde, 0xdd, 0xdc, 0xdb, 0xda, 0xd9, 0xd8, 0xd7, 0xd6, 0xd5,
  0xd4, 0xd3, 0xd2, 0xd1, 0xd0, 0xce, 0xcd, 0xcc, 0xcb, 0xca, 0xc9, 0xc8, 0xc6, 0xc5, 0xc4, 0xc3,
  0xc2, 0xc0, 0xbf, 0xbe, 0xbd, 0xbb, 0xba, 0xb9, 0xb7, 0xb6, 0xb5, 0xb3, 0xb2, 0xb1, 0xaf, 0xae,
  0xad, 0xab, 0xaa, 0xa9, 0xa7, 0xa6, 0xa4, 0xa3, 0xa2, 0xa0, 0x9f, 0x9d, 0x9c, 0x9b, 0x99, 0x98,
  0x96, 0x95, 0x94, 0x92, 0x91, 0x8f, 0x8e, 0x8c, 0x8b, 0x8a, 0x88, 0x87, 0x85, 0x84, 0x82, 0x81,
  0x7f, 0x7e, 0x7d, 0x7b, 0x7a, 0x78, 0x77, 0x75, 0x74, 0x72, 0x71, 0x6f, 0x6e, 0x6c, 0x6b, 0x6a,
  0x68, 0x67, 0x65, 0x64, 0x63, 0x61, 0x60, 0x5e, 0x5d, 0x5c, 0x5a, 0x59, 0x57, 0x56, 0x55, 0x53,
  0x52, 0x51, 0x4f, 0x4e, 0x4d, 0x4b, 0x4a, 0x49, 0x47, 0x46, 0x45, 0x43, 0x42, 0x41, 0x40, 0x3e,
  0x3d, 0x3c, 0x3b, 0x3a, 0x38, 0x37, 0x36, 0x35, 0x33, 0x32, 0x31, 0x30, 0x2f, 0x2e, 0x2c, 0x2b,
  0x2a, 0x29, 0x28, 0x27, 0x26, 0x25, 0x24, 0x23, 0x22, 0x21, 0x20, 0x1f, 0x1e, 0x1d, 0x1c, 0x1b,
  0x1a, 0x1a, 0x19, 0x18, 0x17, 0x16, 0x16, 0x15, 0x14, 0x13, 0x13, 0x12, 0x11, 0x10, 0x10, 0x0f,
  0x0e, 0x0e, 0x0d, 0x0c, 0x0c, 0x0b, 0x0a, 0x0a, 0x09, 0x08, 0x08, 0x07, 0x07, 0x06, 0x06, 0x06,
  0x05, 0x05, 0x04, 0x04, 0x03, 0x03, 0x03, 0x02, 0x02, 0x02, 0x01, 0x01, 0x01, 0x01, 0x01, 0x01,
  0x01, 0x01, 0x01, 0x01, 0x01, 0x01, 0x02, 0x02, 0x02, 0x03, 0x03, 0x03, 0x04, 0x04, 0x05, 0x05,
  0x05, 0x06, 0x06, 0x07, 0x07, 0x08, 0x08, 0x09, 0x09, 0x0a, 0x0a, 0x0b, 0x0c, 0x0c, 0x0d, 0x0e,
  0x0e, 0x0f, 0x10, 0x11, 0x11, 0x12, 0x13, 0x13, 0x14, 0x15, 0x16, 0x16, 0x17, 0x18, 0x19, 0x1a,
  0x1b, 0x1c, 0x1d, 0x1e, 0x1f, 0x20, 0x21, 0x22, 0x23, 0x24, 0x25, 0x26, 0x27, 0x28, 0x29, 0x2a,
  0x2b, 0x2c, 0x2d, 0x2e, 0x2f, 0x30, 0x31, 0x32, 0x33, 0x35, 0x36, 0x37, 0x38, 0x3a, 0x3b, 0x3c,
  0x3d, 0x3f, 0x40, 0x41, 0x42, 0x44, 0x45, 0x46, 0x48, 0x49, 0x4a, 0x4b, 0x4d, 0x4e, 0x4f, 0x51,
  0x52, 0x54, 0x55, 0x56, 0x58, 0x59, 0x5a, 0x5c, 0x5d, 0x5f, 0x60, 0x61, 0x63, 0x64, 0x66, 0x67,
  0x68, 0x6a, 0x6b, 0x6d, 0x6e, 0x70, 0x71, 0x72, 0x74, 0x75, 0x77, 0x78, 0x7a, 0x7b, 0x7d, 0x7e,
  0x80, 0x81, 0x82, 0x84, 0x85, 0x86, 0x88, 0x89, 0x8a, 0x8c, 0x8d, 0x8e, 0x90, 0x91, 0x92, 0x94,
  0x95, 0x96, 0x98, 0x99, 0x9a, 0x9b, 0x9d, 0x9e, 0x9f, 0xa0, 0xa2, 0xa3, 0xa4, 0xa6, 0xa7, 0xa8,
  0xaa, 0xab, 0xac, 0xad, 0xaf, 0xb0, 0xb1, 0xb2, 0xb4, 0xb5, 0xb6, 0xb7, 0xb8, 0xb9, 0xbb, 0xbc,
  0xbd, 0xbe, 0xbf, 0xc1, 0xc2, 0xc3, 0xc4, 0xc5, 0xc7, 0xc8, 0xc9, 0xca, 0xcb, 0xcc, 0xcd, 0xce,
  0xcf, 0xd0, 0xd1, 0xd2, 0xd3, 0xd4, 0xd5, 0xd6, 0xd7, 0xd8, 0xd9, 0xda, 0xdb, 0xdc, 0xdd, 0xde,
  0xdf, 0xe0, 0xe1, 0xe2, 0xe3, 0xe4, 0xe4, 0xe5, 0xe6, 0xe7, 0xe8, 0xe8, 0xe9, 0xea, 0xeb, 0xec,
  0xec, 0xed, 0xee, 0xef, 0xef, 0xf0, 0xf1, 0xf2, 0xf2, 0xf3, 0xf4, 0xf4, 0xf5, 0xf5, 0xf6, 0xf6,
  0xf7, 0xf8, 0xf8, 0xf9, 0xf9, 0xfa, 0xfb, 0xfb, 0xfc, 0xfc, 0xfd, 0xfd, 0xfe, 0xfe, 0xfe, 0xfe,
  0xfe, 0xfe, 0xfe, 0xfe, 0xfd, 0xfd, 0xfc, 0xfc, 0xfb, 0xfb, 0xfa, 0xfa, 0xf9, 0xf8, 0xf8, 0xf7,
  0xf7, 0xf6, 0xf5, 0xf5, 0xf4, 0xf4, 0xf3, 0xf3, 0xf2, 0xf1, 0xf0, 0xf0, 0xef, 0xee, 0xed, 0xed,
  0xec, 0xeb, 0xea, 0xea, 0xe9, 0xe8, 0xe7, 0xe6, 0xe6, 0xe5, 0xe4, 0xe3, 0xe2, 0xe1, 0xe0, 0xe0,
  0xdf, 0xde, 0xdd, 0xdc, 0xdb, 0xda, 0xd9, 0xd8, 0xd7, 0xd6, 0xd5, 0xd4, 0xd3, 0xd2, 0xd1, 0xd0,
  0xcf, 0xce, 0xcd, 0xcc, 0xca, 0xc9, 0xc8, 0xc7, 0xc6, 0xc5, 0xc4, 0xc3, 0xc1, 0xc0, 0xbf, 0xbe,
  0xbd, 0xbc, 0xba, 0xb9, 0xb8, 0xb7, 0xb6, 0xb4, 0xb3, 0xb2, 0xb1, 0xaf, 0xae, 0xad, 0xac, 0xaa,
  0xa9, 0xa8, 0xa7, 0xa5, 0xa4, 0xa3, 0xa1, 0xa0, 0x9f, 0x9e, 0x9c, 0x9b, 0x9a, 0x98, 0x97, 0x96,
  0x94, 0x93, 0x92, 0x91, 0x8f, 0x8e, 0x8d, 0x8b, 0x8a, 0x89, 0x87, 0x86, 0x85, 0x83, 0x82, 0x81,
  0x7f, 0x7e, 0x7d, 0x7b, 0x7a, 0x78, 0x77, 0x76, 0x74, 0x73, 0x72, 0x70, 0x6f, 0x6e, 0x6c, 0x6b,
  0x6a, 0x68, 0x67, 0x66, 0x64, 0x63, 0x62, 0x61, 0x5f, 0x5e, 0x5d, 0x5c, 0x5a, 0x59, 0x58, 0x56,
  0x55, 0x54, 0x53, 0x51, 0x50, 0x4f, 0x4e, 0x4c, 0x4b, 0x4a, 0x49, 0x47, 0x46, 0x45, 0x44, 0x43,
  0x41, 0x40, 0x3f, 0x3e, 0x3d, 0x3c, 0x3b, 0x39, 0x38, 0x37, 0x36, 0x35, 0x34, 0x33, 0x31, 0x30,
  0x2f, 0x2e, 0x2d, 0x2c, 0x2b, 0x2a, 0x29, 0x28, 0x27, 0x26, 0x25, 0x24, 0x23, 0x22, 0x21, 0x20,
  0x1f, 0x1f, 0x1e, 0x1d, 0x1c, 0x1b, 0x1a, 0x1a, 0x19, 0x18, 0x17, 0x16, 0x15, 0x15, 0x14, 0x13,
  0x12, 0x11, 0x11, 0x10, 0x0f, 0x0e, 0x0e, 0x0d, 0x0c, 0x0c, 0x0b, 0x0a, 0x0a, 0x09, 0x09, 0x08,
  0x07, 0x07, 0x06, 0x06, 0x05, 0x05, 0x04, 0x03, 0x03, 0x02, 0x02, 0x02, 0x01, 0x01, 0x01, 0x01,
  0x01, 0x01, 0x01, 0x01, 0x02, 0x02, 0x02, 0x03, 0x03, 0x04, 0x04, 0x05, 0x06, 0x06, 0x07, 0x07,
  0x08, 0x09, 0x09, 0x0a, 0x0a, 0x0b, 0x0b, 0x0c, 0x0d, 0x0d, 0x0e, 0x0f, 0x10, 0x10, 0x11, 0x12,
  0x13, 0x13, 0x14, 0x15, 0x16, 0x17, 0x17, 0x18, 0x19, 0x1a, 0x1b, 0x1b, 0x1c, 0x1d, 0x1e, 0x1f,
  0x20, 0x21, 0x22, 0x23, 0x24, 0x25, 0x26, 0x27, 0x28, 0x29, 0x2a, 0x2b, 0x2c, 0x2d, 0x2e, 0x2f,
  0x30, 0x31, 0x32, 0x33, 0x34, 0x35, 0x36, 0x37, 0x38, 0x3a, 0x3b, 0x3c, 0x3d, 0x3e, 0x40, 0x41,
  0x42, 0x43, 0x44, 0x46, 0x47, 0x48, 0x49, 0x4a, 0x4b, 0x4d, 0x4e, 0x4f, 0x50, 0x52, 0x53, 0x54,
  0x55, 0x57, 0x58, 0x59, 0x5b, 0x5c, 0x5d, 0x5f, 0x60, 0x61, 0x62, 0x64, 0x65, 0x66, 0x67, 0x69,
  0x6a, 0x6b, 0x6d, 0x6e, 0x6f, 0x71, 0x72, 0x73, 0x75, 0x76, 0x78, 0x79, 0x7a, 0x7c, 0x7d, 0x7e,
  0x80, 0x81, 0x82, 0x83, 0x84, 0x86, 0x87, 0x88, 0x89, 0x8b, 0x8c, 0x8d, 0x8e, 0x90, 0x91, 0x92,
  0x93, 0x94, 0x96, 0x97, 0x98, 0x99, 0x9a, 0x9b, 0x9d, 0x9e, 0x9f, 0xa0, 0xa1, 0xa3, 0xa4, 0xa5,
  0xa6, 0xa7, 0xa9, 0xaa, 0xab, 0xac, 0xad, 0xae, 0xb0, 0xb1, 0xb2, 0xb3, 0xb4, 0xb5, 0xb6, 0xb7,
  0xb8, 0xba, 0xbb, 0xbc, 0xbd, 0xbe, 0xbf, 0xc1, 0xc2, 0xc3, 0xc4, 0xc5, 0xc6, 0xc7, 0xc8, 0xc9,
  0xca, 0xcb, 0xcc, 0xcd, 0xce, 0xcf, 0xd0, 0xd1, 0xd2, 0xd3, 0xd4, 0xd5, 0xd6, 0xd7, 0xd8, 0xd9,
  0xda, 0xdb, 0xdc, 0xdd, 0xde, 0xdf, 0xe0, 0xe0, 0xe1, 0xe2, 0xe3, 0xe4, 0xe5, 0xe5, 0xe6, 0xe7,
  0xe8, 0xe9, 0xea, 0xeb, 0xec, 0xec, 0xed, 0xee, 0xef, 0xf0, 0xf0, 0xf1, 0xf2, 0xf2, 0xf3, 0xf4,
  0xf4, 0xf5, 0xf6, 0xf7, 0xf8, 0xf8, 0xf9, 0xfa, 0xfb, 0xfb, 0xfc, 0xfc, 0xfd, 0xfd, 0xfe, 0xfe,
  0xfe, 0xfe, 0xfd, 0xfd, 0xfd, 0xfc, 0xfb, 0xfb, 0xfa, 0xf9, 0xf8, 0xf8, 0xf7, 0xf6, 0xf5, 0xf4,
  0xf4, 0xf3, 0xf2, 0xf2, 0xf1, 0xf0, 0xf0, 0xef, 0xee, 0xed, 0xed, 0xec, 0xeb, 0xea, 0xe9, 0xe8,
  0xe7, 0xe7, 0xe6, 0xe5, 0xe4, 0xe3, 0xe2, 0xe1, 0xe1, 0xe0, 0xdf, 0xde, 0xdd, 0xdc, 0xdb, 0xda,
  0xd9, 0xd8, 0xd7, 0xd6, 0xd5, 0xd4, 0xd3, 0xd2, 0xd1, 0xd0, 0xcf, 0xce, 0xcd, 0xcc, 0xcb, 0xca,
  0xc9, 0xc8, 0xc7, 0xc6, 0xc5, 0xc4, 0xc3, 0xc2, 0xc1, 0xc0, 0xbf, 0xbe, 0xbd, 0xbb, 0xba, 0xb9,
  0xb8, 0xb7, 0xb6, 0xb5, 0xb3, 0xb2, 0xb1, 0xb0, 0xaf, 0xae, 0xad, 0xac, 0xaa, 0xa9, 0xa8, 0xa7,
  0xa6, 0xa4, 0xa3, 0xa2, 0xa1, 0xa0, 0x9e, 0x9d, 0x9c, 0x9b, 0x9a, 0x99, 0x97, 0x96, 0x95, 0x94,
  0x93, 0x91, 0x90, 0x8f, 0x8e, 0x8c, 0x8b, 0x8a, 0x89, 0x88, 0x86, 0x85, 0x84, 0x83, 0x81, 0x80,
  0x7f, 0x7e, 0x7d, 0x7b, 0x7a, 0x79, 0x78, 0x76, 0x75, 0x74, 0x73, 0x71, 0x70, 0x6f, 0x6e, 0x6c,
  0x6b, 0x6a, 0x69, 0x68, 0x66, 0x65, 0x64, 0x63, 0x62, 0x61, 0x5f, 0x5e, 0x5d, 0x5c, 0x5b, 0x59,
  0x58, 0x57, 0x56, 0x55, 0x53, 0x52, 0x51, 0x50, 0x4f, 0x4e, 0x4d, 0x4b, 0x4a, 0x49, 0x48, 0x47,
  0x46, 0x45, 0x44, 0x43, 0x41, 0x40, 0x3f, 0x3e, 0x3d, 0x3c, 0x3b, 0x3a, 0x39, 0x37, 0x36, 0x35,
  0x34, 0x33, 0x32, 0x31, 0x30, 0x2f, 0x2e, 0x2d, 0x2c, 0x2b, 0x2a, 0x29, 0x28, 0x27, 0x26, 0x25,
  0x24, 0x23, 0x23, 0x22, 0x21, 0x20, 0x1f, 0x1e, 0x1d, 0x1d, 0x1c, 0x1b, 0x1a, 0x19, 0x18, 0x17,
  0x16, 0x15, 0x15, 0x14, 0x13, 0x12, 0x11, 0x10, 0x10, 0x0f, 0x0e, 0x0e, 0x0d, 0x0c, 0x0b, 0x0b,
  0x0a, 0x09, 0x08, 0x08, 0x07, 0x06, 0x05, 0x05, 0x04, 0x03, 0x03, 0x02, 0x02, 0x01, 0x01, 0x01,
  0x01, 0x01, 0x01, 0x02, 0x02, 0x03, 0x03, 0x04, 0x05, 0x05, 0x06, 0x07, 0x08, 0x08, 0x09, 0x0a,
  0x0a, 0x0b, 0x0c, 0x0d, 0x0d, 0x0e, 0x0f, 0x0f, 0x10, 0x11, 0x12, 0x13, 0x13, 0x14, 0x15, 0x16,
  0x17, 0x18, 0x19, 0x1a, 0x1a, 0x1b, 0x1c, 0x1d, 0x1e, 0x1f, 0x1f, 0x20, 0x21, 0x22, 0x23, 0x24,
  0x25, 0x26, 0x27, 0x28, 0x29, 0x2a, 0x2b, 0x2c, 0x2d, 0x2e, 0x2f, 0x30, 0x31, 0x32, 0x33, 0x34,
  0x35, 0x36, 0x37, 0x38, 0x39, 0x3a, 0x3b, 0x3c, 0x3d, 0x3e, 0x40, 0x41, 0x42, 0x43, 0x44, 0x45,
  0x47, 0x48, 0x49, 0x4a, 0x4b, 0x4c, 0x4d, 0x4e, 0x4f, 0x51, 0x52, 0x53, 0x54, 0x55, 0x56, 0x58,
  0x59, 0x5a, 0x5b, 0x5c, 0x5e, 0x5f, 0x60, 0x61, 0x62, 0x64, 0x65, 0x66, 0x67, 0x68, 0x69, 0x6b,
  0x6c, 0x6d, 0x6e, 0x6f, 0x71, 0x72, 0x73, 0x74, 0x76, 0x77, 0x78, 0x79, 0x7b, 0x7c, 0x7d, 0x7e,
  0x80, 0x81, 0x82, 0x83, 0x84, 0x85, 0x86, 0x87, 0x88, 0x8a, 0x8b, 0x8c, 0x8d, 0x8e, 0x8f, 0x90,
  0x91, 0x93, 0x94, 0x95, 0x96, 0x97, 0x98, 0x99, 0x9a, 0x9b, 0x9c, 0x9d, 0x9e, 0xa0, 0xa1, 0xa2,
  0xa3, 0xa4, 0xa5, 0xa6, 0xa7, 0xa8, 0xaa, 0xab, 0xac, 0xad, 0xae, 0xaf, 0xb0, 0xb1, 0xb2, 0xb3,
  0xb4, 0xb5, 0xb6, 0xb7, 0xb8, 0xb9, 0xba, 0xbc, 0xbd, 0xbe, 0xbf, 0xc0, 0xc1, 0xc2, 0xc3, 0xc4,
  0xc5, 0xc6, 0xc7, 0xc8, 0xc9, 0xca, 0xcb, 0xcc, 0xcd, 0xce, 0xcf, 0xd0, 0xd1, 0xd2, 0xd3, 0xd4,
  0xd5, 0xd6, 0xd7, 0xd8, 0xd9, 0xda, 0xdb, 0xdb, 0xdc, 0xdd, 0xde, 0xdf, 0xe0, 0xe1, 0xe2, 0xe3,
  0xe4, 0xe5, 0xe6, 0xe7, 0xe8, 0xe9, 0xea, 0xea, 0xeb, 0xec, 0xed, 0xee, 0xef, 0xef, 0xf0, 0xf1,
  0xf2, 0xf3, 0xf4, 0xf5, 0xf6, 0xf7, 0xf8, 0xf9, 0xf9, 0xfa, 0xfb, 0xfc, 0xfc, 0xfd, 0xfd, 0xfd,
  0xfd, 0xfd, 0xfd, 0xfc, 0xfc, 0xfb, 0xfa, 0xf9, 0xf9, 0xf8, 0xf7, 0xf6, 0xf5, 0xf4, 0xf3, 0xf2,
  0xf1, 0xf0, 0xef, 0xef, 0xee, 0xed, 0xec, 0xeb, 0xeb, 0xea, 0xe9, 0xe8, 0xe7, 0xe6, 0xe5, 0xe4,
  0xe3, 0xe2, 0xe1, 0xe0, 0xdf, 0xde, 0xdd, 0xdc, 0xdc, 0xdb, 0xda, 0xd9, 0xd8, 0xd7, 0xd6, 0xd5,
  0xd4, 0xd3, 0xd2, 0xd1, 0xd0, 0xcf, 0xce, 0xcd, 0xcc, 0xcb, 0xca, 0xc9, 0xc8, 0xc7, 0xc6, 0xc5,
  0xc4, 0xc3, 0xc2, 0xc1, 0xc0, 0xbf, 0xbe, 0xbd, 0xbc, 0xbb, 0xba, 0xb9, 0xb8, 0xb6, 0xb5, 0xb4,
  0xb3, 0xb2, 0xb1, 0xb0, 0xaf, 0xae, 0xad, 0xac, 0xab, 0xaa, 0xa9, 0xa8, 0xa7, 0xa5, 0xa4, 0xa3,
  0xa2, 0xa1, 0xa0, 0x9f, 0x9e, 0x9d, 0x9b, 0x9a, 0x99, 0x98, 0x97, 0x96, 0x95, 0x94, 0x93, 0x92,
  0x91, 0x8f, 0x8e, 0x8d, 0x8c, 0x8b, 0x8a, 0x89, 0x88, 0x87, 0x85, 0x84, 0x83, 0x82, 0x81, 0x80,
  0x7f, 0x7e, 0x7d, 0x7b, 0x7a, 0x79, 0x78, 0x77, 0x76, 0x75, 0x74, 0x72, 0x71, 0x70, 0x6f, 0x6e,
  0x6d, 0x6c, 0x6b, 0x69, 0x68, 0x67, 0x66, 0x65, 0x64, 0x63, 0x62, 0x61, 0x60, 0x5f, 0x5e, 0x5c,
  0x5b, 0x5a, 0x59, 0x58, 0x57, 0x56, 0x55, 0x54, 0x52, 0x51, 0x50, 0x4f, 0x4e, 0x4d, 0x4c, 0x4b,
  0x4a, 0x49, 0x48, 0x47, 0x46, 0x45, 0x44, 0x43, 0x42, 0x41, 0x40, 0x3f, 0x3e, 0x3d, 0x3b, 0x3a,
  0x39, 0x38, 0x37, 0x36, 0x35, 0x34, 0x33, 0x32, 0x31, 0x30, 0x2f, 0x2e, 0x2d, 0x2c, 0x2b, 0x2a,
  0x29, 0x28, 0x28, 0x27, 0x26, 0x25, 0x24, 0x23, 0x22, 0x21, 0x20, 0x1f, 0x1e, 0x1d, 0x1c, 0x1b,
  0x1a, 0x19, 0x18, 0x17, 0x16, 0x16, 0x15, 0x14, 0x13, 0x12, 0x11, 0x11, 0x10, 0x0f, 0x0e, 0x0d,
  0x0c, 0x0b, 0x0b, 0x0a, 0x09, 0x08, 0x07, 0x06, 0x05, 0x04, 0x03, 0x03, 0x02, 0x02, 0x01, 0x01,
  0x01, 0x01, 0x02, 0x02, 0x03, 0x03, 0x04, 0x05, 0x06, 0x07, 0x08, 0x08, 0x09, 0x0a, 0x0b, 0x0c,
  0x0d, 0x0e, 0x0f, 0x10, 0x10, 0x11, 0x12, 0x13, 0x14, 0x15, 0x15, 0x16, 0x17, 0x18, 0x19, 0x1a,
  0x1b, 0x1c, 0x1d, 0x1e, 0x1f, 0x20, 0x21, 0x22, 0x23, 0x24, 0x24, 0x25, 0x26, 0x27, 0x28, 0x29,
  0x2a, 0x2b, 0x2c, 0x2d, 0x2e, 0x2f, 0x30, 0x31, 0x32, 0x33, 0x34, 0x35, 0x36, 0x37, 0x38, 0x39,
  0x3a, 0x3b, 0x3c, 0x3d, 0x3e, 0x3f, 0x40, 0x41, 0x42, 0x43, 0x45, 0x46, 0x47, 0x48, 0x49, 0x4a,
  0x4b, 0x4c, 0x4d, 0x4e, 0x4f, 0x50, 0x51, 0x52, 0x53, 0x54, 0x55, 0x57, 0x58, 0x59, 0x5a, 0x5b,
  0x5c, 0x5d, 0x5e, 0x5f, 0x61, 0x62, 0x63, 0x64, 0x65, 0x66, 0x67, 0x68, 0x69, 0x6a, 0x6b, 0x6c,
  0x6e, 0x6f, 0x70, 0x71, 0x72, 0x73, 0x74, 0x75, 0x77, 0x78, 0x79, 0x7a, 0x7b, 0x7c, 0x7d, 0x7e,
  0x80, 0x81, 0x82, 0x83, 0x84, 0x85, 0x86, 0x87, 0x88, 0x89, 0x8a, 0x8b, 0x8c, 0x8d, 0x8e, 0x8f,
  0x90, 0x91, 0x92, 0x93, 0x94, 0x95, 0x96, 0x97, 0x98, 0x99, 0x9a, 0x9b, 0x9c, 0x9d, 0x9e, 0x9f,
  0xa0, 0xa1, 0xa2, 0xa3, 0xa4, 0xa5, 0xa6, 0xa7, 0xa8, 0xa9, 0xaa, 0xab, 0xac, 0xad, 0xae, 0xaf,
  0xb0, 0xb1, 0xb2, 0xb3, 0xb4, 0xb5, 0xb6, 0xb7, 0xb8, 0xb9, 0xba, 0xbb, 0xbc, 0xbd, 0xbe, 0xbf,
  0xc0, 0xc1, 0xc2, 0xc3, 0xc4, 0xc5, 0xc6, 0xc7, 0xc8, 0xc9, 0xca, 0xcb, 0xcc, 0xcd, 0xce, 0xcf,
  0xd0, 0xd1, 0xd2, 0xd3, 0xd4, 0xd5, 0xd6, 0xd7, 0xd8, 0xd9, 0xda, 0xdb, 0xdc, 0xdd, 0xde, 0xdf,
  0xe0, 0xe1, 0xe2, 0xe3, 0xe4, 0xe5, 0xe6, 0xe7, 0xe8, 0xe9, 0xea, 0xeb, 0xec, 0xed, 0xee, 0xef,
  0xf0, 0xf1, 0xf2, 0xf3, 0xf4, 0xf5, 0xf6, 0xf8, 0xf9, 0xfa, 0xfb, 0xfc, 0xfc, 0xfd, 0xfd, 0xfd,
  0xfd, 0xfd, 0xfd, 0xfc, 0xfc, 0xfb, 0xfa, 0xf9, 0xf8, 0xf6, 0xf5, 0xf4, 0xf3, 0xf2, 0xf1, 0xf0,
  0xef, 0xee, 0xed, 0xec, 0xeb, 0xea, 0xe9, 0xe8, 0xe7, 0xe6, 0xe5, 0xe4, 0xe3, 0xe2, 0xe1, 0xe0,
  0xdf, 0xde, 0xdd, 0xdc, 0xdb, 0xda, 0xd9, 0xd8, 0xd7, 0xd6, 0xd5, 0xd4, 0xd3, 0xd2, 0xd1, 0xd0,
  0xcf, 0xce, 0xcd, 0xcc, 0xcb, 0xca, 0xc9, 0xc8, 0xc7, 0xc6, 0xc5, 0xc4, 0xc3, 0xc2, 0xc1, 0xc0,
  0xbf, 0xbe, 0xbd, 0xbc, 0xbb, 0xba, 0xb9, 0xb8, 0xb7, 0xb6, 0xb5, 0xb4, 0xb3, 0xb2, 0xb1, 0xb0,
  0xaf, 0xae, 0xad, 0xac, 0xab, 0xaa, 0xa9, 0xa8, 0xa7, 0xa6, 0xa5, 0xa4, 0xa3, 0xa2, 0xa1, 0xa0,
  0x9f, 0x9e, 0x9d, 0x9c, 0x9b, 0x9a, 0x99, 0x98, 0x97, 0x96, 0x95, 0x94, 0x93, 0x92, 0x91, 0x90,
  0x8f, 0x8e, 0x8d, 0x8c, 0x8b, 0x8a, 0x89, 0x88, 0x87, 0x86, 0x85, 0x84, 0x83, 0x82, 0x81, 0x80,
  0x7f, 0x7e, 0x7d, 0x7c, 0x7b, 0x7a, 0x79, 0x78, 0x77, 0x76, 0x75, 0x74, 0x73, 0x72, 0x71, 0x70,
  0x6f, 0x6e, 0x6d, 0x6c, 0x6b, 0x6a, 0x69, 0x68, 0x67, 0x66, 0x65, 0x64, 0x63, 0x62, 0x61, 0x60,
  0x5f, 0x5e, 0x5d, 0x5c, 0x5b, 0x5a, 0x59, 0x58, 0x57, 0x56, 0x55, 0x54, 0x53, 0x52, 0x51, 0x50,
  0x4f, 0x4e, 0x4d, 0x4c, 0x4b, 0x4a, 0x49, 0x48, 0x47, 0x46, 0x45, 0x44, 0x43, 0x42, 0x41, 0x40,
  0x3f, 0x3e, 0x3d, 0x3c, 0x3b, 0x3a, 0x39, 0x38, 0x37, 0x36, 0x35, 0x34, 0x33, 0x32, 0x31, 0x30,
  0x2f, 0x2e, 0x2d, 0x2c, 0x2b, 0x2a, 0x29, 0x28, 0x27, 0x26, 0x25, 0x24, 0x23, 0x22, 0x21, 0x20,
  0x1f, 0x1e, 0x1d, 0x1c, 0x1b, 0x1a, 0x19, 0x18, 0x17, 0x16, 0x15, 0x14, 0x13, 0x12, 0x11, 0x10,
  0x0f, 0x0e, 0x0d, 0x0c, 0x0b, 0x0a, 0x09, 0x07, 0x06, 0x05, 0x04, 0x03, 0x03, 0x02, 0x02, 0x02,
  0x02, 0x02, 0x02, 0x03, 0x03, 0x04, 0x05, 0x06, 0x07, 0x09, 0x0a, 0x0b, 0x0c, 0x0d, 0x0e, 0x0f,
  0x10, 0x11, 0x12, 0x13, 0x14, 0x15, 0x16, 0x17, 0x18, 0x19, 0x1a, 0x1b, 0x1c, 0x1d, 0x1e, 0x1f,
  0x20, 0x21, 0x22, 0x23, 0x24, 0x25, 0x26, 0x27, 0x28, 0x29, 0x2a, 0x2b, 0x2c, 0x2d, 0x2e, 0x2f,
  0x30, 0x31, 0x32, 0x33, 0x34, 0x35, 0x36, 0x37, 0x38, 0x39, 0x3a, 0x3b, 0x3c, 0x3d, 0x3e, 0x3f,
  0x40, 0x41, 0x42, 0x43, 0x44, 0x45, 0x46, 0x47, 0x48, 0x49, 0x4a, 0x4b, 0x4c, 0x4d, 0x4e, 0x4f,
  0x50, 0x51, 0x52, 0x53, 0x54, 0x55, 0x56, 0x57, 0x58, 0x59, 0x5a, 0x5b, 0x5c, 0x5d, 0x5e, 0x5f,
  0x60, 0x61, 0x62, 0x63, 0x64, 0x65, 0x66, 0x67, 0x68, 0x69, 0x6a, 0x6b, 0x6c, 0x6d, 0x6e, 0x6f,
  0x70, 0x71, 0x72, 0x73, 0x74, 0x75, 0x76, 0x77, 0x78, 0x79, 0x7a, 0x7b, 0x7c, 0x7d, 0x7e, 0x7f,
  0x7f, 0x80, 0x81, 0x82, 0x83, 0x84, 0x85, 0x86, 0x87, 0x88, 0x89, 0x8a, 0x8b, 0x8c, 0x8d, 0x8d,
  0x8e, 0x8f, 0x90, 0x91, 0x92, 0x92, 0x93, 0x94, 0x95, 0x96, 0x97, 0x97, 0x98, 0x99, 0x9a, 0x9b,
  0x9c, 0x9d, 0x9e, 0x9f, 0xa0, 0xa1, 0xa2, 0xa3, 0xa4, 0xa5, 0xa5, 0xa6, 0xa7, 0xa8, 0xa9, 0xa9,
  0xaa, 0xab, 0xac, 0xad, 0xae, 0xaf, 0xb0, 0xb1, 0xb2, 0xb3, 0xb4, 0xb5, 0xb6, 0xb7, 0xb7, 0xb8,
  0xb9, 0xba, 0xbb, 0xbb, 0xbc, 0xbd, 0xbe, 0xbf, 0xc0, 0xc1, 0xc2, 0xc3, 0xc4, 0xc5, 0xc6, 0xc7,
  0xc8, 0xc9, 0xca, 0xca, 0xcb, 0xcc, 0xcd, 0xcd, 0xce, 0xcf, 0xd0, 0xd1, 0xd2, 0xd3, 0xd4, 0xd5,
  0xd6, 0xd7, 0xd8, 0xd9, 0xda, 0xdb, 0xdc, 0xdd, 0xdd, 0xde, 0xdf, 0xdf, 0xe0, 0xe1, 0xe2, 0xe3,
  0xe4, 0xe5, 0xe6, 0xe7, 0xe8, 0xe9, 0xeb, 0xec, 0xed, 0xed, 0xee, 0xef, 0xef, 0xf0, 0xf0, 0xf0,
  0xf0, 0xf0, 0xf0, 0xf0, 0xef, 0xef, 0xee, 0xee, 0xed, 0xec, 0xec, 0xeb, 0xea, 0xe9, 0xe8, 0xe8,
  0xe7, 0xe6, 0xe5, 0xe4, 0xe3, 0xe3, 0xe2, 0xe1, 0xe1, 0xe0, 0xe0, 0xdf, 0xdf, 0xde, 0xdd, 0xdd,
  0xdc, 0xdb, 0xdb, 0xda, 0xd9, 0xd8, 0xd7, 0xd6, 0xd6, 0xd5, 0xd4, 0xd3, 0xd2, 0xd2, 0xd1, 0xd1,
  0xd0, 0xd0, 0xcf, 0xcf, 0xce, 0xcd, 0xcd, 0xcc, 0xcb, 0xca, 0xc9, 0xc8, 0xc8, 0xc7, 0xc6, 0xc5,
  0xc4, 0xc3, 0xc3, 0xc2, 0xc2, 0xc1, 0xc1, 0xc0, 0xc0, 0xc0, 0xbf, 0xbe, 0xbe, 0xbd, 0xbc, 0xbb,
  0xba, 0xb9, 0xb8, 0xb7, 0xb6, 0xb5, 0xb4, 0xb4, 0xb3, 0xb3, 0xb3, 0xb2, 0xb2, 0xb2, 0xb1, 0xb1,
  0xb0, 0xaf, 0xaf, 0xad, 0xac, 0xab, 0xaa, 0xa8, 0xa7, 0xa6, 0xa5, 0xa4, 0xa4, 0xa4, 0xa4, 0xa4,
  0xa4, 0xa5, 0xa5, 0xa5, 0xa5, 0xa4, 0xa3, 0xa2, 0xa0, 0x9d, 0x9a, 0x96, 0x91, 0x8d, 0x87, 0x82,
  0x7c, 0x77, 0x71, 0x6d, 0x68, 0x64, 0x61, 0x5e, 0x5c, 0x5b, 0x5a, 0x59, 0x59, 0x59, 0x59, 0x5a,
  0x5a, 0x5a, 0x5a, 0x5a, 0x5a, 0x59, 0x58, 0x57, 0x56, 0x54, 0x53, 0x52, 0x51, 0x4f, 0x4f, 0x4e,
  0x4d, 0x4d, 0x4c, 0x4c, 0x4c, 0x4b, 0x4b, 0x4b, 0x4a, 0x4a, 0x49, 0x48, 0x47, 0x46, 0x45, 0x44,
  0x43, 0x42, 0x41, 0x40, 0x40, 0x3f, 0x3e, 0x3e, 0x3e, 0x3d, 0x3d, 0x3c, 0x3c, 0x3b, 0x3b, 0x3a,
  0x39, 0x38, 0x37, 0x36, 0x36, 0x35, 0x34, 0x33, 0x32, 0x31, 0x31, 0x30, 0x2f, 0x2f, 0x2e, 0x2e,
  0x2d, 0x2d, 0x2c, 0x2c, 0x2b, 0x2a, 0x29, 0x29, 0x28, 0x27, 0x26, 0x25, 0x24, 0x23, 0x23, 0x22,
  0x21, 0x21, 0x20, 0x1f, 0x1f, 0x1e, 0x1e, 0x1d, 0x1d, 0x1c, 0x1b, 0x1b, 0x1a, 0x19, 0x18, 0x17,
  0x16, 0x16, 0x15, 0x14, 0x13, 0x12, 0x12, 0x11, 0x10, 0x10, 0x0f, 0x0f, 0x0e, 0x0e, 0x0e, 0x0e,
  0x0e, 0x0e, 0x0e, 0x0f, 0x0f, 0x10, 0x11, 0x11, 0x12, 0x13, 0x15, 0x16, 0x17, 0x18, 0x19, 0x1a,
  0x1b, 0x1c, 0x1d, 0x1e, 0x1f, 0x1f, 0x20, 0x21, 0x21, 0x22, 0x23, 0x24, 0x25, 0x26, 0x27, 0x28,
  0x29, 0x2a, 0x2b, 0x2c, 0x2d, 0x2e, 0x2f, 0x30, 0x31, 0x31, 0x32, 0x33, 0x34, 0x34, 0x35, 0x36,
  0x37, 0x38, 0x39, 0x3a, 0x3b, 0x3c, 0x3d, 0x3e, 0x3f, 0x40, 0x41, 0x42, 0x43, 0x43, 0x44, 0x45,
  0x46, 0x47, 0x47, 0x48, 0x49, 0x4a, 0x4b, 0x4c, 0x4d, 0x4e, 0x4f, 0x50, 0x51, 0x52, 0x53, 0x54,
  0x55, 0x55, 0x56, 0x57, 0x58, 0x59, 0x59, 0x5a, 0x5b, 0x5c, 0x5d, 0x5e, 0x5f, 0x60, 0x60, 0x62,
  0x63, 0x64, 0x65, 0x66, 0x67, 0x67, 0x68, 0x69, 0x6a, 0x6b, 0x6c, 0x6c, 0x6d, 0x6e, 0x6f, 0x70,
  0x71, 0x71, 0x72, 0x73, 0x74, 0x75, 0x76, 0x78, 0x79, 0x79, 0x7a, 0x7b, 0x7c, 0x7d, 0x7e, 0x7f,
  0x7f, 0x80, 0x81, 0x81, 0x82, 0x83, 0x84, 0x85, 0x86, 0x87, 0x88, 0x89, 0x8a, 0x8a, 0x8b, 0x8c,
  0x8d, 0x8e, 0x8e, 0x8f, 0x90, 0x90, 0x91, 0x91, 0x92, 0x93, 0x94, 0x94, 0x95, 0x96, 0x97, 0x98,
  0x99, 0x9a, 0x9b, 0x9c, 0x9d, 0x9e, 0x9f, 0x9f, 0xa0, 0xa0, 0xa1, 0xa2, 0xa2, 0xa3, 0xa4, 0xa4,
  0xa5, 0xa6, 0xa7, 0xa8, 0xa9, 0xaa, 0xab, 0xac, 0xad, 0xae, 0xaf, 0xaf, 0xb0, 0xb1, 0xb1, 0xb2,
  0xb2, 0xb3, 0xb4, 0xb4, 0xb5, 0xb6, 0xb7, 0xb8, 0xb9, 0xba, 0xbb, 0xbc, 0xbd, 0xbe, 0xbf, 0xbf,
  0xc0, 0xc1, 0xc1, 0xc2, 0xc2, 0xc3, 0xc4, 0xc4, 0xc5, 0xc6, 0xc7, 0xc8, 0xc9, 0xca, 0xcb, 0xcc,
  0xcd, 0xce, 0xcf, 0xd0, 0xd0, 0xd1, 0xd2, 0xd2, 0xd3, 0xd3, 0xd4, 0xd4, 0xd5, 0xd6, 0xd6, 0xd7,
  0xd8, 0xd9, 0xda, 0xdc, 0xdd, 0xde, 0xdf, 0xe0, 0xe1, 0xe2, 0xe2, 0xe3, 0xe3, 0xe3, 0xe3, 0xe3,
  0xe3, 0xe3, 0xe3, 0xe3, 0xe3, 0xe3, 0xe3, 0xe3, 0xe3, 0xe2, 0xe2, 0xe2, 0xe1, 0xe1, 0xe0, 0xe0,
  0xdf, 0xdf, 0xde, 0xdd, 0xdd, 0xdc, 0xdb, 0xdb, 0xdb, 0xdb, 0xda, 0xda, 0xda, 0xda, 0xda, 0xda,
  0xda, 0xd9, 0xd9, 0xd8, 0xd8, 0xd7, 0xd6, 0xd5, 0xd5, 0xd4, 0xd3, 0xd3, 0xd2, 0xd2, 0xd2, 0xd2,
  0xd2, 0xd2, 0xd2, 0xd2, 0xd1, 0xd1, 0xd1, 0xd1, 0xd0, 0xcf, 0xce, 0xce, 0xcd, 0xcc, 0xcb, 0xca,
  0xca, 0xc9, 0xc9, 0xc9, 0xc9, 0xc9, 0xc9, 0xc9, 0xca, 0xca, 0xc9, 0xc9, 0xc9, 0xc8, 0xc7, 0xc6,
  0xc5, 0xc4, 0xc3, 0xc2, 0xc1, 0xc1, 0xc0, 0xc0, 0xc0, 0xc0, 0xc1, 0xc1, 0xc2, 0xc2, 0xc2, 0xc2,
  0xc2, 0xc2, 0xc1, 0xc0, 0xbe, 0xbd, 0xbb, 0xb9, 0xb8, 0xb7, 0xb6, 0xb5, 0xb5, 0xb6, 0xb7, 0xb8,
  0xba, 0xbc, 0xbd, 0xbf, 0xbf, 0xbf, 0xbf, 0xbd, 0xba, 0xb5, 0xaf, 0xa9, 0xa1, 0x98, 0x8e, 0x84,
  0x7a, 0x70, 0x66, 0x5d, 0x55, 0x4f, 0x49, 0x44, 0x41, 0x3f, 0x3f, 0x3f, 0x3f, 0x41, 0x42, 0x44,
  0x46, 0x47, 0x48, 0x49, 0x49, 0x48, 0x47, 0x46, 0x45, 0x43, 0x41, 0x40, 0x3e, 0x3d, 0x3c, 0x3c,
  0x3c, 0x3c, 0x3c, 0x3c, 0x3d, 0x3d, 0x3e, 0x3e, 0x3e, 0x3e, 0x3d, 0x3d, 0x3c, 0x3b, 0x3a, 0x39,
  0x38, 0x37, 0x36, 0x35, 0x35, 0x35, 0x34, 0x34, 0x35, 0x35, 0x35, 0x35, 0x35, 0x35, 0x35, 0x34,
  0x34, 0x33, 0x32, 0x31, 0x30, 0x30, 0x2f, 0x2e, 0x2d, 0x2d, 0x2d, 0x2d, 0x2c, 0x2c, 0x2c, 0x2c,
  0x2c, 0x2c, 0x2c, 0x2c, 0x2b, 0x2b, 0x2a, 0x29, 0x29, 0x28, 0x27, 0x26, 0x26, 0x25, 0x25, 0x24,
  0x24, 0x24, 0x24, 0x24, 0x24, 0x24, 0x23, 0x23, 0x23, 0x23, 0x22, 0x22, 0x21, 0x20, 0x20, 0x1f,
  0x1e, 0x1e, 0x1d, 0x1d, 0x1c, 0x1c, 0x1c, 0x1b, 0x1b, 0x1b, 0x1b, 0x1b, 0x1b, 0x1b, 0x1b, 0x1b,
  0x1b, 0x1b, 0x1b, 0x1b, 0x1b, 0x1c, 0x1c, 0x1d, 0x1e, 0x1f, 0x20, 0x21, 0x22, 0x24, 0x25, 0x26,
  0x27, 0x28, 0x28, 0x29, 0x2a, 0x2a, 0x2b, 0x2b, 0x2c, 0x2c, 0x2d, 0x2e, 0x2e, 0x2f, 0x30, 0x31,
  0x32, 0x33, 0x34, 0x35, 0x36, 0x37, 0x38, 0x39, 0x3a, 0x3a, 0x3b, 0x3c, 0x3c, 0x3d, 0x3d, 0x3e,
  0x3e, 0x3f, 0x40, 0x41, 0x42, 0x43, 0x44, 0x45, 0x46, 0x47, 0x48, 0x49, 0x4a, 0x4a, 0x4b, 0x4c,
  0x4c, 0x4d, 0x4d, 0x4e, 0x4f, 0x4f, 0x50, 0x51, 0x52, 0x53, 0x54, 0x55, 0x56, 0x57, 0x58, 0x59,
  0x5a, 0x5a, 0x5b, 0x5c, 0x5c, 0x5d, 0x5e, 0x5e, 0x5f, 0x5f, 0x60, 0x61, 0x62, 0x63, 0x64, 0x65,
  0x66, 0x67, 0x68, 0x69, 0x6a, 0x6a, 0x6b, 0x6c, 0x6d, 0x6d, 0x6e, 0x6e, 0x6f, 0x70, 0x70, 0x71,
  0x72, 0x73, 0x74, 0x74, 0x75, 0x76, 0x78, 0x79, 0x7a, 0x7a, 0x7b, 0x7c, 0x7d, 0x7e, 0x7e, 0x7f,
  0x7f, 0x80, 0x80, 0x81, 0x81, 0x82, 0x83, 0x84, 0x84, 0x85, 0x86, 0x87, 0x88, 0x89, 0x8a, 0x8b,
  0x8c, 0x8c, 0x8d, 0x8d, 0x8e, 0x8e, 0x8e, 0x8f, 0x8f, 0x90, 0x91, 0x91, 0x92, 0x93, 0x94, 0x95,
  0x96, 0x97, 0x98, 0x99, 0x9a, 0x9a, 0x9b, 0x9b, 0x9c, 0x9c, 0x9d, 0x9d, 0x9d, 0x9e, 0x9f, 0x9f,
  0xa0, 0xa1, 0xa2, 0xa3, 0xa4, 0xa5, 0xa6, 0xa7, 0xa8, 0xa8, 0xa9, 0xaa, 0xaa, 0xab, 0xab, 0xab,
  0xac, 0xac, 0xad, 0xad, 0xae, 0xaf, 0xb0, 0xb1, 0xb2, 0xb3, 0xb4, 0xb5, 0xb6, 0xb6, 0xb7, 0xb8,
  0xb8, 0xb9, 0xb9, 0xba, 0xba, 0xba, 0xbb, 0xbb, 0xbc, 0xbd, 0xbd, 0xbe, 0xbf, 0xc0, 0xc1, 0xc2,
  0xc4, 0xc4, 0xc5, 0xc6, 0xc7, 0xc7, 0xc8, 0xc8, 0xc8, 0xc9, 0xc9, 0xc9, 0xca, 0xca, 0xcb, 0xcc,
  0xcd, 0xce, 0xcf, 0xd0, 0xd1, 0xd2, 0xd3, 0xd4, 0xd5, 0xd6, 0xd6, 0xd6, 0xd7, 0xd7, 0xd7, 0xd7,
  0xd7, 0xd7, 0xd7, 0xd7, 0xd7, 0xd7, 0xd8, 0xd8, 0xd8, 0xd9, 0xd9, 0xd9, 0xd9, 0xd9, 0xd9, 0xd8,
  0xd8, 0xd7, 0xd7, 0xd6, 0xd6, 0xd5, 0xd5, 0xd5, 0xd5, 0xd5, 0xd5, 0xd5, 0xd6, 0xd6, 0xd7, 0xd7,
  0xd7, 0xd7, 0xd7, 0xd7, 0xd6, 0xd6, 0xd5, 0xd4, 0xd4, 0xd3, 0xd3, 0xd2, 0xd2, 0xd2, 0xd2, 0xd3,
  0xd3, 0xd4, 0xd4, 0xd5, 0xd5, 0xd5, 0xd5, 0xd5, 0xd5, 0xd4, 0xd4, 0xd3, 0xd2, 0xd1, 0xd0, 0xd0,
  0xd0, 0xcf, 0xcf, 0xd0, 0xd0, 0xd1, 0xd2, 0xd2, 0xd3, 0xd4, 0xd4, 0xd4, 0xd4, 0xd3, 0xd3, 0xd2,
  0xd1, 0xd0, 0xce, 0xcd, 0xcd, 0xcc, 0xcc, 0xcc, 0xcd, 0xce, 0xcf, 0xd0, 0xd1, 0xd2, 0xd3, 0xd4,
  0xd4, 0xd4, 0xd3, 0xd2, 0xd0, 0xce, 0xcc, 0xca, 0xc8, 0xc7, 0xc6, 0xc6, 0xc7, 0xc8, 0xca, 0xcc,
  0xcf, 0xd3, 0xd5, 0xd8, 0xda, 0xda, 0xda, 0xd7, 0xd3, 0xcd, 0xc5, 0xbb, 0xb0, 0xa3, 0x95, 0x86,
  0x78, 0x69, 0x5b, 0x4e, 0x43, 0x39, 0x31, 0x2b, 0x27, 0x24, 0x24, 0x24, 0x26, 0x29, 0x2b, 0x2f,
  0x32, 0x34, 0x36, 0x37, 0x38, 0x38, 0x37, 0x36, 0x34, 0x32, 0x30, 0x2e, 0x2c, 0x2b, 0x2a, 0x2a,
  0x2a, 0x2b, 0x2c, 0x2d, 0x2e, 0x2f, 0x30, 0x31, 0x32, 0x32, 0x32, 0x31, 0x31, 0x30, 0x2e, 0x2d,
  0x2c, 0x2b, 0x2b, 0x2a, 0x2a, 0x2a, 0x2a, 0x2b, 0x2c, 0x2c, 0x2d, 0x2e, 0x2e, 0x2f, 0x2f, 0x2f,
  0x2e, 0x2e, 0x2d, 0x2c, 0x2b, 0x2a, 0x2a, 0x29, 0x29, 0x29, 0x29, 0x29, 0x29, 0x2a, 0x2a, 0x2b,
  0x2b, 0x2c, 0x2c, 0x2c, 0x2c, 0x2b, 0x2b, 0x2a, 0x2a, 0x29, 0x28, 0x28, 0x27, 0x27, 0x27, 0x27,
  0x27, 0x27, 0x28, 0x28, 0x29, 0x29, 0x29, 0x29, 0x29, 0x29, 0x29, 0x28, 0x28, 0x27, 0x27, 0x26,
  0x26, 0x25, 0x25, 0x25, 0x25, 0x25, 0x25, 0x26, 0x26, 0x26, 0x27, 0x27, 0x27, 0x27, 0x27, 0x27,
  0x27, 0x27, 0x27, 0x27, 0x28, 0x28, 0x28, 0x29, 0x2a, 0x2b, 0x2c, 0x2d, 0x2e, 0x2f, 0x30, 0x31,
  0x32, 0x33, 0x34, 0x34, 0x35, 0x35, 0x35, 0x36, 0x36, 0x36, 0x37, 0x37, 0x38, 0x39, 0x3a, 0x3a,
  0x3c, 0x3d, 0x3e, 0x3f, 0x40, 0x41, 0x41, 0x42, 0x43, 0x43, 0x44, 0x44, 0x44, 0x45, 0x45, 0x46,
  0x46, 0x47, 0x48, 0x48, 0x49, 0x4a, 0x4b, 0x4c, 0x4d, 0x4e, 0x4f, 0x50, 0x51, 0x51, 0x52, 0x52,
  0x53, 0x53, 0x53, 0x54, 0x54, 0x55, 0x56, 0x56, 0x57, 0x58, 0x59, 0x5a, 0x5b, 0x5c, 0x5d, 0x5e,
  0x5f, 0x5f, 0x60, 0x61, 0x61, 0x61, 0x62, 0x62, 0x63, 0x63, 0x64, 0x64, 0x65, 0x66, 0x67, 0x68,
  0x69, 0x6a, 0x6b, 0x6c, 0x6d, 0x6d, 0x6e, 0x6f, 0x6f, 0x70, 0x70, 0x70, 0x71, 0x71, 0x72, 0x72,
  0x73, 0x74, 0x75, 0x76, 0x77, 0x78, 0x79, 0x7a, 0x7a, 0x7b, 0x7c, 0x7d, 0x7d, 0x7e, 0x7e, 0x7f,
  0x7f, 0x7f, 0x80, 0x80, 0x81, 0x81, 0x82, 0x83, 0x83, 0x84, 0x85, 0x86, 0x87, 0x88, 0x89, 0x8a,
  0x8a, 0x8b, 0x8b, 0x8b, 0x8c, 0x8c, 0x8c, 0x8c, 0x8d, 0x8d, 0x8e, 0x8e, 0x8f, 0x90, 0x91, 0x92,
  0x93, 0x94, 0x95, 0x96, 0x96, 0x97, 0x97, 0x98, 0x98, 0x98, 0x98, 0x99, 0x99, 0x99, 0x9a, 0x9a,
  0x9b, 0x9c, 0x9d, 0x9e, 0x9f, 0xa0, 0xa1, 0xa2, 0xa2, 0xa3, 0xa4, 0xa4, 0xa4, 0xa5, 0xa5, 0xa5,
  0xa5, 0xa5, 0xa6, 0xa6, 0xa7, 0xa7, 0xa8, 0xa9, 0xaa, 0xab, 0xac, 0xad, 0xae, 0xaf, 0xb0, 0xb0,
  0xb1, 0xb1, 0xb1, 0xb1, 0xb1, 0xb2, 0xb2, 0xb2, 0xb3, 0xb3, 0xb4, 0xb5, 0xb6, 0xb7, 0xb8, 0xb9,
  0xba, 0xbb, 0xbc, 0xbc, 0xbd, 0xbd, 0xbe, 0xbe, 0xbe, 0xbe, 0xbe, 0xbe, 0xbf, 0xbf, 0xc0, 0xc0,
  0xc1, 0xc2, 0xc4, 0xc5, 0xc6, 0xc7, 0xc8, 0xc9, 0xc9, 0xca, 0xca, 0xca, 0xca, 0xca, 0xca, 0xca,
  0xca, 0xca, 0xca, 0xcb, 0xcb, 0xcc, 0xcd, 0xcd, 0xce, 0xcf, 0xd0, 0xd0, 0xd0, 0xd1, 0xd1, 0xd0,
  0xd0, 0xd0, 0xcf, 0xcf, 0xcf, 0xce, 0xce, 0xce, 0xcf, 0xcf, 0xd0, 0xd1, 0xd2, 0xd2, 0xd3, 0xd4,
  0xd5, 0xd5, 0xd5, 0xd5, 0xd5, 0xd5, 0xd4, 0xd3, 0xd3, 0xd2, 0xd2, 0xd2, 0xd2, 0xd2, 0xd3, 0xd4,
  0xd5, 0xd6, 0xd7, 0xd8, 0xd9, 0xd9, 0xda, 0xda, 0xda, 0xd9, 0xd9, 0xd8, 0xd7, 0xd6, 0xd6, 0xd5,
  0xd5, 0xd5, 0xd6, 0xd6, 0xd7, 0xd9, 0xda, 0xdb, 0xdd, 0xde, 0xdf, 0xdf, 0xdf, 0xdf, 0xde, 0xdd,
  0xdc, 0xdb, 0xda, 0xd9, 0xd8, 0xd8, 0xd8, 0xd8, 0xd9, 0xdb, 0xdd, 0xde, 0xe0, 0xe2, 0xe4, 0xe5,
  0xe6, 0xe6, 0xe5, 0xe4, 0xe2, 0xe0, 0xdd, 0xdb, 0xd9, 0xd8, 0xd7, 0xd7, 0xd8, 0xda, 0xdd, 0xe1,
  0xe5, 0xea, 0xee, 0xf2, 0xf4, 0xf5, 0xf5, 0xf2, 0xed, 0xe5, 0xda, 0xce, 0xbf, 0xae, 0x9c, 0x89,
  0x75, 0x62, 0x50, 0x3f, 0x30, 0x24, 0x19, 0x11, 0x0c, 0x09, 0x09, 0x0a, 0x0c, 0x10, 0x14, 0x19,
  0x1d, 0x21, 0x24, 0x26, 0x27, 0x27, 0x26, 0x25, 0x23, 0x21, 0x1e, 0x1c, 0x1a, 0x19, 0x18, 0x18,
  0x19, 0x1a, 0x1c, 0x1e, 0x20, 0x22, 0x23, 0x25, 0x26, 0x26, 0x26, 0x26, 0x25, 0x24, 0x23, 0x22,
  0x21, 0x20, 0x1f, 0x1f, 0x1f, 0x1f, 0x20, 0x21, 0x23, 0x24, 0x25, 0x27, 0x28, 0x28, 0x29, 0x29,
  0x29, 0x28, 0x28, 0x27, 0x26, 0x25, 0x25, 0x24, 0x24, 0x24, 0x25, 0x25, 0x26, 0x27, 0x28, 0x29,
  0x2a, 0x2b, 0x2c, 0x2c, 0x2c, 0x2c, 0x2c, 0x2b, 0x2b, 0x2a, 0x2a, 0x29, 0x29, 0x29, 0x29, 0x29,
  0x2a, 0x2b, 0x2c, 0x2c, 0x2d, 0x2e, 0x2f, 0x2f, 0x30, 0x30, 0x30, 0x2f, 0x2f, 0x2f, 0x2e, 0x2e,
  0x2e, 0x2d, 0x2d, 0x2e, 0x2e, 0x2e, 0x2f, 0x30, 0x31, 0x31, 0x32, 0x33, 0x33, 0x34, 0x34, 0x34,
  0x34, 0x34, 0x34, 0x34, 0x34, 0x34, 0x34, 0x35, 0x35, 0x36, 0x37, 0x38, 0x39, 0x3a, 0x3c, 0x3d,
  0x3e, 0x3e, 0x3f, 0x3f, 0x40, 0x40, 0x40, 0x40, 0x40, 0x40, 0x41, 0x41, 0x42, 0x42, 0x43, 0x44,
  0x45, 0x46, 0x47, 0x48, 0x49, 0x4a, 0x4b, 0x4b, 0x4c, 0x4c, 0x4c, 0x4d, 0x4d, 0x4d, 0x4d, 0x4d,
  0x4e, 0x4e, 0x4f, 0x50, 0x51, 0x52, 0x53, 0x54, 0x55, 0x56, 0x57, 0x57, 0x58, 0x58, 0x59, 0x59,
  0x59, 0x59, 0x59, 0x5a, 0x5a, 0x5a, 0x5b, 0x5c, 0x5c, 0x5d, 0x5e, 0x5f, 0x60, 0x61, 0x62, 0x63,
  0x64, 0x64, 0x65, 0x65, 0x66, 0x66, 0x66, 0x66, 0x66, 0x67, 0x67, 0x68, 0x68, 0x69, 0x6a, 0x6b,
  0x6c, 0x6d, 0x6e, 0x6f, 0x70, 0x70, 0x71, 0x71, 0x72, 0x72, 0x72, 0x72, 0x73, 0x73, 0x73, 0x74,
  0x74, 0x75, 0x76, 0x77, 0x78, 0x79, 0x7a, 0x7b, 0x7b, 0x7c, 0x7d, 0x7e, 0x7e, 0x7e, 0x7f, 0x7f,
  0x7f, 0x80, 0x80, 0x80, 0x80, 0x81, 0x81, 0x82, 0x83, 0x84, 0x85, 0x86, 0x87, 0x88, 0x88, 0x89,
  0x89, 0x8a, 0x8a, 0x8a, 0x8a, 0x8a, 0x8a, 0x8a, 0x8a, 0x8b, 0x8b, 0x8c, 0x8c, 0x8d, 0x8e, 0x8f,
  0x90, 0x91, 0x92, 0x93, 0x93, 0x94, 0x94, 0x94, 0x94, 0x94, 0x94, 0x94, 0x94, 0x95, 0x95, 0x96,
  0x96, 0x97, 0x98, 0x99, 0x9a, 0x9b, 0x9c, 0x9d, 0x9d, 0x9e, 0x9e, 0x9f, 0x9f, 0x9f, 0x9f, 0x9f,
  0x9f, 0x9f, 0x9f, 0x9f, 0xa0, 0xa1, 0xa1, 0xa2, 0xa3, 0xa4, 0xa6, 0xa6, 0xa7, 0xa8, 0xa9, 0xa9,
  0xa9, 0xa9, 0xa9, 0xa9, 0xa9, 0xa9, 0xa9, 0xa9, 0xaa, 0xaa, 0xab, 0xac, 0xad, 0xae, 0xaf, 0xb0,
  0xb1, 0xb2, 0xb3, 0xb3, 0xb4, 0xb4, 0xb4, 0xb4, 0xb4, 0xb4, 0xb4, 0xb4, 0xb4, 0xb4, 0xb5, 0xb5,
  0xb6, 0xb7, 0xb8, 0xba, 0xbb, 0xbc, 0xbd, 0xbd, 0xbe, 0xbe, 0xbe, 0xbe, 0xbe, 0xbe, 0xbe, 0xbe,
  0xbe, 0xbe, 0xbe, 0xbf, 0xc0, 0xc1, 0xc2, 0xc3, 0xc4, 0xc6, 0xc7, 0xc8, 0xc8, 0xc9, 0xc9, 0xc9,
  0xc9, 0xc9, 0xc9, 0xc8, 0xc8, 0xc8, 0xc8, 0xc8, 0xc9, 0xca, 0xcb, 0xcc, 0xce, 0xcf, 0xd0, 0xd2,
  0xd3, 0xd3, 0xd4, 0xd4, 0xd4, 0xd4, 0xd3, 0xd3, 0xd2, 0xd2, 0xd2, 0xd2, 0xd2, 0xd3, 0xd4, 0xd5,
  0xd7, 0xd8, 0xda, 0xdb, 0xdd, 0xde, 0xdf, 0xdf, 0xdf, 0xdf, 0xde, 0xde, 0xdd, 0xdc, 0xdc, 0xdb,
  0xdb, 0xdc, 0xdd, 0xde, 0xdf, 0xe1, 0xe3, 0xe5, 0xe7, 0xe8, 0xea, 0xea, 0xeb, 0xeb, 0xea, 0xe9,
  0xe8, 0xe7, 0xe6, 0xe5, 0xe4, 0xe4, 0xe4, 0xe5, 0xe7, 0xe9, 0xeb, 0xee, 0xf1, 0xf3, 0xf6, 0xf7,
  0xf8, 0xf9, 0xf8, 0xf7, 0xf5, 0xf2, 0xf0, 0xed, 0xeb, 0xe9, 0xe8, 0xe9, 0xea, 0xed, 0xf1, 0xf6,
  0xfc, 0xff, 0xff, 0xff, 0xff, 0xff, 0xff, 0xff, 0xff, 0xfd, 0xf1, 0xe1, 0xce, 0xba, 0xa3, 0x8b,
  0x74, 0x5c, 0x45, 0x31, 0x1e, 0x0e, 0x02, 0x00, 0x00, 0x00, 0x00, 0x00, 0x00, 0x00, 0x00, 0x03,
  0x09, 0x0e, 0x12, 0x15, 0x16, 0x17, 0x16, 0x14, 0x12, 0x0f, 0x0d, 0x0a, 0x08, 0x07, 0x06, 0x07,
  0x08, 0x09, 0x0c, 0x0e, 0x11, 0x14, 0x16, 0x18, 0x1a, 0x1b, 0x1b, 0x1b, 0x1a, 0x19, 0x18, 0x17,
  0x16, 0x15, 0x14, 0x14, 0x15, 0x15, 0x17, 0x18, 0x1a, 0x1c, 0x1e, 0x20, 0x21, 0x22, 0x23, 0x24,
  0x24, 0x23, 0x23, 0x22, 0x21, 0x21, 0x20, 0x20, 0x20, 0x20, 0x21, 0x22, 0x24, 0x25, 0x27, 0x28,
  0x2a, 0x2b, 0x2c, 0x2d, 0x2d, 0x2d, 0x2d, 0x2d, 0x2c, 0x2c, 0x2b, 0x2b, 0x2b, 0x2b, 0x2c, 0x2c,
  0x2d, 0x2f, 0x30, 0x31, 0x33, 0x34, 0x35, 0x36, 0x37, 0x37, 0x37, 0x37, 0x37, 0x36, 0x36, 0x36,
  0x36, 0x36, 0x36, 0x37, 0x37, 0x38, 0x39, 0x3b, 0x3c, 0x3d, 0x3e, 0x3f, 0x40, 0x41, 0x41, 0x41,
  0x41, 0x41, 0x41, 0x41, 0x41, 0x41, 0x41, 0x41, 0x42, 0x42, 0x43, 0x44, 0x45, 0x47, 0x48, 0x49,
  0x4a, 0x4a, 0x4b, 0x4b, 0x4b, 0x4b, 0x4b, 0x4b, 0x4b, 0x4b, 0x4b, 0x4b, 0x4c, 0x4c, 0x4d, 0x4e,
  0x4f, 0x50, 0x51, 0x52, 0x53, 0x54, 0x55, 0x55, 0x56, 0x56, 0x56, 0x56, 0x56, 0x56, 0x56, 0x56,
  0x56, 0x56, 0x57, 0x58, 0x59, 0x59, 0x5b, 0x5c, 0x5d, 0x5e, 0x5e, 0x5f, 0x60, 0x60, 0x60, 0x60,
  0x60, 0x60, 0x60, 0x60, 0x60, 0x61, 0x61, 0x62, 0x62, 0x63, 0x64, 0x65, 0x66, 0x67, 0x68, 0x69,
  0x69, 0x6a, 0x6a, 0x6b, 0x6b, 0x6b, 0x6b, 0x6b, 0x6b, 0x6b, 0x6b, 0x6c, 0x6c, 0x6d, 0x6e, 0x6f,
  0x70, 0x71, 0x72, 0x73, 0x73, 0x74, 0x74, 0x75, 0x75, 0x75, 0x75, 0x75, 0x75, 0x75, 0x75, 0x76,
  0x76, 0x77, 0x77, 0x78, 0x79, 0x7a, 0x7b, 0x7c, 0x7d, 0x7e, 0x7e, 0x7f, 0x7f, 0x7f, 0x7f, 0x80,
  0x7f, 0x84, 0x88, 0x8d, 0x91, 0x95, 0x98, 0x9b, 0x9e, 0xa0, 0xa1, 0xa2, 0xa2, 0xa2, 0xa2, 0xa2,
  0xa1, 0xa0, 0x9f, 0x9f, 0x9e, 0x9e, 0x9e, 0x9f, 0x9f, 0xa0, 0xa1, 0xa2, 0xa3, 0xa5, 0xa6, 0xa7,
  0xa8, 0xa8, 0xa9, 0xa9, 0xa9, 0xa9, 0xa9, 0xa8, 0xa8, 0xa8, 0xa8, 0xa8, 0xa8, 0xa8, 0xa9, 0xaa,
  0xaa, 0xab, 0xad, 0xae, 0xaf, 0xaf, 0xb0, 0xb1, 0xb1, 0xb1, 0xb1, 0xb1, 0xb1, 0xb1, 0xb1, 0xb0,
  0xb0, 0xb1, 0xb1, 0xb1, 0xb2, 0xb3, 0xb4, 0xb5, 0xb6, 0xb7, 0xb8, 0xb8, 0xb9, 0xba, 0xba, 0xba,
  0xba, 0xba, 0xb9, 0xb9, 0xb9, 0xb9, 0xb9, 0xb9, 0xba, 0xba, 0xbb, 0xbc, 0xbd, 0xbe, 0xbf, 0xc0,
  0xc1, 0xc2, 0xc2, 0xc2, 0xc2, 0xc2, 0xc2, 0xc2, 0xc2, 0xc1, 0xc1, 0xc1, 0xc2, 0xc2, 0xc3, 0xc3,
  0xc4, 0xc5, 0xc6, 0xc8, 0xc9, 0xc9, 0xca, 0xcb, 0xcb, 0xcb, 0xcb, 0xcb, 0xca, 0xca, 0xca, 0xca,
  0xca, 0xca, 0xca, 0xcb, 0xcc, 0xcd, 0xce, 0xcf, 0xd0, 0xd1, 0xd2, 0xd3, 0xd3, 0xd4, 0xd4, 0xd3,
  0xd3, 0xd3, 0xd2, 0xd2, 0xd2, 0xd2, 0xd2, 0xd2, 0xd3, 0xd4, 0xd5, 0xd6, 0xd7, 0xd9, 0xda, 0xdb,
  0xdc, 0xdc, 0xdc, 0xdc, 0xdc, 0xdc, 0xdb, 0xdb, 0xda, 0xda, 0xd9, 0xda, 0xda, 0xdb, 0xdc, 0xdd,
  0xde, 0xe0, 0xe1, 0xe3, 0xe4, 0xe5, 0xe5, 0xe6, 0xe5, 0xe5, 0xe4, 0xe4, 0xe3, 0xe2, 0xe1, 0xe1,
  0xe1, 0xe1, 0xe2, 0xe3, 0xe5, 0xe7, 0xe8, 0xea, 0xec, 0xed, 0xee, 0xef, 0xef, 0xef, 0xee, 0xed,
  0xec, 0xeb, 0xe9, 0xe8, 0xe8, 0xe7, 0xe8, 0xe9, 0xea, 0xec, 0xef, 0xf1, 0xf4, 0xf6, 0xf8, 0xfa,
  0xfb, 0xfb, 0xfa, 0xf9, 0xf6, 0xf4, 0xf1, 0xee, 0xec, 0xeb, 0xea, 0xea, 0xec, 0xef, 0xf2, 0xf7,
  0xfd, 0xff, 0xff, 0xff, 0xff, 0xff, 0xff, 0xff, 0xff, 0xfd, 0xf0, 0xe1, 0xce, 0xb9, 0xa3, 0x8b,
  0x73, 0x5c, 0x45, 0x30, 0x1e, 0x0e, 0x01, 0x00, 0x00, 0x00, 0x00, 0x00, 0x00, 0x00, 0x00, 0x01,
  0x07, 0x0b, 0x0f, 0x12, 0x14, 0x14, 0x13, 0x12, 0x10, 0x0d, 0x0a, 0x08, 0x06, 0x04, 0x03, 0x03,
  0x04, 0x06, 0x08, 0x0a, 0x0d, 0x0f, 0x12, 0x14, 0x15, 0x16, 0x17, 0x16, 0x16, 0x15, 0x13, 0x12,
  0x11, 0x10, 0x0f, 0x0f, 0x0f, 0x10, 0x11, 0x12, 0x14, 0x16, 0x17, 0x19, 0x1b, 0x1c, 0x1d, 0x1d,
  0x1d, 0x1d, 0x1c, 0x1b, 0x1a, 0x1a, 0x19, 0x19, 0x19, 0x19, 0x19, 0x1a, 0x1b, 0x1d, 0x1e, 0x20,
  0x21, 0x22, 0x23, 0x24, 0x24, 0x24, 0x24, 0x24, 0x23, 0x23, 0x22, 0x22, 0x22, 0x22, 0x22, 0x23,
  0x23, 0x24, 0x25, 0x27, 0x28, 0x29, 0x2a, 0x2b, 0x2c, 0x2c, 0x2c, 0x2c, 0x2c, 0x2c, 0x2b, 0x2b,
  0x2b, 0x2a, 0x2b, 0x2b, 0x2b, 0x2c, 0x2d, 0x2e, 0x2f, 0x30, 0x31, 0x32, 0x33, 0x34, 0x34, 0x34,
  0x34, 0x34, 0x34, 0x34, 0x33, 0x33, 0x33, 0x33, 0x34, 0x34, 0x35, 0x36, 0x37, 0x38, 0x39, 0x3a,
  0x3b, 0x3b, 0x3c, 0x3c, 0x3d, 0x3d, 0x3d, 0x3c, 0x3c, 0x3c, 0x3c, 0x3c, 0x3c, 0x3c, 0x3d, 0x3d,
  0x3e, 0x3f, 0x40, 0x41, 0x42, 0x43, 0x44, 0x44, 0x45, 0x45, 0x45, 0x45, 0x45, 0x45, 0x44, 0x44,
  0x44, 0x44, 0x45, 0x45, 0x46, 0x46, 0x47, 0x48, 0x49, 0x4a, 0x4b, 0x4c, 0x4c, 0x4d, 0x4d, 0x4d,
  0x4d, 0x4d, 0x4d, 0x4d, 0x4d, 0x4d, 0x4d, 0x4d, 0x4d, 0x4e, 0x4f, 0x4f, 0x50, 0x51, 0x52, 0x53,
  0x54, 0x55, 0x55, 0x56, 0x56, 0x56, 0x56, 0x56, 0x56, 0x56, 0x55, 0x55, 0x55, 0x56, 0x56, 0x57,
  0x57, 0x58, 0x59, 0x5a, 0x5b, 0x5c, 0x5d, 0x5e, 0x5f, 0x5f, 0x60, 0x60, 0x5f, 0x5f, 0x5f, 0x5e,
  0x5d, 0x5d, 0x5d, 0x5c, 0x5c, 0x5d, 0x5e, 0x5f, 0x61, 0x63, 0x66, 0x69, 0x6d, 0x71, 0x76, 0x7a,
  0x7f, 0x88, 0x92, 0x9b, 0xa3, 0xaa, 0xb0, 0xb5, 0xb9, 0xbc, 0xbe, 0xbf, 0xbf, 0xbe, 0xbd, 0xbb,
  0xb9, 0xb7, 0xb6, 0xb4, 0xb4, 0xb3, 0xb3, 0xb4, 0xb5, 0xb6, 0xb8, 0xb9, 0xbb, 0xbc, 0xbe, 0xbf,
  0xc0, 0xc0, 0xc0, 0xc0, 0xbf, 0xbf, 0xbe, 0xbd, 0xbd, 0xbc, 0xbc, 0xbc, 0xbc, 0xbc, 0xbd, 0xbe,
  0xbf, 0xc1, 0xc2, 0xc3, 0xc4, 0xc5, 0xc5, 0xc5, 0xc5, 0xc5, 0xc5, 0xc4, 0xc4, 0xc3, 0xc3, 0xc3,
  0xc3, 0xc3, 0xc3, 0xc4, 0xc5, 0xc6, 0xc7, 0xc8, 0xc9, 0xca, 0xca, 0xcb, 0xcb, 0xcc, 0xcc, 0xcb,
  0xcb, 0xcb, 0xca, 0xca, 0xc9, 0xc9, 0xc9, 0xca, 0xca, 0xcb, 0xcc, 0xcd, 0xce, 0xcf, 0xd0, 0xd1,
  0xd1, 0xd2, 0xd2, 0xd2, 0xd2, 0xd1, 0xd1, 0xd1, 0xd0, 0xd0, 0xd0, 0xd0, 0xd0, 0xd0, 0xd1, 0xd2,
  0xd3, 0xd4, 0xd5, 0xd6, 0xd7, 0xd8, 0xd8, 0xd8, 0xd8, 0xd8, 0xd8, 0xd7, 0xd7, 0xd6, 0xd6, 0xd6,
  0xd6, 0xd6, 0xd6, 0xd7, 0xd8, 0xd9, 0xda, 0xdb, 0xdc, 0xdd, 0xde, 0xdf, 0xdf, 0xdf, 0xdf, 0xde,
  0xde, 0xdd, 0xdd, 0xdc, 0xdc, 0xdc, 0xdc, 0xdc, 0xdd, 0xde, 0xdf, 0xe0, 0xe2, 0xe3, 0xe4, 0xe5,
  0xe5, 0xe6, 0xe6, 0xe5, 0xe5, 0xe4, 0xe4, 0xe3, 0xe2, 0xe2, 0xe2, 0xe2, 0xe2, 0xe3, 0xe4, 0xe5,
  0xe6, 0xe8, 0xe9, 0xea, 0xec, 0xec, 0xed, 0xed, 0xec, 0xec, 0xeb, 0xea, 0xe9, 0xe8, 0xe7, 0xe7,
  0xe7, 0xe7, 0xe8, 0xe9, 0xeb, 0xed, 0xee, 0xf0, 0xf2, 0xf3, 0xf4, 0xf4, 0xf4, 0xf4, 0xf3, 0xf2,
  0xf0, 0xef, 0xed, 0xec, 0xec, 0xeb, 0xec, 0xed, 0xee, 0xf0, 0xf3, 0xf5, 0xf8, 0xfa, 0xfc, 0xfd,
  0xfe, 0xfe, 0xfd, 0xfb, 0xf9, 0xf6, 0xf3, 0xf0, 0xee, 0xec, 0xec, 0xec, 0xee, 0xf0, 0xf4, 0xf9,
  0xff, 0xff, 0xff, 0xff, 0xff, 0xff, 0xff, 0xff, 0xff, 0xfe, 0xf1, 0xe1, 0xce, 0xb9, 0xa3, 0x8b,
  0x73, 0x5c, 0x45, 0x30, 0x1e, 0x0e, 0x01, 0x00, 0x00, 0x00, 0x00, 0x00, 0x00, 0x00, 0x00, 0x00,
  0x05, 0x09, 0x0d, 0x10, 0x12, 0x12, 0x11, 0x10, 0x0d, 0x0b, 0x08, 0x05, 0x03, 0x01, 0x00, 0x00,
  0x01, 0x02, 0x04, 0x06, 0x09, 0x0b, 0x0e, 0x10, 0x11, 0x12, 0x12, 0x12, 0x12, 0x11, 0x0f, 0x0e,
  0x0c, 0x0b, 0x0a, 0x0a, 0x0a, 0x0a, 0x0b, 0x0c, 0x0e, 0x10, 0x11, 0x13, 0x14, 0x16, 0x16, 0x17,
  0x17, 0x16, 0x16, 0x15, 0x14, 0x13, 0x12, 0x12, 0x12, 0x12, 0x12, 0x13, 0x14, 0x15, 0x16, 0x17,
  0x19, 0x1a, 0x1b, 0x1c, 0x1c, 0x1c, 0x1c, 0x1c, 0x1b, 0x1a, 0x1a, 0x19, 0x19, 0x19, 0x19, 0x19,
  0x1a, 0x1a, 0x1b, 0x1c, 0x1e, 0x1f, 0x20, 0x21, 0x21, 0x22, 0x22, 0x22, 0x22, 0x21, 0x21, 0x20,
  0x20, 0x1f, 0x1f, 0x1f, 0x20, 0x20, 0x21, 0x22, 0x23, 0x24, 0x25, 0x26, 0x27, 0x27, 0x28, 0x28,
  0x28, 0x28, 0x28, 0x27, 0x27, 0x26, 0x26, 0x26, 0x26, 0x26, 0x27, 0x27, 0x28, 0x29, 0x2a, 0x2b,
  0x2c, 0x2d, 0x2d, 0x2e, 0x2e, 0x2e, 0x2e, 0x2e, 0x2e, 0x2d, 0x2d, 0x2d, 0x2c, 0x2c, 0x2d, 0x2d,
  0x2e, 0x2e, 0x2f, 0x30, 0x31, 0x32, 0x33, 0x33, 0x34, 0x34, 0x35, 0x35, 0x34, 0x34, 0x34, 0x33,
  0x33, 0x33, 0x33, 0x33, 0x33, 0x34, 0x34, 0x35, 0x36, 0x37, 0x38, 0x39, 0x3a, 0x3a, 0x3b, 0x3b,
  0x3b, 0x3b, 0x3b, 0x3a, 0x3a, 0x3a, 0x39, 0x39, 0x39, 0x39, 0x3a, 0x3a, 0x3b, 0x3c, 0x3d, 0x3e,
  0x3f, 0x40, 0x41, 0x42, 0x42, 0x42, 0x42, 0x42, 0x41, 0x41, 0x40, 0x40, 0x3f, 0x3f, 0x3f, 0x3f,
  0x3f, 0x40, 0x41, 0x42, 0x44, 0x45, 0x47, 0x48, 0x49, 0x4a, 0x4b, 0x4b, 0x4a, 0x49, 0x48, 0x47,
  0x45, 0x44, 0x42, 0x41, 0x40, 0x40, 0x41, 0x43, 0x45, 0x49, 0x4e, 0x54, 0x5c, 0x64, 0x6c, 0x76,
  0x7f, 0x8d, 0x9b, 0xa8, 0xb4, 0xbf, 0xc8, 0xcf, 0xd5, 0xd9, 0xdb, 0xdb, 0xdb, 0xd9, 0xd7, 0xd4,
  0xd1, 0xce, 0xcc, 0xca, 0xc8, 0xc8, 0xc8, 0xc9, 0xca, 0xcc, 0xce, 0xd0, 0xd2, 0xd4, 0xd5, 0xd7,
  0xd7, 0xd7, 0xd7, 0xd6, 0xd5, 0xd4, 0xd3, 0xd2, 0xd1, 0xd0, 0xd0, 0xcf, 0xd0, 0xd1, 0xd2, 0xd3,
  0xd4, 0xd5, 0xd7, 0xd8, 0xd9, 0xda, 0xda, 0xda, 0xda, 0xd9, 0xd8, 0xd7, 0xd7, 0xd6, 0xd5, 0xd5,
  0xd5, 0xd5, 0xd5, 0xd6, 0xd7, 0xd8, 0xd9, 0xda, 0xdb, 0xdc, 0xdd, 0xdd, 0xde, 0xdd, 0xdd, 0xdd,
  0xdc, 0xdb, 0xdb, 0xda, 0xda, 0xda, 0xda, 0xda, 0xdb, 0xdb, 0xdc, 0xdd, 0xdf, 0xe0, 0xe0, 0xe1,
  0xe2, 0xe2, 0xe2, 0xe2, 0xe1, 0xe0, 0xe0, 0xdf, 0xdf, 0xde, 0xde, 0xde, 0xde, 0xdf, 0xe0, 0xe0,
  0xe1, 0xe2, 0xe4, 0xe4, 0xe5, 0xe6, 0xe6, 0xe6, 0xe6, 0xe5, 0xe5, 0xe4, 0xe4, 0xe3, 0xe3, 0xe2,
  0xe2, 0xe2, 0xe3, 0xe4, 0xe4, 0xe5, 0xe7, 0xe8, 0xe9, 0xe9, 0xea, 0xea, 0xea, 0xea, 0xea, 0xe9,
  0xe9, 0xe8, 0xe7, 0xe7, 0xe6, 0xe6, 0xe6, 0xe7, 0xe7, 0xe8, 0xe9, 0xeb, 0xec, 0xed, 0xee, 0xee,
  0xef, 0xef, 0xef, 0xee, 0xee, 0xed, 0xec, 0xeb, 0xeb, 0xea, 0xea, 0xea, 0xea, 0xeb, 0xec, 0xed,
  0xef, 0xf0, 0xf1, 0xf2, 0xf3, 0xf4, 0xf4, 0xf4, 0xf3, 0xf3, 0xf2, 0xf0, 0xef, 0xee, 0xee, 0xed,
  0xed, 0xee, 0xee, 0xf0, 0xf1, 0xf3, 0xf4, 0xf6, 0xf7, 0xf9, 0xf9, 0xfa, 0xf9, 0xf9, 0xf8, 0xf6,
  0xf5, 0xf3, 0xf2, 0xf0, 0xf0, 0xef, 0xf0, 0xf1, 0xf2, 0xf4, 0xf7, 0xf9, 0xfc, 0xfe, 0xff, 0xff,
  0xff, 0xff, 0xff, 0xfe, 0xfb, 0xf8, 0xf5, 0xf3, 0xf0, 0xee, 0xee, 0xee, 0xf0, 0xf2, 0xf6, 0xfb,
  0xff, 0xff, 0xff, 0xff, 0xff, 0xff, 0xff, 0xff, 0xff, 0xfe, 0xf1, 0xe1, 0xce, 0xb9, 0xa3, 0x8b,
  0x73, 0x5b, 0x45, 0x30, 0x1d, 0x0e, 0x00, 0x00, 0x00, 0x00, 0x00, 0x00, 0x00, 0x00, 0x00, 0x00,
  0x03, 0x08, 0x0b, 0x0e, 0x10, 0x10, 0x0f, 0x0e, 0x0b, 0x09, 0x06, 0x03, 0x01, 0x00, 0x00, 0x00,
  0x00, 0x00, 0x00, 0x03, 0x05, 0x07, 0x0a, 0x0b, 0x0d, 0x0e, 0x0e, 0x0e, 0x0d, 0x0c, 0x0b, 0x09,
  0x08, 0x07, 0x06, 0x05, 0x05, 0x05, 0x06, 0x07, 0x08, 0x0a, 0x0b, 0x0d, 0x0e, 0x0f, 0x10, 0x10,
  0x11, 0x10, 0x10, 0x0f, 0x0e, 0x0d, 0x0c, 0x0b, 0x0b, 0x0a, 0x0a, 0x0b, 0x0c, 0x0d, 0x0e, 0x0f,
  0x11, 0x12, 0x13, 0x13, 0x14, 0x14, 0x14, 0x13, 0x13, 0x12, 0x11, 0x10, 0x10, 0x0f, 0x0f, 0x0f,
  0x10, 0x10, 0x11, 0x12, 0x13, 0x14, 0x15, 0x16, 0x17, 0x17, 0x18, 0x18, 0x17, 0x17, 0x16, 0x16,
  0x15, 0x14, 0x14, 0x14, 0x14, 0x14, 0x15, 0x15, 0x16, 0x17, 0x18, 0x19, 0x1a, 0x1b, 0x1b, 0x1c,
  0x1c, 0x1b, 0x1b, 0x1b, 0x1a, 0x19, 0x19, 0x19, 0x18, 0x18, 0x19, 0x19, 0x1a, 0x1a, 0x1b, 0x1c,
  0x1d, 0x1e, 0x1f, 0x1f, 0x20, 0x20, 0x20, 0x1f, 0x1f, 0x1e, 0x1e, 0x1d, 0x1d, 0x1d, 0x1d, 0x1d,
  0x1d, 0x1e, 0x1e, 0x1f, 0x20, 0x21, 0x22, 0x23, 0x23, 0x24, 0x24, 0x24, 0x24, 0x24, 0x23, 0x23,
  0x22, 0x22, 0x21, 0x21, 0x21, 0x21, 0x22, 0x22, 0x23, 0x24, 0x25, 0x26, 0x27, 0x28, 0x29, 0x29,
  0x29, 0x29, 0x28, 0x28, 0x27, 0x27, 0x26, 0x25, 0x25, 0x25, 0x25, 0x25, 0x26, 0x27, 0x28, 0x29,
  0x2a, 0x2b, 0x2d, 0x2d, 0x2e, 0x2e, 0x2e, 0x2e, 0x2d, 0x2c, 0x2b, 0x2a, 0x29, 0x28, 0x27, 0x27,
  0x27, 0x28, 0x29, 0x2b, 0x2c, 0x2e, 0x30, 0x32, 0x34, 0x35, 0x36, 0x36, 0x35, 0x34, 0x32, 0x30,
  0x2d, 0x2a, 0x28, 0x25, 0x24, 0x23, 0x24, 0x26, 0x2a, 0x2f, 0x37, 0x40, 0x4a, 0x56, 0x63, 0x71,
  0x7f, 0x92, 0xa4, 0xb6, 0xc6, 0xd4, 0xe0, 0xe9, 0xf0, 0xf5, 0xf8, 0xf8, 0xf7, 0xf5, 0xf1, 0xed,
  0xe9, 0xe5, 0xe2, 0xdf, 0xde, 0xdd, 0xdd, 0xde, 0xe0, 0xe2, 0xe4, 0xe7, 0xea, 0xec, 0xed, 0xef,
  0xef, 0xef, 0xee, 0xed, 0xec, 0xea, 0xe8, 0xe6, 0xe5, 0xe4, 0xe3, 0xe3, 0xe4, 0xe5, 0xe6, 0xe7,
  0xe9, 0xeb, 0xec, 0xed, 0xee, 0xef, 0xef, 0xef, 0xee, 0xed, 0xec, 0xeb, 0xe9, 0xe8, 0xe8, 0xe7,
  0xe7, 0xe7, 0xe8, 0xe9, 0xea, 0xeb, 0xec, 0xed, 0xee, 0xef, 0xf0, 0xf0, 0xf0, 0xf0, 0xef, 0xee,
  0xed, 0xec, 0xeb, 0xea, 0xea, 0xea, 0xea, 0xea, 0xeb, 0xec, 0xed, 0xee, 0xef, 0xf0, 0xf1, 0xf1,
  0xf2, 0xf2, 0xf1, 0xf1, 0xf0, 0xef, 0xef, 0xee, 0xed, 0xec, 0xec, 0xec, 0xec, 0xed, 0xee, 0xef,
  0xf0, 0xf1, 0xf2, 0xf3, 0xf3, 0xf4, 0xf4, 0xf4, 0xf3, 0xf3, 0xf2, 0xf1, 0xf0, 0xef, 0xef, 0xef,
  0xef, 0xef, 0xef, 0xf0, 0xf1, 0xf2, 0xf3, 0xf4, 0xf5, 0xf6, 0xf6, 0xf6, 0xf6, 0xf6, 0xf5, 0xf4,
  0xf3, 0xf2, 0xf2, 0xf1, 0xf1, 0xf0, 0xf1, 0xf1, 0xf2, 0xf3, 0xf4, 0xf5, 0xf6, 0xf7, 0xf8, 0xf8,
  0xf9, 0xf9, 0xf8, 0xf8, 0xf7, 0xf6, 0xf5, 0xf4, 0xf3, 0xf2, 0xf2, 0xf2, 0xf3, 0xf3, 0xf4, 0xf5,
  0xf7, 0xf8, 0xf9, 0xfa, 0xfb, 0xfb, 0xfb, 0xfb, 0xfa, 0xf9, 0xf8, 0xf7, 0xf6, 0xf5, 0xf4, 0xf3,
  0xf3, 0xf4, 0xf5, 0xf6, 0xf7, 0xf9, 0xfa, 0xfc, 0xfd, 0xfe, 0xff, 0xff, 0xfe, 0xfd, 0xfc, 0xfb,
  0xf9, 0xf7, 0xf6, 0xf4, 0xf4, 0xf3, 0xf4, 0xf5, 0xf6, 0xf8, 0xfb, 0xfd, 0xff, 0xff, 0xff, 0xff,
  0xff, 0xff, 0xff, 0xff, 0xfe, 0xfb, 0xf7, 0xf5, 0xf2, 0xf0, 0xf0, 0xf0, 0xf2, 0xf4, 0xf8, 0xfd,
  0xff, 0xff, 0xff, 0xff, 0xff, 0xff, 0xff, 0xff, 0xff, 0xfe, 0xf1, 0xe1, 0xce, 0xb9, 0xa3, 0x8b,
  0x73, 0x5b, 0x45, 0x30, 0x1d, 0x0d, 0x00, 0x00, 0x00, 0x00, 0x00, 0x00, 0x00, 0x00, 0x00, 0x00,
  0x01, 0x06, 0x09, 0x0c, 0x0e, 0x0e, 0x0d, 0x0c, 0x09, 0x06, 0x04, 0x01, 0x00, 0x00, 0x00, 0x00,
  0x00, 0x00, 0x00, 0x00, 0x01, 0x03, 0x05, 0x07, 0x09, 0x0a, 0x0a, 0x0a, 0x09, 0x08, 0x07, 0x05,
  0x04, 0x02, 0x01, 0x00, 0x00, 0x00, 0x00, 0x01, 0x02, 0x04, 0x05, 0x07, 0x08, 0x09, 0x0a, 0x0a,
  0x0a, 0x0a, 0x09, 0x08, 0x07, 0x06, 0x05, 0x04, 0x03, 0x03, 0x03, 0x03, 0x04, 0x05, 0x06, 0x07,
  0x08, 0x09, 0x0a, 0x0b, 0x0b, 0x0c, 0x0b, 0x0b, 0x0a, 0x09, 0x09, 0x08, 0x07, 0x06, 0x06, 0x06,
  0x06, 0x06, 0x07, 0x08, 0x09, 0x0a, 0x0b, 0x0c, 0x0d, 0x0d, 0x0d, 0x0d, 0x0d, 0x0c, 0x0c, 0x0b,
  0x0a, 0x09, 0x09, 0x08, 0x08, 0x08, 0x09, 0x09, 0x0a, 0x0b, 0x0c, 0x0d, 0x0e, 0x0e, 0x0f, 0x0f,
  0x0f, 0x0f, 0x0f, 0x0e, 0x0e, 0x0d, 0x0c, 0x0b, 0x0b, 0x0b, 0x0b, 0x0b, 0x0b, 0x0c, 0x0d, 0x0e,
  0x0f, 0x10, 0x10, 0x11, 0x11, 0x11, 0x11, 0x11, 0x11, 0x10, 0x0f, 0x0e, 0x0e, 0x0d, 0x0d, 0x0d,
  0x0d, 0x0d, 0x0e, 0x0f, 0x10, 0x11, 0x11, 0x12, 0x13, 0x14, 0x14, 0x14, 0x14, 0x13, 0x12, 0x12,
  0x11, 0x10, 0x0f, 0x0f, 0x0f, 0x0f, 0x0f, 0x0f, 0x10, 0x11, 0x12, 0x13, 0x14, 0x15, 0x16, 0x16,
  0x17, 0x16, 0x16, 0x15, 0x14, 0x13, 0x12, 0x11, 0x10, 0x10, 0x10, 0x10, 0x10, 0x11, 0x12, 0x14,
  0x15, 0x17, 0x18, 0x19, 0x1a, 0x1a, 0x1a, 0x1a, 0x19, 0x17, 0x16, 0x14, 0x13, 0x11, 0x10, 0x10,
  0x0f, 0x10, 0x11, 0x13, 0x15, 0x17, 0x1a, 0x1c, 0x1e, 0x20, 0x21, 0x21, 0x20, 0x1e, 0x1c, 0x19,
  0x15, 0x11, 0x0d, 0x0a, 0x08, 0x06, 0x07, 0x09, 0x0e, 0x15, 0x1f, 0x2b, 0x38, 0x48, 0x5a, 0x6c,
  0x7f, 0x97, 0xae, 0xc4, 0xd8, 0xe9, 0xf8, 0xff, 0xff, 0xff, 0xff, 0xff, 0xff, 0xff, 0xff, 0xff,
  0xff, 0xfd, 0xf9, 0xf6, 0xf3, 0xf2, 0xf3, 0xf4, 0xf6, 0xf9, 0xfc, 0xff, 0xff, 0xff, 0xff, 0xff,
  0xff, 0xff, 0xff, 0xff, 0xff, 0xff, 0xfe, 0xfc, 0xfa, 0xf9, 0xf8, 0xf8, 0xf9, 0xfa, 0xfb, 0xfd,
  0xff, 0xff, 0xff, 0xff, 0xff, 0xff, 0xff, 0xff, 0xff, 0xff, 0xff, 0xff, 0xfd, 0xfc, 0xfb, 0xfa,
  0xfa, 0xfa, 0xfb, 0xfc, 0xfd, 0xfe, 0xff, 0xff, 0xff, 0xff, 0xff, 0xff, 0xff, 0xff, 0xff, 0xff,
  0xff, 0xfe, 0xfd, 0xfc, 0xfb, 0xfb, 0xfb, 0xfb, 0xfc, 0xfd, 0xfe, 0xff, 0xff, 0xff, 0xff, 0xff,
  0xff, 0xff, 0xff, 0xff, 0xff, 0xff, 0xfe, 0xfd, 0xfc, 0xfc, 0xfb, 0xfb, 0xfc, 0xfc, 0xfd, 0xfe,
  0xff, 0xff, 0xff, 0xff, 0xff, 0xff, 0xff, 0xff, 0xff, 0xff, 0xff, 0xfe, 0xfd, 0xfd, 0xfc, 0xfb,
  0xfb, 0xfc, 0xfc, 0xfd, 0xfe, 0xff, 0xff, 0xff, 0xff, 0xff, 0xff, 0xff, 0xff, 0xff, 0xff, 0xff,
  0xff, 0xfe, 0xfd, 0xfc, 0xfb, 0xfb, 0xfb, 0xfc, 0xfd, 0xfe, 0xff, 0xff, 0xff, 0xff, 0xff, 0xff,
  0xff, 0xff, 0xff, 0xff, 0xff, 0xff, 0xfe, 0xfd, 0xfc, 0xfb, 0xfb, 0xfb, 0xfb, 0xfc, 0xfd, 0xfe,
  0xff, 0xff, 0xff, 0xff, 0xff, 0xff, 0xff, 0xff, 0xff, 0xff, 0xff, 0xfe, 0xfd, 0xfb, 0xfb, 0xfa,
  0xfa, 0xfa, 0xfb, 0xfc, 0xfe, 0xff, 0xff, 0xff, 0xff, 0xff, 0xff, 0xff, 0xff, 0xff, 0xff, 0xff,
  0xfe, 0xfc, 0xfa, 0xf9, 0xf8, 0xf8, 0xf8, 0xf9, 0xfb, 0xfd, 0xff, 0xff, 0xff, 0xff, 0xff, 0xff,
  0xff, 0xff, 0xff, 0xff, 0xff, 0xfd, 0xfa, 0xf7, 0xf5, 0xf3, 0xf2, 0xf3, 0xf4, 0xf7, 0xfb, 0xff,
  0xff, 0xff, 0xff, 0xff, 0xff, 0xff, 0xff, 0xff, 0xff, 0xff, 0xf1, 0xe1, 0xce, 0xb9, 0xa3, 0x8b,
  0x73, 0x5c, 0x45, 0x30, 0x1e, 0x0e, 0x00, 0x00, 0x00, 0x00, 0x00, 0x00, 0x00, 0x00, 0x00, 0x00,
  0x00, 0x04, 0x08, 0x0a, 0x0c, 0x0c, 0x0c, 0x0a, 0x08, 0x05, 0x02, 0x00, 0x00, 0x00, 0x00, 0x00,
  0x00, 0x00, 0x00, 0x00, 0x00, 0x00, 0x02, 0x04, 0x05, 0x06, 0x06, 0x06, 0x06, 0x04, 0x03, 0x01,
  0x00, 0x00, 0x00, 0x00, 0x00, 0x00, 0x00, 0x00, 0x00, 0x00, 0x00, 0x01, 0x02, 0x03, 0x04, 0x04,
  0x04, 0x04, 0x03, 0x02, 0x01, 0x00, 0x00, 0x00, 0x00, 0x00, 0x00, 0x00, 0x00, 0x00, 0x00, 0x00,
  0x00, 0x01, 0x02, 0x03, 0x04, 0x04, 0x03, 0x03, 0x02, 0x01, 0x00, 0x00, 0x00, 0x00, 0x00, 0x00,
  0x00, 0x00, 0x00, 0x00, 0x00, 0x00, 0x01, 0x02, 0x03, 0x03, 0x03, 0x03, 0x03, 0x02, 0x02, 0x01,
  0x00, 0x00, 0x00, 0x00, 0x00, 0x00, 0x00, 0x00, 0x00, 0x00, 0x00, 0x01, 0x01, 0x02, 0x03, 0x03,
  0x03, 0x03, 0x02, 0x02, 0x01, 0x00, 0x00, 0x00, 0x00, 0x00, 0x00, 0x00, 0x00, 0x00, 0x00, 0x00,
  0x00, 0x01, 0x02, 0x03, 0x03, 0x03, 0x03, 0x03, 0x02, 0x01, 0x00, 0x00, 0x00, 0x00, 0x00, 0x00,
  0x00, 0x00, 0x00, 0x00, 0x00, 0x00, 0x01, 0x02, 0x03, 0x03, 0x04, 0x04, 0x03, 0x03, 0x02, 0x01,
  0x00, 0x00, 0x00, 0x00, 0x00, 0x00, 0x00, 0x00, 0x00, 0x00, 0x00, 0x01, 0x02, 0x03, 0x04, 0x04,
  0x04, 0x04, 0x04, 0x03, 0x02, 0x00, 0x00, 0x00, 0x00, 0x00, 0x00, 0x00, 0x00, 0x00, 0x00, 0x00,
  0x00, 0x02, 0x04, 0x05, 0x06, 0x06, 0x06, 0x06, 0x04, 0x03, 0x01, 0x00, 0x00, 0x00, 0x00, 0x00,
  0x00, 0x00, 0x00, 0x00, 0x00, 0x00, 0x03, 0x06, 0x09, 0x0b, 0x0c, 0x0c, 0x0b, 0x09, 0x06, 0x02,
  0x00, 0x00, 0x00, 0x00, 0x00, 0x00, 0x00, 0x00, 0x00, 0x00, 0x07, 0x16, 0x27, 0x3b, 0x51, 0x68,
  0x80, 0x82, 0x83, 0x85, 0x86, 0x88, 0x89, 0x8b, 0x8c, 0x8e, 0x90, 0x91, 0x93, 0x94, 0x96, 0x97,
  0x99, 0x9a, 0x9c, 0x9d, 0x9f, 0xa0, 0xa2, 0xa3, 0xa5, 0xa6, 0xa8, 0xa9, 0xab, 0xac, 0xae, 0xaf,
  0xb1, 0xb2, 0xb3, 0xb5, 0xb6, 0xb8, 0xb9, 0xba, 0xbc, 0xbd, 0xbf, 0xc0, 0xc1, 0xc3, 0xc4, 0xc5,
  0xc7, 0xc8, 0xc9, 0xca, 0xcc, 0xcd, 0xce, 0xcf, 0xd1, 0xd2, 0xd3, 0xd4, 0xd5, 0xd6, 0xd8, 0xd9,
  0xda, 0xdb, 0xdc, 0xdd, 0xde, 0xdf, 0xe0, 0xe1, 0xe2, 0xe3, 0xe4, 0xe5, 0xe6, 0xe7, 0xe8, 0xe9,
  0xea, 0xea, 0xeb, 0xec, 0xed, 0xee, 0xee, 0xef, 0xf0, 0xf1, 0xf1, 0xf2, 0xf3, 0xf3, 0xf4, 0xf5,
  0xf5, 0xf6, 0xf6, 0xf7, 0xf8, 0xf8, 0xf9, 0xf9, 0xfa, 0xfa, 0xfa, 0xfb, 0xfb, 0xfc, 0xfc, 0xfc,
  0xfd, 0xfd, 0xfd, 0xfd, 0xfe, 0xfe, 0xfe, 0xfe, 0xfe, 0xff, 0xff, 0xff, 0xff, 0xff, 0xff, 0xff,
  0xff, 0xff, 0xff, 0xff, 0xff, 0xff, 0xff, 0xff, 0xfe, 0xfe, 0xfe, 0xfe, 0xfe, 0xfd, 0xfd, 0xfd,
  0xfd, 0xfc, 0xfc, 0xfc, 0xfb, 0xfb, 0xfa, 0xfa, 0xfa, 0xf9, 0xf9, 0xf8, 0xf8, 0xf7, 0xf6, 0xf6,
  0xf5, 0xf5, 0xf4, 0xf3, 0xf3, 0xf2, 0xf1, 0xf1, 0xf0, 0xef, 0xee, 0xee, 0xed, 0xec, 0xeb, 0xea,
  0xea, 0xe9, 0xe8, 0xe7, 0xe6, 0xe5, 0xe4, 0xe3, 0xe2, 0xe1, 0xe0, 0xdf, 0xde, 0xdd, 0xdc, 0xdb,
  0xda, 0xd9, 0xd8, 0xd6, 0xd5, 0xd4, 0xd3, 0xd2, 0xd1, 0xcf, 0xce, 0xcd, 0xcc, 0xca, 0xc9, 0xc8,
  0xc7, 0xc5, 0xc4, 0xc3, 0xc1, 0xc0, 0xbf, 0xbd, 0xbc, 0xba, 0xb9, 0xb8, 0xb6, 0xb5, 0xb3, 0xb2,
  0xb1, 0xaf, 0xae, 0xac, 0xab, 0xa9, 0xa8, 0xa6, 0xa5, 0xa3, 0xa2, 0xa0, 0x9f, 0x9d, 0x9c, 0x9a,
  0x99, 0x97, 0x96, 0x94, 0x93, 0x91, 0x90, 0x8e, 0x8c, 0x8b, 0x89, 0x88, 0x86, 0x85, 0x83, 0x82,
  0x80, 0x7e, 0x7d, 0x7b, 0x7a, 0x78, 0x77, 0x75, 0x74, 0x72, 0x70, 0x6f, 0x6d, 0x6c, 0x6a, 0x69,
  0x67, 0x66, 0x64, 0x63, 0x61, 0x60, 0x5e, 0x5d, 0x5b, 0x5a, 0x58, 0x57, 0x55, 0x54, 0x52, 0x51,
  0x4f, 0x4e, 0x4d, 0x4b, 0x4a, 0x48, 0x47, 0x46, 0x44, 0x43, 0x41, 0x40, 0x3f, 0x3d, 0x3c, 0x3b,
  0x39, 0x38, 0x37, 0x36, 0x34, 0x33, 0x32, 0x31, 0x2f, 0x2e, 0x2d, 0x2c, 0x2b, 0x2a, 0x28, 0x27,
  0x26, 0x25, 0x24, 0x23, 0x22, 0x21, 0x20, 0x1f, 0x1e, 0x1d, 0x1c, 0x1b, 0x1a, 0x19, 0x18, 0x17,
  0x16, 0x16, 0x15, 0x14, 0x13, 0x12, 0x12, 0x11, 0x10, 0x0f, 0x0f, 0x0e, 0x0d, 0x0d, 0x0c, 0x0b,
  0x0b, 0x0a, 0x0a, 0x09, 0x08, 0x08, 0x07, 0x07, 0x06, 0x06, 0x06, 0x05, 0x05, 0x04, 0x04, 0x04,
  0x03, 0x03, 0x03, 0x03, 0x02, 0x02, 0x02, 0x02, 0x02, 0x01, 0x01, 0x01, 0x01, 0x01, 0x01, 0x01,
  0x01, 0x01, 0x01, 0x01, 0x01, 0x01, 0x01, 0x01, 0x02, 0x02, 0x02, 0x02, 0x02, 0x03, 0x03, 0x03,
  0x03, 0x04, 0x04, 0x04, 0x05, 0x05, 0x06, 0x06, 0x06, 0x07, 0x07, 0x08, 0x08, 0x09, 0x0a, 0x0a,
  0x0b, 0x0b, 0x0c, 0x0d, 0x0d, 0x0e, 0x0f, 0x0f, 0x10, 0x11, 0x12, 0x12, 0x13, 0x14, 0x15, 0x16,
  0x16, 0x17, 0x18, 0x19, 0x1a, 0x1b, 0x1c, 0x1d, 0x1e, 0x1f, 0x20, 0x21, 0x22, 0x23, 0x24, 0x25,
  0x26, 0x27, 0x28, 0x2a, 0x2b, 0x2c, 0x2d, 0x2e, 0x2f, 0x31, 0x32, 0x33, 0x34, 0x36, 0x37, 0x38,
  0x39, 0x3b, 0x3c, 0x3d, 0x3f, 0x40, 0x41, 0x43, 0x44, 0x46, 0x47, 0x48, 0x4a, 0x4b, 0x4d, 0x4e,
  0x4f, 0x51, 0x52, 0x54, 0x55, 0x57, 0x58, 0x5a, 0x5b, 0x5d, 0x5e, 0x60, 0x61, 0x63, 0x64, 0x66,
  0x67, 0x69, 0x6a, 0x6c, 0x6d, 0x6f, 0x70, 0x72, 0x74, 0x75, 0x77, 0x78, 0x7a, 0x7b, 0x7d, 0x7e,
  0x80, 0x81, 0x82, 0x84, 0x85, 0x87, 0x88, 0x8a, 0x8b, 0x8d, 0x8e, 0x8f, 0x91, 0x92, 0x94, 0x95,
  0x97, 0x98, 0x99, 0x9b, 0x9c, 0x9e, 0x9f, 0xa0, 0xa2, 0xa3, 0xa5, 0xa6, 0xa7, 0xa9, 0xaa, 0xac,
  0xad, 0xae, 0xb0, 0xb1, 0xb2, 0xb4, 0xb5, 0xb6, 0xb8, 0xb9, 0xba, 0xbb, 0xbd, 0xbe, 0xbf, 0xc0,
  0xc2, 0xc3, 0xc4, 0xc5, 0xc6, 0xc8, 0xc9, 0xca, 0xcb, 0xcc, 0xcd, 0xcf, 0xd0, 0xd1, 0xd2, 0xd3,
  0xd4, 0xd5, 0xd6, 0xd7, 0xd8, 0xd9, 0xda, 0xdb, 0xdc, 0xdd, 0xde, 0xdf, 0xe0, 0xe1, 0xe2, 0xe3,
  0xe4, 0xe5, 0xe6, 0xe7, 0xe7, 0xe8, 0xe9, 0xea, 0xeb, 0xeb, 0xec, 0xed, 0xee, 0xee, 0xef, 0xf0,
  0xf1, 0xf1, 0xf2, 0xf3, 0xf3, 0xf4, 0xf5, 0xf5, 0xf6, 0xf6, 0xf7, 0xf7, 0xf8, 0xf9, 0xf9, 0xfa,
  0xfa, 0xfa, 0xfb, 0xfb, 0xfc, 0xfc, 0xfc, 0xfd, 0xfd, 0xfd, 0xfd, 0xfd, 0xfe, 0xfe, 0xfe, 0xfe,
  0xfe, 0xfe, 0xfe, 0xfe, 0xfe, 0xfd, 0xfd, 0xfd, 0xfd, 0xfc, 0xfc, 0xfc, 0xfb, 0xfb, 0xfb, 0xfa,
  0xfa, 0xf9, 0xf9, 0xf8, 0xf8, 0xf7, 0xf7, 0xf6, 0xf5, 0xf5, 0xf4, 0xf4, 0xf3, 0xf2, 0xf2, 0xf1,
  0xf0, 0xf0, 0xef, 0xee, 0xed, 0xed, 0xec, 0xeb, 0xea, 0xea, 0xe9, 0xe8, 0xe7, 0xe6, 0xe5, 0xe5,
  0xe4, 0xe3, 0xe2, 0xe1, 0xe0, 0xdf, 0xde, 0xdd, 0xdc, 0xdb, 0xda, 0xd9, 0xd8, 0xd7, 0xd6, 0xd5,
  0xd4, 0xd3, 0xd2, 0xd1, 0xcf, 0xce, 0xcd, 0xcc, 0xcb, 0xca, 0xc9, 0xc7, 0xc6, 0xc5, 0xc4, 0xc3,
  0xc1, 0xc0, 0xbf, 0xbe, 0xbc, 0xbb, 0xba, 0xb9, 0xb7, 0xb6, 0xb5, 0xb3, 0xb2, 0xb1, 0xaf, 0xae,
  0xad, 0xab, 0xaa, 0xa9, 0xa7, 0xa6, 0xa4, 0xa3, 0xa2, 0xa0, 0x9f, 0x9d, 0x9c, 0x9b, 0x99, 0x98,
  0x96, 0x95, 0x93, 0x92, 0x91, 0x8f, 0x8e, 0x8c, 0x8b, 0x89, 0x88, 0x87, 0x85, 0x84, 0x82, 0x81,
  0x7f, 0x7e, 0x7d, 0x7b, 0x7a, 0x78, 0x77, 0x75, 0x74, 0x72, 0x71, 0x70, 0x6e, 0x6d, 0x6b, 0x6a,
  0x68, 0x67, 0x65, 0x64, 0x62, 0x61, 0x60, 0x5e, 0x5d, 0x5b, 0x5a, 0x59, 0x57, 0x56, 0x55, 0x53,
  0x52, 0x51, 0x4f, 0x4e, 0x4d, 0x4b, 0x4a, 0x49, 0x47, 0x46, 0x45, 0x44, 0x42, 0x41, 0x40, 0x3f,
  0x3d, 0x3c, 0x3b, 0x3a, 0x38, 0x37, 0x36, 0x35, 0x33, 0x32, 0x31, 0x30, 0x2f, 0x2e, 0x2c, 0x2b,
  0x2a, 0x29, 0x28, 0x27, 0x26, 0x25, 0x24, 0x23, 0x22, 0x21, 0x20, 0x1f, 0x1e, 0x1d, 0x1c, 0x1b,
  0x1a, 0x1a, 0x19, 0x18, 0x17, 0x16, 0x16, 0x15, 0x14, 0x13, 0x13, 0x12, 0x11, 0x10, 0x10, 0x0f,
  0x0e, 0x0e, 0x0d, 0x0c, 0x0c, 0x0b, 0x0a, 0x0a, 0x09, 0x09, 0x08, 0x07, 0x07, 0x06, 0x06, 0x05,
  0x05, 0x04, 0x04, 0x03, 0x03, 0x03, 0x02, 0x02, 0x02, 0x02, 0x01, 0x01, 0x01, 0x01, 0x01, 0x01,
  0x01, 0x01, 0x01, 0x01, 0x01, 0x01, 0x02, 0x02, 0x02, 0x02, 0x03, 0x03, 0x03, 0x04, 0x04, 0x05,
  0x05, 0x06, 0x06, 0x07, 0x07, 0x08, 0x08, 0x09, 0x09, 0x0a, 0x0a, 0x0b, 0x0c, 0x0c, 0x0d, 0x0e,
  0x0e, 0x0f, 0x10, 0x10, 0x11, 0x12, 0x13, 0x14, 0x14, 0x15, 0x16, 0x17, 0x18, 0x18, 0x19, 0x1a,
  0x1b, 0x1c, 0x1d, 0x1e, 0x1f, 0x20, 0x21, 0x22, 0x23, 0x24, 0x25, 0x26, 0x27, 0x28, 0x29, 0x2a,
  0x2b, 0x2c, 0x2d, 0x2e, 0x2f, 0x30, 0x32, 0x33, 0x34, 0x35, 0x36, 0x37, 0x39, 0x3a, 0x3b, 0x3c,
  0x3d, 0x3f, 0x40, 0x41, 0x42, 0x44, 0x45, 0x46, 0x47, 0x49, 0x4a, 0x4b, 0x4d, 0x4e, 0x4f, 0x51,
  0x52, 0x53, 0x55, 0x56, 0x58, 0x59, 0x5a, 0x5c, 0x5d, 0x5f, 0x60, 0x61, 0x63, 0x64, 0x66, 0x67,
  0x68, 0x6a, 0x6b, 0x6d, 0x6e, 0x70, 0x71, 0x73, 0x74, 0x75, 0x77, 0x78, 0x7a, 0x7b, 0x7d, 0x7e,
  0x80, 0x81, 0x82, 0x83, 0x85, 0x86, 0x87, 0x89, 0x8a, 0x8b, 0x8d, 0x8e, 0x8f, 0x91, 0x92, 0x93,
  0x95, 0x96, 0x97, 0x99, 0x9a, 0x9b, 0x9d, 0x9e, 0x9f, 0xa1, 0xa2, 0xa3, 0xa5, 0xa6, 0xa7, 0xa8,
  0xaa, 0xab, 0xac, 0xad, 0xaf, 0xb0, 0xb1, 0xb2, 0xb4, 0xb5, 0xb6, 0xb7, 0xb8, 0xba, 0xbb, 0xbc,
  0xbd, 0xbe, 0xbf, 0xc1, 0xc2, 0xc3, 0xc4, 0xc5, 0xc6, 0xc7, 0xc8, 0xca, 0xcb, 0xcc, 0xcd, 0xce,
  0xcf, 0xd0, 0xd1, 0xd2, 0xd3, 0xd4, 0xd5, 0xd6, 0xd7, 0xd8, 0xd9, 0xda, 0xdb, 0xdc, 0xdd, 0xde,
  0xdf, 0xe0, 0xe1, 0xe2, 0xe3, 0xe3, 0xe4, 0xe5, 0xe6, 0xe7, 0xe7, 0xe8, 0xe9, 0xea, 0xeb, 0xeb,
  0xec, 0xed, 0xee, 0xee, 0xef, 0xf0, 0xf1, 0xf1, 0xf2, 0xf3, 0xf4, 0xf4, 0xf5, 0xf6, 0xf6, 0xf7,
  0xf8, 0xf8, 0xf9, 0xf9, 0xfa, 0xfa, 0xfb, 0xfb, 0xfc, 0xfc, 0xfc, 0xfd, 0xfd, 0xfd, 0xfd, 0xfd,
  0xfd, 0xfd, 0xfd, 0xfd, 0xfd, 0xfc, 0xfc, 0xfc, 0xfc, 0xfb, 0xfb, 0xfa, 0xfa, 0xf9, 0xf9, 0xf8,
  0xf7, 0xf7, 0xf6, 0xf5, 0xf5, 0xf4, 0xf3, 0xf2, 0xf2, 0xf1, 0xf0, 0xef, 0xef, 0xee, 0xed, 0xec,
  0xec, 0xeb, 0xea, 0xe9, 0xe9, 0xe8, 0xe7, 0xe6, 0xe5, 0xe5, 0xe4, 0xe3, 0xe2, 0xe1, 0xe1, 0xe0,
  0xdf, 0xde, 0xdd, 0xdc, 0xdb, 0xda, 0xd9, 0xd8, 0xd7, 0xd6, 0xd5, 0xd4, 0xd3, 0xd2, 0xd1, 0xd0,
  0xcf, 0xce, 0xcd, 0xcb, 0xca, 0xc9, 0xc8, 0xc7, 0xc6, 0xc5, 0xc4, 0xc2, 0xc1, 0xc0, 0xbf, 0xbe,
  0xbd, 0xbb, 0xba, 0xb9, 0xb8, 0xb7, 0xb6, 0xb4, 0xb3, 0xb2, 0xb1, 0xb0, 0xae, 0xad, 0xac, 0xab,
  0xa9, 0xa8, 0xa7, 0xa5, 0xa4, 0xa3, 0xa2, 0xa0, 0x9f, 0x9e, 0x9c, 0x9b, 0x9a, 0x98, 0x97, 0x96,
  0x94, 0x93, 0x92, 0x90, 0x8f, 0x8e, 0x8c, 0x8b, 0x8a, 0x88, 0x87, 0x86, 0x84, 0x83, 0x82, 0x81,
  0x7f, 0x7e, 0x7d, 0x7b, 0x7a, 0x79, 0x77, 0x76, 0x75, 0x73, 0x72, 0x71, 0x6f, 0x6e, 0x6d, 0x6b,
  0x6a, 0x68, 0x67, 0x66, 0x64, 0x63, 0x62, 0x60, 0x5f, 0x5e, 0x5d, 0x5b, 0x5a, 0x59, 0x57, 0x56,
  0x55, 0x54, 0x52, 0x51, 0x50, 0x4f, 0x4e, 0x4c, 0x4b, 0x4a, 0x49, 0x48, 0x46, 0x45, 0x44, 0x43,
  0x42, 0x40, 0x3f, 0x3e, 0x3d, 0x3c, 0x3b, 0x39, 0x38, 0x37, 0x36, 0x35, 0x34, 0x33, 0x31, 0x30,
  0x2f, 0x2e, 0x2d, 0x2c, 0x2b, 0x2a, 0x29, 0x28, 0x27, 0x26, 0x25, 0x24, 0x23, 0x22, 0x21, 0x20,
  0x1f, 0x1e, 0x1e, 0x1d, 0x1c, 0x1b, 0x1a, 0x1a, 0x19, 0x18, 0x17, 0x16, 0x16, 0x15, 0x14, 0x13,
  0x13, 0x12, 0x11, 0x10, 0x0f, 0x0f, 0x0e, 0x0d, 0x0c, 0x0c, 0x0b, 0x0a, 0x0a, 0x09, 0x08, 0x07,
  0x07, 0x06, 0x06, 0x05, 0x05, 0x04, 0x04, 0x03, 0x03, 0x03, 0x02, 0x02, 0x02, 0x02, 0x02, 0x02,
  0x02, 0x02, 0x02, 0x02, 0x02, 0x02, 0x03, 0x03, 0x03, 0x04, 0x04, 0x05, 0x05, 0x06, 0x06, 0x07,
  0x07, 0x08, 0x09, 0x09, 0x0a, 0x0b, 0x0b, 0x0c, 0x0d, 0x0e, 0x0e, 0x0f, 0x10, 0x11, 0x11, 0x12,
  0x13, 0x14, 0x14, 0x15, 0x16, 0x17, 0x18, 0x18, 0x19, 0x1a, 0x1b, 0x1c, 0x1c, 0x1d, 0x1e, 0x1f,
  0x20, 0x21, 0x22, 0x23, 0x24, 0x25, 0x26, 0x27, 0x28, 0x29, 0x2a, 0x2b, 0x2c, 0x2d, 0x2e, 0x2f,
  0x30, 0x31, 0x32, 0x33, 0x34, 0x35, 0x37, 0x38, 0x39, 0x3a, 0x3b, 0x3c, 0x3d, 0x3e, 0x40, 0x41,
  0x42, 0x43, 0x44, 0x45, 0x47, 0x48, 0x49, 0x4a, 0x4b, 0x4d, 0x4e, 0x4f, 0x50, 0x52, 0x53, 0x54,
  0x55, 0x57, 0x58, 0x59, 0x5a, 0x5c, 0x5d, 0x5e, 0x60, 0x61, 0x62, 0x64, 0x65, 0x66, 0x68, 0x69,
  0x6a, 0x6c, 0x6d, 0x6e, 0x70, 0x71, 0x72, 0x74, 0x75, 0x76, 0x78, 0x79, 0x7a, 0x7c, 0x7d, 0x7e,
  0x80, 0x81, 0x82, 0x83, 0x84, 0x86, 0x87, 0x88, 0x89, 0x8a, 0x8c, 0x8d, 0x8e, 0x8f, 0x90, 0x92,
  0x93, 0x94, 0x95, 0x97, 0x98, 0x99, 0x9a, 0x9c, 0x9d, 0x9e, 0x9f, 0xa0, 0xa2, 0xa3, 0xa4, 0xa5,
  0xa6, 0xa8, 0xa9, 0xaa, 0xab, 0xac, 0xad, 0xae, 0xb0, 0xb1, 0xb2, 0xb3, 0xb4, 0xb5, 0xb6, 0xb7,
  0xb8, 0xba, 0xbb, 0xbc, 0xbd, 0xbe, 0xbf, 0xc0, 0xc1, 0xc2, 0xc3, 0xc5, 0xc6, 0xc7, 0xc8, 0xc9,
  0xca, 0xcb, 0xcc, 0xcd, 0xce, 0xcf, 0xd0, 0xd1, 0xd2, 0xd3, 0xd4, 0xd5, 0xd6, 0xd7, 0xd8, 0xd9,
  0xda, 0xdb, 0xdc, 0xdd, 0xde, 0xde, 0xdf, 0xe0, 0xe1, 0xe2, 0xe3, 0xe3, 0xe4, 0xe5, 0xe6, 0xe7,
  0xe8, 0xe9, 0xe9, 0xea, 0xeb, 0xec, 0xed, 0xee, 0xef, 0xf0, 0xf1, 0xf1, 0xf2, 0xf3, 0xf4, 0xf5,
  0xf6, 0xf6, 0xf7, 0xf8, 0xf8, 0xf9, 0xfa, 0xfa, 0xfb, 0xfb, 0xfb, 0xfc, 0xfc, 0xfc, 0xfc, 0xfc,
  0xfc, 0xfc, 0xfc, 0xfc, 0xfc, 0xfb, 0xfb, 0xfb, 0xfa, 0xfa, 0xf9, 0xf8, 0xf8, 0xf7, 0xf6, 0xf6,
  0xf5, 0xf4, 0xf3, 0xf2, 0xf1, 0xf1, 0xf0, 0xef, 0xee, 0xed, 0xec, 0xeb, 0xeb, 0xea, 0xe9, 0xe8,
  0xe7, 0xe6, 0xe5, 0xe5, 0xe4, 0xe3, 0xe2, 0xe1, 0xe0, 0xdf, 0xdf, 0xde, 0xdd, 0xdc, 0xdb, 0xda,
  0xd9, 0xd8, 0xd7, 0xd6, 0xd5, 0xd4, 0xd3, 0xd2, 0xd1, 0xd0, 0xcf, 0xce, 0xcd, 0xcc, 0xcb, 0xca,
  0xc9, 0xc8, 0xc7, 0xc6, 0xc5, 0xc4, 0xc3, 0xc2, 0xc0, 0xbf, 0xbe, 0xbd, 0xbc, 0xbb, 0xba, 0xb9,
  0xb8, 0xb7, 0xb6, 0xb5, 0xb4, 0xb2, 0xb1, 0xb0, 0xaf, 0xae, 0xad, 0xac, 0xab, 0xa9, 0xa8, 0xa7,
  0xa6, 0xa5, 0xa3, 0xa2, 0xa1, 0xa0, 0x9f, 0x9d, 0x9c, 0x9b, 0x9a, 0x98, 0x97, 0x96, 0x95, 0x94,
  0x92, 0x91, 0x90, 0x8f, 0x8d, 0x8c, 0x8b, 0x8a, 0x89, 0x87, 0x86, 0x85, 0x84, 0x83, 0x81, 0x80,
  0x7f, 0x7e, 0x7d, 0x7b, 0x7a, 0x79, 0x78, 0x77, 0x75, 0x74, 0x73, 0x72, 0x70, 0x6f, 0x6e, 0x6d,
  0x6b, 0x6a, 0x69, 0x68, 0x66, 0x65, 0x64, 0x63, 0x61, 0x60, 0x5f, 0x5e, 0x5d, 0x5b, 0x5a, 0x59,
  0x58, 0x57, 0x56, 0x55, 0x53, 0x52, 0x51, 0x50, 0x4f, 0x4e, 0x4d, 0x4c, 0x4a, 0x49, 0x48, 0x47,
  0x46, 0x45, 0x44, 0x43, 0x42, 0x40, 0x3f, 0x3e, 0x3d, 0x3c, 0x3b, 0x3a, 0x39, 0x37, 0x36, 0x35,
  0x34, 0x33, 0x32, 0x31, 0x30, 0x2f, 0x2e, 0x2d, 0x2c, 0x2b, 0x2a, 0x29, 0x28, 0x27, 0x26, 0x25,
  0x24, 0x23, 0x23, 0x22, 0x21, 0x20, 0x1f, 0x1e, 0x1d, 0x1d, 0x1c, 0x1b, 0x1a, 0x19, 0x18, 0x18,
  0x17, 0x16, 0x15, 0x14, 0x13, 0x12, 0x12, 0x11, 0x10, 0x0f, 0x0e, 0x0d, 0x0c, 0x0b, 0x0b, 0x0a,
  0x09, 0x08, 0x07, 0x07, 0x06, 0x05, 0x05, 0x04, 0x04, 0x03, 0x03, 0x03, 0x03, 0x02, 0x02, 0x02,
  0x02, 0x02, 0x02, 0x03, 0x03, 0x03, 0x03, 0x04, 0x04, 0x05, 0x05, 0x06, 0x07, 0x07, 0x08, 0x09,
  0x0a, 0x0a, 0x0b, 0x0c, 0x0d, 0x0e, 0x0f, 0x0f, 0x10, 0x11, 0x12, 0x13, 0x14, 0x15, 0x16, 0x16,
  0x17, 0x18, 0x19, 0x1a, 0x1b, 0x1b, 0x1c, 0x1d, 0x1e, 0x1f, 0x20, 0x21, 0x21, 0x22, 0x23, 0x24,
  0x25, 0x26, 0x27, 0x28, 0x29, 0x2a, 0x2b, 0x2c, 0x2d, 0x2e, 0x2f, 0x30, 0x31, 0x32, 0x33, 0x34,
  0x35, 0x36, 0x37, 0x38, 0x39, 0x3a, 0x3c, 0x3d, 0x3e, 0x3f, 0x40, 0x41, 0x42, 0x43, 0x44, 0x45,
  0x47, 0x48, 0x49, 0x4a, 0x4b, 0x4c, 0x4d, 0x4e, 0x4f, 0x51, 0x52, 0x53, 0x54, 0x55, 0x56, 0x57,
  0x59, 0x5a, 0x5b, 0x5c, 0x5d, 0x5f, 0x60, 0x61, 0x62, 0x63, 0x65, 0x66, 0x67, 0x68, 0x6a, 0x6b,
  0x6c, 0x6d, 0x6f, 0x70, 0x71, 0x72, 0x73, 0x75, 0x76, 0x77, 0x78, 0x7a, 0x7b, 0x7c, 0x7d, 0x7e,
  0x80, 0x81, 0x82, 0x83, 0x84, 0x85, 0x86, 0x87, 0x88, 0x89, 0x8a, 0x8c, 0x8d, 0x8e, 0x8f, 0x90,
  0x91, 0x92, 0x93, 0x95, 0x96, 0x97, 0x98, 0x99, 0x9a, 0x9b, 0x9d, 0x9e, 0x9f, 0xa0, 0xa1, 0xa2,
  0xa3, 0xa4, 0xa5, 0xa6, 0xa7, 0xa8, 0xaa, 0xab, 0xac, 0xad, 0xae, 0xaf, 0xb0, 0xb1, 0xb2, 0xb3,
  0xb4, 0xb5, 0xb6, 0xb7, 0xb8, 0xb9, 0xba, 0xbb, 0xbc, 0xbd, 0xbe, 0xc0, 0xc1, 0xc2, 0xc3, 0xc4,
  0xc5, 0xc6, 0xc7, 0xc8, 0xc9, 0xca, 0xcb, 0xcc, 0xcd, 0xcf, 0xcf, 0xd0, 0xd1, 0xd2, 0xd3, 0xd4,
  0xd5, 0xd6, 0xd7, 0xd8, 0xd9, 0xda, 0xda, 0xdb, 0xdc, 0xdd, 0xde, 0xdf, 0xe0, 0xe0, 0xe1, 0xe2,
  0xe3, 0xe4, 0xe5, 0xe6, 0xe7, 0xe8, 0xe9, 0xea, 0xeb, 0xec, 0xed, 0xee, 0xef, 0xf0, 0xf1, 0xf2,
  0xf3, 0xf4, 0xf5, 0xf6, 0xf7, 0xf8, 0xf8, 0xf9, 0xf9, 0xfa, 0xfa, 0xfb, 0xfb, 0xfb, 0xfc, 0xfc,
  0xfc, 0xfc, 0xfb, 0xfb, 0xfb, 0xfa, 0xfa, 0xf9, 0xf9, 0xf8, 0xf8, 0xf7, 0xf6, 0xf5, 0xf4, 0xf3,
  0xf2, 0xf1, 0xf0, 0xef, 0xee, 0xed, 0xec, 0xeb, 0xea, 0xe9, 0xe8, 0xe7, 0xe6, 0xe5, 0xe4, 0xe3,
  0xe2, 0xe2, 0xe1, 0xe0, 0xdf, 0xde, 0xdd, 0xdc, 0xdb, 0xda, 0xda, 0xd9, 0xd8, 0xd7, 0xd6, 0xd5,
  0xd4, 0xd3, 0xd2, 0xd1, 0xd0, 0xd0, 0xcf, 0xce, 0xcc, 0xcb, 0xca, 0xc9, 0xc8, 0xc7, 0xc6, 0xc5,
  0xc4, 0xc3, 0xc2, 0xc1, 0xc0, 0xbf, 0xbe, 0xbd, 0xbb, 0xba, 0xb9, 0xb8, 0xb7, 0xb6, 0xb5, 0xb4,
  0xb3, 0xb2, 0xb1, 0xb0, 0xaf, 0xae, 0xad, 0xac, 0xab, 0xaa, 0xa9, 0xa8, 0xa7, 0xa6, 0xa5, 0xa3,
  0xa2, 0xa1, 0xa0, 0x9f, 0x9e, 0x9d, 0x9c, 0x9b, 0x99, 0x98, 0x97, 0x96, 0x95, 0x94, 0x93, 0x91,
  0x90, 0x8f, 0x8e, 0x8d, 0x8c, 0x8b, 0x8a, 0x89, 0x87, 0x86, 0x85, 0x84, 0x83, 0x82, 0x81, 0x80,
  0x7f, 0x7e, 0x7d, 0x7c, 0x7a, 0x79, 0x78, 0x77, 0x76, 0x75, 0x74, 0x73, 0x72, 0x70, 0x6f, 0x6e,
  0x6d, 0x6c, 0x6b, 0x6a, 0x68, 0x67, 0x66, 0x65, 0x64, 0x63, 0x62, 0x60, 0x5f, 0x5e, 0x5d, 0x5c,
  0x5b, 0x5a, 0x59, 0x58, 0x57, 0x56, 0x55, 0x54, 0x53, 0x52, 0x51, 0x50, 0x4f, 0x4e, 0x4c, 0x4b,
  0x4a, 0x49, 0x48, 0x47, 0x46, 0x45, 0x44, 0x43, 0x42, 0x41, 0x40, 0x3f, 0x3e, 0x3c, 0x3b, 0x3a,
  0x39, 0x38, 0x37, 0x36, 0x35, 0x34, 0x33, 0x32, 0x31, 0x30, 0x2f, 0x2e, 0x2d, 0x2c, 0x2b, 0x2a,
  0x29, 0x28, 0x27, 0x26, 0x26, 0x25, 0x24, 0x23, 0x22, 0x21, 0x20, 0x20, 0x1f, 0x1e, 0x1d, 0x1c,
  0x1b, 0x1a, 0x19, 0x18, 0x17, 0x16, 0x15, 0x14, 0x13, 0x12, 0x11, 0x10, 0x0f, 0x0e, 0x0d, 0x0c,
  0x0b, 0x0a, 0x09, 0x08, 0x08, 0x07, 0x06, 0x05, 0x05, 0x04, 0x04, 0x03, 0x03, 0x03, 0x03, 0x03,
  0x03, 0x03, 0x03, 0x03, 0x03, 0x04, 0x04, 0x05, 0x05, 0x06, 0x07, 0x07, 0x08, 0x09, 0x0a, 0x0b,
  0x0c, 0x0d, 0x0e, 0x0f, 0x10, 0x11, 0x12, 0x13, 0x14, 0x15, 0x16, 0x17, 0x18, 0x19, 0x1a, 0x1b,
  0x1c, 0x1d, 0x1e, 0x1e, 0x1f, 0x20, 0x21, 0x22, 0x23, 0x24, 0x25, 0x25, 0x26, 0x27, 0x28, 0x29,
  0x2a, 0x2b, 0x2c, 0x2d, 0x2e, 0x2f, 0x30, 0x31, 0x32, 0x33, 0x34, 0x35, 0x36, 0x37, 0x38, 0x39,
  0x3a, 0x3b, 0x3c, 0x3d, 0x3e, 0x3f, 0x41, 0x42, 0x43, 0x44, 0x45, 0x46, 0x47, 0x48, 0x49, 0x4a,
  0x4b, 0x4c, 0x4d, 0x4e, 0x4f, 0x50, 0x51, 0x52, 0x53, 0x54, 0x55, 0x56, 0x58, 0x59, 0x5a, 0x5b,
  0x5c, 0x5d, 0x5e, 0x5f, 0x60, 0x61, 0x62, 0x64, 0x65, 0x66, 0x67, 0x68, 0x69, 0x6a, 0x6c, 0x6d,
  0x6e, 0x6f, 0x70, 0x71, 0x72, 0x73, 0x75, 0x76, 0x77, 0x78, 0x79, 0x7a, 0x7b, 0x7c, 0x7d, 0x7e,
  0x80, 0x81, 0x82, 0x83, 0x84, 0x85, 0x86, 0x87, 0x88, 0x89, 0x8a, 0x8b, 0x8c, 0x8d, 0x8e, 0x8f,
  0x90, 0x91, 0x92, 0x93, 0x94, 0x95, 0x96, 0x97, 0x98, 0x99, 0x9a, 0x9b, 0x9c, 0x9d, 0x9e, 0x9f,
  0xa0, 0xa1, 0xa2, 0xa3, 0xa4, 0xa5, 0xa6, 0xa7, 0xa8, 0xa9, 0xaa, 0xab, 0xac, 0xad, 0xae, 0xaf,
  0xb0, 0xb1, 0xb2, 0xb3, 0xb4, 0xb5, 0xb6, 0xb7, 0xb8, 0xb9, 0xba, 0xbb, 0xbc, 0xbd, 0xbe, 0xbf,
  0xc0, 0xc1, 0xc2, 0xc3, 0xc4, 0xc5, 0xc6, 0xc8, 0xc9, 0xca, 0xcb, 0xcc, 0xcd, 0xcd, 0xce, 0xcf,
  0xd0, 0xd1, 0xd2, 0xd3, 0xd4, 0xd5, 0xd6, 0xd7, 0xd8, 0xd8, 0xd9, 0xda, 0xdb, 0xdc, 0xdd, 0xde,
  0xdf, 0xe0, 0xe1, 0xe2, 0xe4, 0xe5, 0xe6, 0xe7, 0xe8, 0xe9, 0xea, 0xec, 0xed, 0xee, 0xef, 0xf0,
  0xf1, 0xf2, 0xf4, 0xf5, 0xf5, 0xf6, 0xf7, 0xf8, 0xf9, 0xf9, 0xfa, 0xfa, 0xfb, 0xfb, 0xfb, 0xfb,
  0xfb, 0xfb, 0xfb, 0xfb, 0xfa, 0xfa, 0xf9, 0xf9, 0xf8, 0xf7, 0xf6, 0xf5, 0xf5, 0xf4, 0xf2, 0xf1,
  0xf0, 0xef, 0xee, 0xed, 0xec, 0xea, 0xe9, 0xe8, 0xe7, 0xe6, 0xe5, 0xe4, 0xe2, 0xe1, 0xe0, 0xdf,
  0xde, 0xdd, 0xdc, 0xdb, 0xda, 0xd9, 0xd8, 0xd8, 0xd7, 0xd6, 0xd5, 0xd4, 0xd3, 0xd2, 0xd1, 0xd0,
  0xcf, 0xce, 0xcd, 0xcd, 0xcc, 0xcb, 0xca, 0xc9, 0xc8, 0xc6, 0xc5, 0xc4, 0xc3, 0xc2, 0xc1, 0xc0,
  0xbf, 0xbe, 0xbd, 0xbc, 0xbb, 0xba, 0xb9, 0xb8, 0xb7, 0xb6, 0xb5, 0xb4, 0xb3, 0xb2, 0xb1, 0xb0,
  0xaf, 0xae, 0xad, 0xac, 0xab, 0xaa, 0xa9, 0xa8, 0xa7, 0xa6, 0xa5, 0xa4, 0xa3, 0xa2, 0xa1, 0xa0,
  0x9f, 0x9e, 0x9d, 0x9c, 0x9b, 0x9a, 0x99, 0x98, 0x97, 0x96, 0x95, 0x94, 0x93, 0x92, 0x91, 0x90,
  0x8f, 0x8e, 0x8d, 0x8c, 0x8b, 0x8a, 0x89, 0x88, 0x87, 0x86, 0x85, 0x84, 0x83, 0x82, 0x81, 0x80,
  0x7f, 0x7e, 0x7d, 0x7c, 0x7b, 0x7a, 0x79, 0x78, 0x77, 0x76, 0x75, 0x74, 0x73, 0x72, 0x71, 0x70,
  0x6f, 0x6e, 0x6d, 0x6c, 0x6b, 0x6a, 0x69, 0x68, 0x67, 0x66, 0x65, 0x64, 0x63, 0x62, 0x61, 0x60,
  0x5f, 0x5e, 0x5d, 0x5c, 0x5b, 0x5a, 0x59, 0x58, 0x57, 0x56, 0x55, 0x54, 0x53, 0x52, 0x51, 0x50,
  0x4f, 0x4e, 0x4d, 0x4c, 0x4b, 0x4a, 0x49, 0x48, 0x47, 0x46, 0x45, 0x44, 0x43, 0x42, 0x41, 0x40,
  0x3f, 0x3e, 0x3d, 0x3c, 0x3b, 0x3a, 0x39, 0x37, 0x36, 0x35, 0x34, 0x33, 0x32, 0x32, 0x31, 0x30,
  0x2f, 0x2e, 0x2d, 0x2c, 0x2b, 0x2a, 0x29, 0x28, 0x27, 0x27, 0x26, 0x25, 0x24, 0x23, 0x22, 0x21,
  0x20, 0x1f, 0x1e, 0x1d, 0x1b, 0x1a, 0x19, 0x18, 0x17, 0x16, 0x15, 0x13, 0x12, 0x11, 0x10, 0x0f,
  0x0e, 0x0d, 0x0b, 0x0a, 0x0a, 0x09, 0x08, 0x07, 0x06, 0x06, 0x05, 0x05, 0x04, 0x04, 0x04, 0x04,
  0x04, 0x04, 0x04, 0x04, 0x05, 0x05, 0x06, 0x06, 0x07, 0x08, 0x09, 0x0a, 0x0a, 0x0b, 0x0d, 0x0e,
  0x0f, 0x10, 0x11, 0x12, 0x13, 0x15, 0x16, 0x17, 0x18, 0x19, 0x1a, 0x1b, 0x1d, 0x1e, 0x1f, 0x20,
  0x21, 0x22, 0x23, 0x24, 0x25, 0x26, 0x27, 0x27, 0x28, 0x29, 0x2a, 0x2b, 0x2c, 0x2d, 0x2e, 0x2f,
  0x30, 0x31, 0x32, 0x32, 0x33, 0x34, 0x35, 0x36, 0x37, 0x39, 0x3a, 0x3b, 0x3c, 0x3d, 0x3e, 0x3f,
  0x40, 0x41, 0x42, 0x43, 0x44, 0x45, 0x46, 0x47, 0x48, 0x49, 0x4a, 0x4b, 0x4c, 0x4d, 0x4e, 0x4f,
  0x50, 0x51, 0x52, 0x53, 0x54, 0x55, 0x56, 0x57, 0x58, 0x59, 0x5a, 0x5b, 0x5c, 0x5d, 0x5e, 0x5f,
  0x60, 0x61, 0x62, 0x63, 0x64, 0x65, 0x66, 0x67, 0x68, 0x69, 0x6a, 0x6b, 0x6c, 0x6d, 0x6e, 0x6f,
  0x70, 0x71, 0x72, 0x73, 0x74, 0x75, 0x76, 0x77, 0x78, 0x79, 0x7a, 0x7b, 0x7c, 0x7d, 0x7e, 0x7f,
  0x7f, 0x80, 0x81, 0x82, 0x83, 0x83, 0x84, 0x85, 0x86, 0x87, 0x88, 0x89, 0x89, 0x8a, 0x8b, 0x8c,
  0x8d, 0x8e, 0x8f, 0x91, 0x92, 0x93, 0x94, 0x95, 0x96, 0x97, 0x98, 0x99, 0x9a, 0x9b, 0x9c, 0x9c,
  0x9d, 0x9e, 0x9f, 0xa0, 0xa1, 0xa1, 0xa2, 0xa3, 0xa4, 0xa4, 0xa5, 0xa6, 0xa7, 0xa7, 0xa8, 0xa9,
  0xaa, 0xab, 0xac, 0xac, 0xad, 0xae, 0xaf, 0xb0, 0xb1, 0xb2, 0xb3, 0xb4, 0xb5, 0xb6, 0xb7, 0xb9,
  0xba, 0xbb, 0xbc, 0xbd, 0xbe, 0xbf, 0xc0, 0xc1, 0xc1, 0xc2, 0xc3, 0xc4, 0xc5, 0xc6, 0xc6, 0xc7,
  0xc8, 0xc9, 0xc9, 0xca, 0xcb, 0xcb, 0xcc, 0xcd, 0xce, 0xce, 0xcf, 0xd0, 0xd1, 0xd2, 0xd3, 0xd4,
  0xd5, 0xd6, 0xd7, 0xd8, 0xd9, 0xda, 0xdb, 0xdc, 0xde, 0xdf, 0xe0, 0xe1, 0xe2, 0xe3, 0xe4, 0xe5,
  0xe6, 0xe7, 0xe8, 0xe9, 0xea, 0xeb, 0xeb, 0xec, 0xec, 0xed, 0xed, 0xee, 0xee, 0xee, 0xee, 0xee,
  0xee, 0xee, 0xee, 0xee, 0xee, 0xed, 0xed, 0xed, 0xec, 0xec, 0xeb, 0xeb, 0xea, 0xea, 0xe9, 0xe9,
  0xe8, 0xe7, 0xe7, 0xe6, 0xe5, 0xe5, 0xe4, 0xe3, 0xe2, 0xe1, 0xe1, 0xe0, 0xdf, 0xde, 0xdd, 0xdc,
  0xdb, 0xdb, 0xda, 0xd9, 0xd8, 0xd7, 0xd6, 0xd5, 0xd5, 0xd4, 0xd3, 0xd2, 0xd2, 0xd1, 0xd0, 0xd0,
  0xcf, 0xcf, 0xce, 0xce, 0xcd, 0xcd, 0xcc, 0xcc, 0xcb, 0xcb, 0xca, 0xca, 0xc9, 0xc8, 0xc8, 0xc7,
  0xc7, 0xc6, 0xc5, 0xc4, 0xc4, 0xc3, 0xc2, 0xc1, 0xc0, 0xbf, 0xbe, 0xbd, 0xbc, 0xbb, 0xba, 0xb9,
  0xb8, 0xb7, 0xb6, 0xb5, 0xb5, 0xb4, 0xb3, 0xb2, 0xb2, 0xb1, 0xb1, 0xb0, 0xb0, 0xb0, 0xaf, 0xaf,
  0xaf, 0xaf, 0xaf, 0xaf, 0xae, 0xae, 0xae, 0xae, 0xad, 0xad, 0xac, 0xab, 0xab, 0xaa, 0xa9, 0xa7,
  0xa6, 0xa4, 0xa3, 0xa1, 0x9f, 0x9d, 0x9a, 0x98, 0x95, 0x93, 0x90, 0x8d, 0x8a, 0x87, 0x84, 0x81,
  0x7d, 0x7a, 0x77, 0x74, 0x71, 0x6e, 0x6b, 0x69, 0x66, 0x64, 0x61, 0x5f, 0x5d, 0x5b, 0x5a, 0x58,
  0x57, 0x55, 0x54, 0x53, 0x53, 0x52, 0x51, 0x51, 0x50, 0x50, 0x50, 0x50, 0x4f, 0x4f, 0x4f, 0x4f,
  0x4f, 0x4f, 0x4e, 0x4e, 0x4e, 0x4d, 0x4d, 0x4c, 0x4c, 0x4b, 0x4a, 0x49, 0x49, 0x48, 0x47, 0x46,
  0x45, 0x44, 0x43, 0x42, 0x41, 0x40, 0x3f, 0x3e, 0x3d, 0x3c, 0x3b, 0x3a, 0x3a, 0x39, 0x38, 0x37,
  0x37, 0x36, 0x36, 0x35, 0x34, 0x34, 0x33, 0x33, 0x32, 0x32, 0x31, 0x31, 0x30, 0x30, 0x2f, 0x2f,
  0x2e, 0x2e, 0x2d, 0x2c, 0x2c, 0x2b, 0x2a, 0x29, 0x29, 0x28, 0x27, 0x26, 0x25, 0x24, 0x23, 0x23,
  0x22, 0x21, 0x20, 0x1f, 0x1e, 0x1d, 0x1d, 0x1c, 0x1b, 0x1a, 0x19, 0x19, 0x18, 0x17, 0x17, 0x16,
  0x15, 0x15, 0x14, 0x14, 0x13, 0x13, 0x12, 0x12, 0x11, 0x11, 0x11, 0x10, 0x10, 0x10, 0x10, 0x10,
  0x10, 0x10, 0x10, 0x10, 0x10, 0x11, 0x11, 0x12, 0x12, 0x13, 0x13, 0x14, 0x15, 0x16, 0x17, 0x18,
  0x19, 0x1a, 0x1b, 0x1c, 0x1d, 0x1e, 0x1f, 0x20, 0x22, 0x23, 0x24, 0x25, 0x26, 0x27, 0x28, 0x29,
  0x2a, 0x2b, 0x2c, 0x2d, 0x2e, 0x2f, 0x30, 0x30, 0x31, 0x32, 0x33, 0x33, 0x34, 0x35, 0x35, 0x36,
  0x37, 0x38, 0x38, 0x39, 0x3a, 0x3b, 0x3c, 0x3d, 0x3d, 0x3e, 0x3f, 0x40, 0x41, 0x42, 0x43, 0x44,
  0x45, 0x47, 0x48, 0x49, 0x4a, 0x4b, 0x4c, 0x4d, 0x4e, 0x4f, 0x50, 0x51, 0x52, 0x52, 0x53, 0x54,
  0x55, 0x56, 0x57, 0x57, 0x58, 0x59, 0x5a, 0x5a, 0x5b, 0x5c, 0x5d, 0x5d, 0x5e, 0x5f, 0x60, 0x61,
  0x62, 0x62, 0x63, 0x64, 0x65, 0x66, 0x67, 0x68, 0x69, 0x6a, 0x6b, 0x6c, 0x6d, 0x6f, 0x70, 0x71,
  0x72, 0x73, 0x74, 0x75, 0x76, 0x76, 0x77, 0x78, 0x79, 0x7a, 0x7b, 0x7c, 0x7c, 0x7d, 0x7e, 0x7f,
  0x7f, 0x80, 0x81, 0x81, 0x82, 0x82, 0x83, 0x84, 0x84, 0x85, 0x86, 0x87, 0x88, 0x89, 0x8a, 0x8a,
  0x8b, 0x8c, 0x8d, 0x8e, 0x90, 0x91, 0x92, 0x93, 0x94, 0x95, 0x96, 0x96, 0x97, 0x98, 0x99, 0x9a,
  0x9b, 0x9b, 0x9c, 0x9d, 0x9d, 0x9e, 0x9e, 0x9f, 0xa0, 0xa0, 0xa1, 0xa1, 0xa2, 0xa2, 0xa3, 0xa4,
  0xa4, 0xa5, 0xa6, 0xa7, 0xa8, 0xa8, 0xa9, 0xaa, 0xab, 0xac, 0xad, 0xae, 0xaf, 0xb0, 0xb1, 0xb2,
  0xb3, 0xb4, 0xb5, 0xb6, 0xb7, 0xb8, 0xb9, 0xba, 0xbb, 0xbc, 0xbc, 0xbd, 0xbe, 0xbe, 0xbf, 0xbf,
  0xc0, 0xc0, 0xc1, 0xc2, 0xc2, 0xc3, 0xc3, 0xc4, 0xc4, 0xc5, 0xc6, 0xc6, 0xc7, 0xc8, 0xc9, 0xca,
  0xcb, 0xcc, 0xcd, 0xce, 0xcf, 0xd0, 0xd1, 0xd2, 0xd3, 0xd4, 0xd6, 0xd7, 0xd8, 0xd9, 0xda, 0xdb,
  0xdc, 0xdc, 0xdd, 0xde, 0xdf, 0xdf, 0xe0, 0xe0, 0xe0, 0xe1, 0xe1, 0xe1, 0xe1, 0xe1, 0xe2, 0xe2,
  0xe2, 0xe2, 0xe1, 0xe1, 0xe1, 0xe1, 0xe1, 0xe1, 0xe1, 0xe1, 0xe1, 0xe1, 0xe1, 0xe1, 0xe0, 0xe0,
  0xe0, 0xe0, 0xe0, 0xe0, 0xdf, 0xdf, 0xdf, 0xde, 0xde, 0xdd, 0xdd, 0xdc, 0xdc, 0xdb, 0xda, 0xda,
  0xd9, 0xd8, 0xd8, 0xd7, 0xd6, 0xd5, 0xd5, 0xd4, 0xd3, 0xd3, 0xd2, 0xd2, 0xd1, 0xd1, 0xd0, 0xd0,
  0xd0, 0xd0, 0xcf, 0xcf, 0xcf, 0xcf, 0xcf, 0xcf, 0xcf, 0xcf, 0xcf, 0xcf, 0xcf, 0xcf, 0xcf, 0xcf,
  0xcf, 0xce, 0xce, 0xce, 0xcd, 0xcc, 0xcc, 0xcb, 0xca, 0xc9, 0xc8, 0xc7, 0xc6, 0xc5, 0xc4, 0xc3,
  0xc2, 0xc1, 0xc0, 0xc0, 0xbf, 0xbe, 0xbe, 0xbd, 0xbd, 0xbd, 0xbd, 0xbd, 0xbd, 0xbe, 0xbe, 0xbf,
  0xbf, 0xc0, 0xc1, 0xc1, 0xc2, 0xc3, 0xc3, 0xc3, 0xc4, 0xc4, 0xc4, 0xc3, 0xc3, 0xc2, 0xc1, 0xc0,
  0xbe, 0xbc, 0xb9, 0xb7, 0xb4, 0xb0, 0xad, 0xa9, 0xa5, 0xa0, 0x9b, 0x97, 0x91, 0x8c, 0x87, 0x82,
  0x7c, 0x77, 0x72, 0x6d, 0x67, 0x63, 0x5e, 0x59, 0x55, 0x51, 0x4e, 0x4a, 0x47, 0x45, 0x42, 0x40,
  0x3e, 0x3d, 0x3c, 0x3b, 0x3b, 0x3a, 0x3a, 0x3a, 0x3b, 0x3b, 0x3b, 0x3c, 0x3d, 0x3d, 0x3e, 0x3f,
  0x3f, 0x40, 0x40, 0x41, 0x41, 0x41, 0x41, 0x41, 0x41, 0x40, 0x40, 0x3f, 0x3e, 0x3e, 0x3d, 0x3c,
  0x3b, 0x3a, 0x39, 0x38, 0x37, 0x36, 0x35, 0x34, 0x33, 0x32, 0x32, 0x31, 0x30, 0x30, 0x30, 0x2f,
  0x2f, 0x2f, 0x2f, 0x2f, 0x2f, 0x2f, 0x2f, 0x2f, 0x2f, 0x2f, 0x2f, 0x2f, 0x2f, 0x2f, 0x2f, 0x2e,
  0x2e, 0x2e, 0x2d, 0x2d, 0x2d, 0x2c, 0x2b, 0x2b, 0x2a, 0x29, 0x29, 0x28, 0x27, 0x26, 0x26, 0x25,
  0x24, 0x24, 0x23, 0x22, 0x22, 0x21, 0x21, 0x20, 0x20, 0x1f, 0x1f, 0x1f, 0x1e, 0x1e, 0x1e, 0x1e,
  0x1e, 0x1e, 0x1d, 0x1d, 0x1d, 0x1d, 0x1d, 0x1d, 0x1d, 0x1d, 0x1d, 0x1d, 0x1d, 0x1d, 0x1c, 0x1c,
  0x1c, 0x1d, 0x1d, 0x1d, 0x1d, 0x1d, 0x1d, 0x1e, 0x1e, 0x1e, 0x1f, 0x1f, 0x20, 0x21, 0x22, 0x22,
  0x23, 0x24, 0x25, 0x26, 0x27, 0x28, 0x2a, 0x2b, 0x2c, 0x2d, 0x2e, 0x2f, 0x30, 0x31, 0x32, 0x33,
  0x34, 0x35, 0x36, 0x37, 0x38, 0x38, 0x39, 0x3a, 0x3a, 0x3b, 0x3b, 0x3c, 0x3c, 0x3d, 0x3e, 0x3e,
  0x3f, 0x3f, 0x40, 0x40, 0x41, 0x42, 0x42, 0x43, 0x44, 0x45, 0x46, 0x47, 0x48, 0x49, 0x4a, 0x4b,
  0x4c, 0x4d, 0x4e, 0x4f, 0x50, 0x51, 0x52, 0x53, 0x54, 0x55, 0x56, 0x57, 0x57, 0x58, 0x59, 0x5a,
  0x5a, 0x5b, 0x5c, 0x5c, 0x5d, 0x5d, 0x5e, 0x5e, 0x5f, 0x60, 0x60, 0x61, 0x61, 0x62, 0x63, 0x63,
  0x64, 0x65, 0x66, 0x67, 0x68, 0x68, 0x69, 0x6a, 0x6b, 0x6c, 0x6d, 0x6e, 0x70, 0x71, 0x72, 0x73,
  0x74, 0x75, 0x75, 0x76, 0x77, 0x78, 0x79, 0x7a, 0x7a, 0x7b, 0x7c, 0x7c, 0x7d, 0x7e, 0x7e, 0x7f,
  0x7f, 0x80, 0x80, 0x80, 0x81, 0x81, 0x82, 0x82, 0x83, 0x84, 0x84, 0x85, 0x86, 0x87, 0x88, 0x89,
  0x89, 0x8a, 0x8b, 0x8c, 0x8d, 0x8e, 0x8f, 0x90, 0x91, 0x92, 0x93, 0x94, 0x95, 0x96, 0x97, 0x97,
  0x98, 0x98, 0x99, 0x9a, 0x9a, 0x9a, 0x9b, 0x9b, 0x9c, 0x9c, 0x9c, 0x9d, 0x9d, 0x9e, 0x9e, 0x9f,
  0x9f, 0xa0, 0xa0, 0xa1, 0xa2, 0xa2, 0xa3, 0xa4, 0xa5, 0xa6, 0xa7, 0xa8, 0xa9, 0xaa, 0xab, 0xac,
  0xad, 0xae, 0xaf, 0xb0, 0xb1, 0xb2, 0xb3, 0xb4, 0xb4, 0xb5, 0xb5, 0xb6, 0xb6, 0xb7, 0xb7, 0xb8,
  0xb8, 0xb8, 0xb9, 0xb9, 0xb9, 0xba, 0xba, 0xba, 0xbb, 0xbb, 0xbc, 0xbd, 0xbd, 0xbe, 0xbf, 0xc0,
  0xc1, 0xc2, 0xc3, 0xc4, 0xc5, 0xc6, 0xc7, 0xc8, 0xc9, 0xca, 0xcb, 0xcc, 0xcd, 0xce, 0xcf, 0xd0,
  0xd1, 0xd2, 0xd2, 0xd3, 0xd3, 0xd4, 0xd4, 0xd4, 0xd5, 0xd5, 0xd5, 0xd5, 0xd5, 0xd5, 0xd5, 0xd5,
  0xd5, 0xd5, 0xd5, 0xd5, 0xd5, 0xd5, 0xd5, 0xd6, 0xd6, 0xd6, 0xd6, 0xd7, 0xd7, 0xd7, 0xd8, 0xd8,
  0xd8, 0xd9, 0xd9, 0xd9, 0xd9, 0xd9, 0xda, 0xda, 0xd9, 0xd9, 0xd9, 0xd9, 0xd9, 0xd8, 0xd8, 0xd7,
  0xd7, 0xd6, 0xd5, 0xd5, 0xd4, 0xd4, 0xd3, 0xd2, 0xd2, 0xd1, 0xd1, 0xd1, 0xd0, 0xd0, 0xd0, 0xd0,
  0xd0, 0xd0, 0xd1, 0xd1, 0xd1, 0xd2, 0xd2, 0xd3, 0xd4, 0xd4, 0xd5, 0xd5, 0xd6, 0xd6, 0xd7, 0xd7,
  0xd7, 0xd7, 0xd7, 0xd7, 0xd6, 0xd6, 0xd6, 0xd5, 0xd4, 0xd3, 0xd2, 0xd1, 0xd0, 0xcf, 0xce, 0xcd,
  0xcc, 0xcb, 0xca, 0xca, 0xc9, 0xc9, 0xc8, 0xc8, 0xc8, 0xc9, 0xc9, 0xca, 0xcb, 0xcc, 0xcd, 0xce,
  0xd0, 0xd1, 0xd2, 0xd4, 0xd5, 0xd7, 0xd8, 0xd9, 0xda, 0xdb, 0xdb, 0xdb, 0xdb, 0xda, 0xd9, 0xd8,
  0xd6, 0xd3, 0xd0, 0xcc, 0xc8, 0xc4, 0xbf, 0xba, 0xb4, 0xad, 0xa7, 0xa0, 0x99, 0x92, 0x8a, 0x83,
  0x7b, 0x74, 0x6c, 0x65, 0x5e, 0x57, 0x51, 0x4a, 0x44, 0x3f, 0x3a, 0x36, 0x32, 0x2e, 0x2b, 0x28,
  0x26, 0x25, 0x24, 0x23, 0x23, 0x23, 0x23, 0x24, 0x25, 0x26, 0x27, 0x29, 0x2a, 0x2c, 0x2d, 0x2e,
  0x30, 0x31, 0x32, 0x33, 0x34, 0x35, 0x35, 0x36, 0x36, 0x36, 0x35, 0x35, 0x34, 0x34, 0x33, 0x32,
  0x31, 0x30, 0x2f, 0x2e, 0x2d, 0x2c, 0x2b, 0x2a, 0x29, 0x28, 0x28, 0x27, 0x27, 0x27, 0x27, 0x27,
  0x27, 0x27, 0x28, 0x28, 0x29, 0x29, 0x2a, 0x2a, 0x2b, 0x2c, 0x2c, 0x2d, 0x2d, 0x2d, 0x2e, 0x2e,
  0x2e, 0x2e, 0x2e, 0x2e, 0x2e, 0x2d, 0x2d, 0x2c, 0x2c, 0x2b, 0x2b, 0x2a, 0x29, 0x29, 0x28, 0x27,
  0x27, 0x26, 0x26, 0x25, 0x25, 0x25, 0x25, 0x25, 0x24, 0x24, 0x25, 0x25, 0x25, 0x25, 0x25, 0x26,
  0x26, 0x26, 0x27, 0x27, 0x27, 0x28, 0x28, 0x28, 0x28, 0x29, 0x29, 0x29, 0x29, 0x29, 0x29, 0x29,
  0x29, 0x29, 0x29, 0x29, 0x29, 0x29, 0x29, 0x29, 0x2a, 0x2a, 0x2a, 0x2b, 0x2b, 0x2c, 0x2c, 0x2d,
  0x2e, 0x2f, 0x30, 0x31, 0x32, 0x33, 0x34, 0x35, 0x36, 0x37, 0x38, 0x39, 0x3a, 0x3b, 0x3c, 0x3d,
  0x3e, 0x3f, 0x40, 0x41, 0x41, 0x42, 0x43, 0x43, 0x44, 0x44, 0x44, 0x45, 0x45, 0x45, 0x46, 0x46,
  0x46, 0x47, 0x47, 0x48, 0x48, 0x49, 0x49, 0x4a, 0x4a, 0x4b, 0x4c, 0x4d, 0x4e, 0x4f, 0x50, 0x51,
  0x52, 0x53, 0x54, 0x55, 0x56, 0x57, 0x58, 0x59, 0x5a, 0x5b, 0x5c, 0x5c, 0x5d, 0x5e, 0x5e, 0x5f,
  0x60, 0x60, 0x60, 0x61, 0x61, 0x62, 0x62, 0x62, 0x63, 0x63, 0x64, 0x64, 0x64, 0x65, 0x65, 0x66,
  0x67, 0x67, 0x68, 0x69, 0x6a, 0x6b, 0x6c, 0x6d, 0x6d, 0x6e, 0x70, 0x71, 0x72, 0x73, 0x74, 0x75,
  0x76, 0x76, 0x77, 0x78, 0x79, 0x7a, 0x7a, 0x7b, 0x7c, 0x7c, 0x7d, 0x7d, 0x7e, 0x7e, 0x7e, 0x7f,
  0x7f, 0x7f, 0x80, 0x80, 0x80, 0x80, 0x81, 0x81, 0x82, 0x82, 0x83, 0x83, 0x84, 0x85, 0x86, 0x87,
  0x87, 0x88, 0x89, 0x8a, 0x8b, 0x8c, 0x8d, 0x8e, 0x8f, 0x90, 0x91, 0x92, 0x93, 0x93, 0x94, 0x95,
  0x95, 0x96, 0x96, 0x96, 0x97, 0x97, 0x97, 0x97, 0x98, 0x98, 0x98, 0x98, 0x98, 0x99, 0x99, 0x99,
  0x9a, 0x9a, 0x9b, 0x9b, 0x9c, 0x9d, 0x9d, 0x9e, 0x9f, 0xa0, 0xa1, 0xa2, 0xa3, 0xa4, 0xa5, 0xa6,
  0xa7, 0xa8, 0xa9, 0xaa, 0xab, 0xac, 0xac, 0xad, 0xae, 0xae, 0xaf, 0xaf, 0xaf, 0xaf, 0xb0, 0xb0,
  0xb0, 0xb0, 0xb0, 0xb0, 0xb1, 0xb1, 0xb1, 0xb1, 0xb1, 0xb2, 0xb2, 0xb3, 0xb3, 0xb4, 0xb5, 0xb6,
  0xb6, 0xb7, 0xb8, 0xb9, 0xba, 0xbc, 0xbd, 0xbe, 0xbf, 0xc0, 0xc1, 0xc2, 0xc3, 0xc4, 0xc5, 0xc6,
  0xc6, 0xc7, 0xc7, 0xc8, 0xc8, 0xc8, 0xc9, 0xc9, 0xc9, 0xc9, 0xc9, 0xc9, 0xc9, 0xc8, 0xc8, 0xc8,
  0xc8, 0xc8, 0xc8, 0xc9, 0xc9, 0xc9, 0xca, 0xca, 0xcb, 0xcb, 0xcc, 0xcc, 0xcd, 0xce, 0xcf, 0xd0,
  0xd0, 0xd1, 0xd2, 0xd3, 0xd3, 0xd4, 0xd4, 0xd5, 0xd5, 0xd5, 0xd6, 0xd6, 0xd5, 0xd5, 0xd5, 0xd5,
  0xd4, 0xd4, 0xd3, 0xd3, 0xd2, 0xd2, 0xd1, 0xd1, 0xd0, 0xd0, 0xd0, 0xd0, 0xd0, 0xd0, 0xd0, 0xd0,
  0xd1, 0xd1, 0xd2, 0xd3, 0xd4, 0xd5, 0xd6, 0xd7, 0xd8, 0xd9, 0xda, 0xdb, 0xdc, 0xdd, 0xde, 0xdf,
  0xdf, 0xe0, 0xe0, 0xe0, 0xe0, 0xe0, 0xdf, 0xdf, 0xde, 0xdd, 0xdc, 0xdb, 0xda, 0xd9, 0xd8, 0xd7,
  0xd6, 0xd5, 0xd4, 0xd4, 0xd3, 0xd3, 0xd3, 0xd3, 0xd4, 0xd4, 0xd5, 0xd6, 0xd8, 0xda, 0xdb, 0xdd,
  0xe0, 0xe2, 0xe4, 0xe7, 0xe9, 0xeb, 0xed, 0xef, 0xf1, 0xf2, 0xf3, 0xf3, 0xf3, 0xf3, 0xf2, 0xf0,
  0xed, 0xea, 0xe7, 0xe2, 0xdd, 0xd8, 0xd1, 0xca, 0xc3, 0xbb, 0xb3, 0xaa, 0xa1, 0x97, 0x8e, 0x84,
  0x7a, 0x70, 0x67, 0x5d, 0x54, 0x4b, 0x43, 0x3b, 0x34, 0x2d, 0x26, 0x21, 0x1c, 0x17, 0x14, 0x11,
  0x0e, 0x0c, 0x0b, 0x0b, 0x0b, 0x0b, 0x0c, 0x0d, 0x0f, 0x11, 0x13, 0x15, 0x17, 0x1a, 0x1c, 0x1e,
  0x21, 0x23, 0x25, 0x26, 0x28, 0x29, 0x2a, 0x2b, 0x2b, 0x2b, 0x2b, 0x2b, 0x2a, 0x2a, 0x29, 0x28,
  0x27, 0x26, 0x25, 0x24, 0x23, 0x22, 0x21, 0x20, 0x1f, 0x1f, 0x1e, 0x1e, 0x1e, 0x1e, 0x1e, 0x1f,
  0x1f, 0x20, 0x21, 0x22, 0x23, 0x24, 0x25, 0x26, 0x27, 0x28, 0x2a, 0x2a, 0x2b, 0x2c, 0x2d, 0x2d,
  0x2e, 0x2e, 0x2e, 0x2f, 0x2e, 0x2e, 0x2e, 0x2e, 0x2d, 0x2d, 0x2c, 0x2c, 0x2b, 0x2b, 0x2a, 0x2a,
  0x29, 0x29, 0x29, 0x29, 0x28, 0x28, 0x29, 0x29, 0x29, 0x2a, 0x2a, 0x2b, 0x2b, 0x2c, 0x2d, 0x2e,
  0x2e, 0x2f, 0x30, 0x31, 0x32, 0x32, 0x33, 0x34, 0x34, 0x34, 0x35, 0x35, 0x35, 0x36, 0x36, 0x36,
  0x36, 0x36, 0x36, 0x36, 0x35, 0x35, 0x35, 0x35, 0x35, 0x36, 0x36, 0x36, 0x36, 0x37, 0x37, 0x38,
  0x38, 0x39, 0x3a, 0x3b, 0x3c, 0x3d, 0x3e, 0x3f, 0x40, 0x41, 0x42, 0x44, 0x45, 0x46, 0x47, 0x48,
  0x48, 0x49, 0x4a, 0x4b, 0x4b, 0x4c, 0x4c, 0x4d, 0x4d, 0x4d, 0x4d, 0x4d, 0x4e, 0x4e, 0x4e, 0x4e,
  0x4e, 0x4e, 0x4f, 0x4f, 0x4f, 0x4f, 0x50, 0x50, 0x51, 0x52, 0x52, 0x53, 0x54, 0x55, 0x56, 0x57,
  0x58, 0x59, 0x5a, 0x5b, 0x5c, 0x5d, 0x5e, 0x5f, 0x60, 0x61, 0x61, 0x62, 0x63, 0x63, 0x64, 0x64,
  0x65, 0x65, 0x65, 0x66, 0x66, 0x66, 0x66, 0x66, 0x67, 0x67, 0x67, 0x67, 0x68, 0x68, 0x68, 0x69,
  0x69, 0x6a, 0x6b, 0x6b, 0x6c, 0x6d, 0x6e, 0x6f, 0x70, 0x71, 0x72, 0x73, 0x74, 0x75, 0x76, 0x77,
  0x77, 0x78, 0x79, 0x7a, 0x7b, 0x7b, 0x7c, 0x7c, 0x7d, 0x7d, 0x7e, 0x7e, 0x7e, 0x7f, 0x7f, 0x7f,
  0x80, 0x80, 0x80, 0x80, 0x80, 0x80, 0x80, 0x80, 0x81, 0x81, 0x81, 0x82, 0x83, 0x83, 0x84, 0x85,
  0x86, 0x87, 0x88, 0x89, 0x8a, 0x8b, 0x8c, 0x8d, 0x8e, 0x8f, 0x8f, 0x90, 0x91, 0x92, 0x92, 0x93,
  0x93, 0x93, 0x94, 0x94, 0x94, 0x94, 0x94, 0x94, 0x94, 0x94, 0x94, 0x94, 0x94, 0x94, 0x94, 0x94,
  0x95, 0x95, 0x95, 0x96, 0x96, 0x97, 0x98, 0x99, 0x99, 0x9a, 0x9b, 0x9c, 0x9d, 0x9e, 0x9f, 0xa0,
  0xa1, 0xa2, 0xa3, 0xa4, 0xa5, 0xa6, 0xa6, 0xa7, 0xa7, 0xa8, 0xa8, 0xa8, 0xa8, 0xa8, 0xa9, 0xa9,
  0xa8, 0xa8, 0xa8, 0xa8, 0xa8, 0xa8, 0xa8, 0xa8, 0xa8, 0xa9, 0xa9, 0xa9, 0xaa, 0xaa, 0xab, 0xac,
  0xad, 0xae, 0xaf, 0xb0, 0xb1, 0xb2, 0xb3, 0xb4, 0xb5, 0xb6, 0xb7, 0xb8, 0xb9, 0xba, 0xbb, 0xbb,
  0xbc, 0xbc, 0xbd, 0xbd, 0xbd, 0xbd, 0xbd, 0xbd, 0xbd, 0xbd, 0xbd, 0xbd, 0xbc, 0xbc, 0xbc, 0xbc,
  0xbc, 0xbc, 0xbc, 0xbd, 0xbd, 0xbe, 0xbe, 0xbf, 0xc0, 0xc1, 0xc2, 0xc3, 0xc4, 0xc5, 0xc6, 0xc8,
  0xc9, 0xca, 0xcb, 0xcd, 0xce, 0xcf, 0xd0, 0xd0, 0xd1, 0xd2, 0xd2, 0xd3, 0xd3, 0xd3, 0xd3, 0xd3,
  0xd2, 0xd2, 0xd2, 0xd1, 0xd1, 0xd0, 0xd0, 0xd0, 0xcf, 0xcf, 0xcf, 0xcf, 0xcf, 0xd0, 0xd0, 0xd1,
  0xd2, 0xd2, 0xd4, 0xd5, 0xd6, 0xd8, 0xd9, 0xdb, 0xdd, 0xde, 0xe0, 0xe2, 0xe3, 0xe5, 0xe6, 0xe7,
  0xe8, 0xe9, 0xe9, 0xea, 0xea, 0xea, 0xea, 0xe9, 0xe9, 0xe8, 0xe7, 0xe6, 0xe5, 0xe4, 0xe3, 0xe2,
  0xe1, 0xe0, 0xdf, 0xde, 0xde, 0xde, 0xde, 0xdf, 0xdf, 0xe1, 0xe2, 0xe4, 0xe6, 0xe8, 0xeb, 0xee,
  0xf1, 0xf4, 0xf7, 0xfa, 0xfd, 0xff, 0xff, 0xff, 0xff, 0xff, 0xff, 0xff, 0xff, 0xff, 0xff, 0xff,
  0xff, 0xff, 0xfe, 0xf9, 0xf3, 0xec, 0xe4, 0xdc, 0xd3, 0xc9, 0xbf, 0xb4, 0xa9, 0x9d, 0x91, 0x86,
  0x7a, 0x6e, 0x62, 0x56, 0x4b, 0x40, 0x36, 0x2c, 0x23, 0x1b, 0x13, 0x0c, 0x06, 0x01, 0x00, 0x00,
  0x00, 0x00, 0x00, 0x00, 0x00, 0x00, 0x00, 0x00, 0x00, 0x00, 0x00, 0x02, 0x05, 0x08, 0x0b, 0x0e,
  0x11, 0x14, 0x17, 0x19, 0x1b, 0x1d, 0x1e, 0x20, 0x20, 0x21, 0x21, 0x21, 0x21, 0x20, 0x1f, 0x1e,
  0x1d, 0x1c, 0x1b, 0x1a, 0x19, 0x18, 0x17, 0x16, 0x16, 0x15, 0x15, 0x15, 0x15, 0x16, 0x16, 0x17,
  0x18, 0x19, 0x1a, 0x1c, 0x1d, 0x1f, 0x21, 0x22, 0x24, 0x26, 0x27, 0x29, 0x2a, 0x2b, 0x2d, 0x2d,
  0x2e, 0x2f, 0x2f, 0x30, 0x30, 0x30, 0x30, 0x30, 0x2f, 0x2f, 0x2f, 0x2e, 0x2e, 0x2d, 0x2d, 0x2d,
  0x2c, 0x2c, 0x2c, 0x2c, 0x2c, 0x2d, 0x2d, 0x2e, 0x2f, 0x2f, 0x30, 0x31, 0x32, 0x34, 0x35, 0x36,
  0x37, 0x39, 0x3a, 0x3b, 0x3c, 0x3d, 0x3e, 0x3f, 0x40, 0x41, 0x41, 0x42, 0x42, 0x43, 0x43, 0x43,
  0x43, 0x43, 0x43, 0x43, 0x42, 0x42, 0x42, 0x42, 0x42, 0x42, 0x42, 0x42, 0x42, 0x42, 0x43, 0x43,
  0x44, 0x44, 0x45, 0x46, 0x47, 0x48, 0x49, 0x4a, 0x4b, 0x4c, 0x4d, 0x4e, 0x4f, 0x50, 0x51, 0x52,
  0x53, 0x54, 0x55, 0x55, 0x56, 0x56, 0x56, 0x57, 0x57, 0x57, 0x57, 0x57, 0x57, 0x57, 0x57, 0x57,
  0x56, 0x56, 0x57, 0x57, 0x57, 0x57, 0x57, 0x58, 0x58, 0x59, 0x59, 0x5a, 0x5b, 0x5c, 0x5d, 0x5e,
  0x5f, 0x60, 0x61, 0x62, 0x63, 0x64, 0x65, 0x66, 0x66, 0x67, 0x68, 0x69, 0x69, 0x6a, 0x6a, 0x6a,
  0x6b, 0x6b, 0x6b, 0x6b, 0x6b, 0x6b, 0x6b, 0x6b, 0x6b, 0x6b, 0x6b, 0x6b, 0x6b, 0x6b, 0x6c, 0x6c,
  0x6c, 0x6d, 0x6d, 0x6e, 0x6f, 0x70, 0x70, 0x71, 0x72, 0x73, 0x74, 0x75, 0x76, 0x77, 0x78, 0x79,
  0x7a, 0x7b, 0x7c, 0x7c, 0x7d, 0x7e, 0x7e, 0x7e, 0x7f, 0x7f, 0x7f, 0x7f, 0x7f, 0x7f, 0x7f, 0x80,
  0x7f, 0x81, 0x84, 0x86, 0x88, 0x8b, 0x8d, 0x8f, 0x92, 0x94, 0x96, 0x98, 0x9a, 0x9b, 0x9d, 0x9f,
  0xa0, 0xa2, 0xa3, 0xa4, 0xa5, 0xa6, 0xa7, 0xa7, 0xa8, 0xa8, 0xa9, 0xa9, 0xa9, 0xa9, 0xa9, 0xa9,
  0xa9, 0xa8, 0xa8, 0xa8, 0xa7, 0xa7, 0xa7, 0xa7, 0xa6, 0xa6, 0xa6, 0xa6, 0xa6, 0xa6, 0xa7, 0xa7,
  0xa7, 0xa8, 0xa9, 0xa9, 0xaa, 0xab, 0xac, 0xad, 0xae, 0xaf, 0xb0, 0xb1, 0xb2, 0xb3, 0xb4, 0xb5,
  0xb5, 0xb6, 0xb7, 0xb7, 0xb8, 0xb8, 0xb9, 0xb9, 0xb9, 0xb9, 0xb9, 0xb9, 0xb9, 0xb9, 0xb8, 0xb8,
  0xb8, 0xb8, 0xb8, 0xb8, 0xb7, 0xb7, 0xb7, 0xb8, 0xb8, 0xb8, 0xb8, 0xb9, 0xb9, 0xba, 0xbb, 0xbc,
  0xbd, 0xbe, 0xbf, 0xc0, 0xc1, 0xc2, 0xc3, 0xc4, 0xc5, 0xc6, 0xc6, 0xc7, 0xc8, 0xc9, 0xc9, 0xc9,
  0xca, 0xca, 0xca, 0xca, 0xca, 0xca, 0xca, 0xc9, 0xc9, 0xc9, 0xc9, 0xc8, 0xc8, 0xc8, 0xc8, 0xc8,
  0xc8, 0xc8, 0xc8, 0xc8, 0xc9, 0xc9, 0xca, 0xca, 0xcb, 0xcc, 0xcd, 0xce, 0xcf, 0xd1, 0xd2, 0xd3,
  0xd4, 0xd5, 0xd6, 0xd7, 0xd8, 0xd9, 0xda, 0xdb, 0xdb, 0xdb, 0xdc, 0xdc, 0xdc, 0xdc, 0xdb, 0xdb,
  0xdb, 0xda, 0xda, 0xd9, 0xd8, 0xd8, 0xd7, 0xd7, 0xd7, 0xd7, 0xd6, 0xd6, 0xd7, 0xd7, 0xd8, 0xd8,
  0xd9, 0xda, 0xdb, 0xdc, 0xde, 0xdf, 0xe1, 0xe2, 0xe4, 0xe5, 0xe7, 0xe8, 0xea, 0xeb, 0xec, 0xed,
  0xee, 0xef, 0xef, 0xef, 0xef, 0xef, 0xef, 0xee, 0xed, 0xec, 0xeb, 0xea, 0xe9, 0xe8, 0xe6, 0xe5,
  0xe4, 0xe3, 0xe2, 0xe2, 0xe1, 0xe1, 0xe2, 0xe2, 0xe3, 0xe4, 0xe5, 0xe7, 0xe9, 0xec, 0xee, 0xf1,
  0xf4, 0xf7, 0xfa, 0xfd, 0xff, 0xff, 0xff, 0xff, 0xff, 0xff, 0xff, 0xff, 0xff, 0xff, 0xff, 0xff,
  0xff, 0xff, 0xfe, 0xf9, 0xf3, 0xec, 0xe4, 0xdc, 0xd3, 0xc9, 0xbe, 0xb4, 0xa8, 0x9d, 0x91, 0x85,
  0x79, 0x6d, 0x61, 0x56, 0x4b, 0x40, 0x35, 0x2c, 0x22, 0x1a, 0x12, 0x0b, 0x05, 0x00, 0x00, 0x00,
  0x00, 0x00, 0x00, 0x00, 0x00, 0x00, 0x00, 0x00, 0x00, 0x00, 0x00, 0x00, 0x01, 0x04, 0x07, 0x0a,
  0x0d, 0x10, 0x12, 0x15, 0x17, 0x18, 0x1a, 0x1b, 0x1c, 0x1c, 0x1d, 0x1c, 0x1c, 0x1c, 0x1b, 0x1a,
  0x19, 0x18, 0x16, 0x15, 0x14, 0x13, 0x12, 0x11, 0x10, 0x10, 0x0f, 0x0f, 0x0f, 0x0f, 0x10, 0x10,
  0x11, 0x12, 0x13, 0x14, 0x16, 0x17, 0x19, 0x1a, 0x1c, 0x1d, 0x1f, 0x20, 0x22, 0x23, 0x24, 0x25,
  0x26, 0x26, 0x27, 0x27, 0x27, 0x27, 0x27, 0x27, 0x27, 0x26, 0x26, 0x26, 0x25, 0x25, 0x24, 0x24,
  0x23, 0x23, 0x23, 0x22, 0x22, 0x22, 0x23, 0x23, 0x24, 0x24, 0x25, 0x26, 0x27, 0x28, 0x29, 0x2a,
  0x2b, 0x2c, 0x2d, 0x2f, 0x30, 0x31, 0x32, 0x33, 0x33, 0x34, 0x35, 0x35, 0x36, 0x36, 0x36, 0x36,
  0x36, 0x36, 0x36, 0x36, 0x36, 0x35, 0x35, 0x35, 0x35, 0x34, 0x34, 0x34, 0x34, 0x34, 0x34, 0x34,
  0x35, 0x35, 0x36, 0x36, 0x37, 0x38, 0x38, 0x39, 0x3a, 0x3b, 0x3c, 0x3d, 0x3e, 0x3f, 0x40, 0x41,
  0x42, 0x43, 0x44, 0x44, 0x45, 0x45, 0x46, 0x46, 0x46, 0x46, 0x47, 0x47, 0x46, 0x46, 0x46, 0x46,
  0x46, 0x46, 0x45, 0x45, 0x45, 0x45, 0x45, 0x45, 0x45, 0x46, 0x46, 0x46, 0x47, 0x47, 0x48, 0x49,
  0x49, 0x4a, 0x4b, 0x4c, 0x4d, 0x4e, 0x4f, 0x50, 0x51, 0x52, 0x53, 0x54, 0x54, 0x55, 0x56, 0x56,
  0x57, 0x57, 0x57, 0x58, 0x58, 0x58, 0x58, 0x58, 0x58, 0x57, 0x57, 0x57, 0x57, 0x56, 0x56, 0x56,
  0x56, 0x56, 0x56, 0x56, 0x56, 0x56, 0x56, 0x56, 0x57, 0x57, 0x58, 0x59, 0x5a, 0x5b, 0x5c, 0x5d,
  0x5e, 0x60, 0x62, 0x63, 0x65, 0x67, 0x69, 0x6b, 0x6d, 0x6f, 0x71, 0x73, 0x76, 0x78, 0x7a, 0x7d,
  0x7f, 0x84, 0x88, 0x8d, 0x92, 0x96, 0x9b, 0x9f, 0xa3, 0xa7, 0xab, 0xae, 0xb1, 0xb4, 0xb7, 0xb9,
  0xbb, 0xbd, 0xbf, 0xc0, 0xc1, 0xc2, 0xc3, 0xc3, 0xc3, 0xc3, 0xc3, 0xc2, 0xc2, 0xc1, 0xc0, 0xc0,
  0xbf, 0xbe, 0xbd, 0xbc, 0xbc, 0xbb, 0xba, 0xba, 0xb9, 0xb9, 0xb9, 0xb9, 0xb9, 0xb9, 0xba, 0xba,
  0xbb, 0xbc, 0xbc, 0xbd, 0xbe, 0xbf, 0xc0, 0xc2, 0xc3, 0xc4, 0xc5, 0xc6, 0xc7, 0xc8, 0xc9, 0xc9,
  0xca, 0xcb, 0xcb, 0xcb, 0xcc, 0xcc, 0xcc, 0xcc, 0xcb, 0xcb, 0xcb, 0xca, 0xca, 0xc9, 0xc9, 0xc9,
  0xc8, 0xc8, 0xc8, 0xc7, 0xc7, 0xc7, 0xc7, 0xc7, 0xc8, 0xc8, 0xc8, 0xc9, 0xca, 0xca, 0xcb, 0xcc,
  0xcd, 0xce, 0xcf, 0xd0, 0xd1, 0xd2, 0xd3, 0xd4, 0xd5, 0xd6, 0xd6, 0xd7, 0xd7, 0xd8, 0xd8, 0xd8,
  0xd8, 0xd8, 0xd8, 0xd8, 0xd7, 0xd7, 0xd7, 0xd6, 0xd6, 0xd5, 0xd5, 0xd4, 0xd4, 0xd4, 0xd4, 0xd4,
  0xd4, 0xd4, 0xd4, 0xd4, 0xd5, 0xd5, 0xd6, 0xd7, 0xd7, 0xd8, 0xd9, 0xda, 0xdc, 0xdd, 0xde, 0xdf,
  0xe0, 0xe1, 0xe2, 0xe3, 0xe4, 0xe4, 0xe5, 0xe5, 0xe6, 0xe6, 0xe6, 0xe6, 0xe5, 0xe5, 0xe4, 0xe4,
  0xe3, 0xe3, 0xe2, 0xe1, 0xe1, 0xe0, 0xe0, 0xdf, 0xdf, 0xdf, 0xde, 0xde, 0xdf, 0xdf, 0xe0, 0xe0,
  0xe1, 0xe2, 0xe3, 0xe4, 0xe6, 0xe7, 0xe9, 0xea, 0xeb, 0xed, 0xee, 0xf0, 0xf1, 0xf2, 0xf3, 0xf4,
  0xf4, 0xf5, 0xf5, 0xf5, 0xf5, 0xf4, 0xf4, 0xf3, 0xf2, 0xf1, 0xf0, 0xef, 0xed, 0xec, 0xeb, 0xe9,
  0xe8, 0xe7, 0xe6, 0xe6, 0xe5, 0xe5, 0xe6, 0xe6, 0xe7, 0xe8, 0xe9, 0xeb, 0xed, 0xef, 0xf2, 0xf5,
  0xf7, 0xfa, 0xfd, 0xff, 0xff, 0xff, 0xff, 0xff, 0xff, 0xff, 0xff, 0xff, 0xff, 0xff, 0xff, 0xff,
  0xff, 0xff, 0xff, 0xfa, 0xf3, 0xec, 0xe4, 0xdc, 0xd3, 0xc9, 0xbe, 0xb4, 0xa8, 0x9d, 0x91, 0x85,
  0x79, 0x6d, 0x61, 0x56, 0x4b, 0x40, 0x35, 0x2c, 0x22, 0x1a, 0x12, 0x0b, 0x05, 0x00, 0x00, 0x00,
  0x00, 0x00, 0x00, 0x00, 0x00, 0x00, 0x00, 0x00, 0x00, 0x00, 0x00, 0x00, 0x00, 0x01, 0x04, 0x06,
  0x09, 0x0c, 0x0e, 0x11, 0x13, 0x14, 0x16, 0x17, 0x18, 0x18, 0x18, 0x18, 0x18, 0x17, 0x17, 0x16,
  0x15, 0x13, 0x12, 0x11, 0x10, 0x0e, 0x0d, 0x0c, 0x0b, 0x0a, 0x0a, 0x09, 0x09, 0x09, 0x09, 0x0a,
  0x0a, 0x0b, 0x0c, 0x0d, 0x0e, 0x10, 0x11, 0x12, 0x14, 0x15, 0x17, 0x18, 0x1a, 0x1b, 0x1c, 0x1d,
  0x1e, 0x1e, 0x1f, 0x1f, 0x1f, 0x1f, 0x1f, 0x1f, 0x1f, 0x1e, 0x1e, 0x1d, 0x1d, 0x1c, 0x1b, 0x1b,
  0x1a, 0x1a, 0x19, 0x19, 0x19, 0x19, 0x19, 0x19, 0x19, 0x19, 0x1a, 0x1b, 0x1b, 0x1c, 0x1d, 0x1e,
  0x1f, 0x20, 0x21, 0x22, 0x23, 0x24, 0x25, 0x26, 0x27, 0x28, 0x29, 0x29, 0x2a, 0x2a, 0x2a, 0x2a,
  0x2a, 0x2a, 0x2a, 0x2a, 0x29, 0x29, 0x29, 0x28, 0x28, 0x28, 0x27, 0x27, 0x27, 0x26, 0x26, 0x26,
  0x26, 0x26, 0x27, 0x27, 0x27, 0x28, 0x29, 0x29, 0x2a, 0x2b, 0x2c, 0x2d, 0x2e, 0x2f, 0x30, 0x31,
  0x32, 0x32, 0x33, 0x34, 0x35, 0x35, 0x36, 0x36, 0x36, 0x37, 0x37, 0x37, 0x37, 0x36, 0x36, 0x36,
  0x36, 0x35, 0x35, 0x34, 0x34, 0x34, 0x33, 0x33, 0x33, 0x33, 0x33, 0x33, 0x33, 0x33, 0x34, 0x34,
  0x35, 0x35, 0x36, 0x37, 0x38, 0x39, 0x3a, 0x3b, 0x3c, 0x3d, 0x3e, 0x3f, 0x40, 0x41, 0x42, 0x43,
  0x43, 0x44, 0x44, 0x45, 0x45, 0x45, 0x45, 0x45, 0x44, 0x44, 0x44, 0x43, 0x42, 0x42, 0x41, 0x40,
  0x3f, 0x3f, 0x3e, 0x3d, 0x3d, 0x3c, 0x3c, 0x3c, 0x3c, 0x3c, 0x3c, 0x3d, 0x3e, 0x3f, 0x40, 0x42,
  0x43, 0x45, 0x48, 0x4a, 0x4d, 0x50, 0x54, 0x57, 0x5b, 0x5f, 0x63, 0x68, 0x6c, 0x71, 0x75, 0x7a,
  0x7f, 0x86, 0x8d, 0x94, 0x9b, 0xa2, 0xa8, 0xae, 0xb4, 0xba, 0xbf, 0xc4, 0xc9, 0xcd, 0xd0, 0xd3,
  0xd6, 0xd8, 0xda, 0xdc, 0xdd, 0xde, 0xde, 0xde, 0xde, 0xdd, 0xdc, 0xdb, 0xda, 0xd9, 0xd8, 0xd6,
  0xd5, 0xd3, 0xd2, 0xd1, 0xcf, 0xce, 0xcd, 0xcd, 0xcc, 0xcc, 0xcc, 0xcb, 0xcc, 0xcc, 0xcd, 0xcd,
  0xce, 0xcf, 0xd0, 0xd1, 0xd2, 0xd4, 0xd5, 0xd6, 0xd7, 0xd9, 0xda, 0xdb, 0xdc, 0xdd, 0xdd, 0xde,
  0xde, 0xdf, 0xdf, 0xdf, 0xdf, 0xdf, 0xde, 0xde, 0xdd, 0xdd, 0xdc, 0xdb, 0xdb, 0xda, 0xd9, 0xd9,
  0xd8, 0xd8, 0xd7, 0xd7, 0xd7, 0xd7, 0xd7, 0xd7, 0xd7, 0xd8, 0xd8, 0xd9, 0xda, 0xdb, 0xdb, 0xdc,
  0xdd, 0xde, 0xe0, 0xe1, 0xe2, 0xe2, 0xe3, 0xe4, 0xe5, 0xe6, 0xe6, 0xe6, 0xe7, 0xe7, 0xe7, 0xe7,
  0xe7, 0xe6, 0xe6, 0xe5, 0xe5, 0xe4, 0xe4, 0xe3, 0xe2, 0xe2, 0xe1, 0xe1, 0xe0, 0xe0, 0xe0, 0xe0,
  0xdf, 0xe0, 0xe0, 0xe0, 0xe1, 0xe1, 0xe2, 0xe3, 0xe4, 0xe5, 0xe6, 0xe7, 0xe8, 0xe9, 0xea, 0xeb,
  0xec, 0xed, 0xee, 0xee, 0xef, 0xef, 0xf0, 0xf0, 0xf0, 0xf0, 0xf0, 0xef, 0xef, 0xee, 0xee, 0xed,
  0xec, 0xeb, 0xeb, 0xea, 0xe9, 0xe8, 0xe8, 0xe7, 0xe7, 0xe7, 0xe6, 0xe6, 0xe7, 0xe7, 0xe8, 0xe8,
  0xe9, 0xea, 0xeb, 0xec, 0xee, 0xef, 0xf0, 0xf2, 0xf3, 0xf5, 0xf6, 0xf7, 0xf8, 0xf9, 0xfa, 0xfb,
  0xfb, 0xfb, 0xfb, 0xfb, 0xfb, 0xfa, 0xf9, 0xf8, 0xf7, 0xf6, 0xf4, 0xf3, 0xf2, 0xf0, 0xef, 0xed,
  0xec, 0xeb, 0xea, 0xea, 0xe9, 0xe9, 0xe9, 0xea, 0xeb, 0xec, 0xed, 0xef, 0xf1, 0xf3, 0xf6, 0xf8,
  0xfb, 0xfe, 0xff, 0xff, 0xff, 0xff, 0xff, 0xff, 0xff, 0xff, 0xff, 0xff, 0xff, 0xff, 0xff, 0xff,
  0xff, 0xff, 0xff, 0xfa, 0xf4, 0xec, 0xe5, 0xdc, 0xd3, 0xc9, 0xbe, 0xb3, 0xa8, 0x9d, 0x91, 0x85,
  0x79, 0x6d, 0x61, 0x56, 0x4a, 0x40, 0x35, 0x2b, 0x22, 0x1a, 0x12, 0x0a, 0x04, 0x00, 0x00, 0x00,
  0x00, 0x00, 0x00, 0x00, 0x00, 0x00, 0x00, 0x00, 0x00, 0x00, 0x00, 0x00, 0x00, 0x00, 0x00, 0x03,
  0x05, 0x08, 0x0b, 0x0d, 0x0f, 0x10, 0x12, 0x13, 0x14, 0x14, 0x14, 0x14, 0x14, 0x13, 0x13, 0x12,
  0x10, 0x0f, 0x0e, 0x0c, 0x0b, 0x0a, 0x08, 0x07, 0x06, 0x05, 0x04, 0x04, 0x03, 0x03, 0x03, 0x03,
  0x04, 0x04, 0x05, 0x06, 0x07, 0x08, 0x09, 0x0b, 0x0c, 0x0d, 0x0f, 0x10, 0x11, 0x13, 0x14, 0x15,
  0x15, 0x16, 0x17, 0x17, 0x17, 0x17, 0x17, 0x17, 0x17, 0x16, 0x16, 0x15, 0x14, 0x14, 0x13, 0x12,
  0x11, 0x11, 0x10, 0x0f, 0x0f, 0x0f, 0x0e, 0x0e, 0x0e, 0x0f, 0x0f, 0x0f, 0x10, 0x11, 0x11, 0x12,
  0x13, 0x14, 0x15, 0x16, 0x17, 0x18, 0x19, 0x1a, 0x1b, 0x1c, 0x1c, 0x1d, 0x1d, 0x1e, 0x1e, 0x1e,
  0x1e, 0x1e, 0x1e, 0x1e, 0x1d, 0x1d, 0x1c, 0x1c, 0x1b, 0x1b, 0x1a, 0x1a, 0x19, 0x19, 0x18, 0x18,
  0x18, 0x18, 0x18, 0x18, 0x18, 0x18, 0x19, 0x19, 0x1a, 0x1b, 0x1b, 0x1c, 0x1d, 0x1e, 0x1f, 0x20,
  0x21, 0x22, 0x23, 0x24, 0x24, 0x25, 0x26, 0x26, 0x27, 0x27, 0x27, 0x27, 0x27, 0x27, 0x26, 0x26,
  0x25, 0x25, 0x24, 0x24, 0x23, 0x22, 0x22, 0x21, 0x21, 0x20, 0x20, 0x20, 0x20, 0x20, 0x20, 0x20,
  0x20, 0x21, 0x21, 0x22, 0x23, 0x24, 0x25, 0x26, 0x27, 0x28, 0x29, 0x2b, 0x2c, 0x2d, 0x2e, 0x2f,
  0x30, 0x31, 0x31, 0x32, 0x32, 0x32, 0x32, 0x32, 0x32, 0x31, 0x30, 0x2f, 0x2e, 0x2d, 0x2c, 0x2b,
  0x29, 0x28, 0x27, 0x25, 0x24, 0x23, 0x22, 0x21, 0x21, 0x21, 0x21, 0x21, 0x22, 0x23, 0x24, 0x26,
  0x28, 0x2b, 0x2e, 0x32, 0x36, 0x3a, 0x3f, 0x44, 0x4a, 0x50, 0x56, 0x5c, 0x63, 0x6a, 0x71, 0x78,
  0x7f, 0x88, 0x92, 0x9b, 0xa4, 0xad, 0xb6, 0xbe, 0xc6, 0xcd, 0xd4, 0xda, 0xe0, 0xe5, 0xea, 0xee,
  0xf1, 0xf4, 0xf6, 0xf8, 0xf9, 0xfa, 0xfa, 0xf9, 0xf9, 0xf8, 0xf6, 0xf5, 0xf3, 0xf1, 0xef, 0xed,
  0xeb, 0xe9, 0xe7, 0xe5, 0xe4, 0xe2, 0xe1, 0xe0, 0xdf, 0xdf, 0xde, 0xde, 0xde, 0xdf, 0xe0, 0xe0,
  0xe1, 0xe3, 0xe4, 0xe5, 0xe7, 0xe8, 0xea, 0xeb, 0xec, 0xee, 0xef, 0xf0, 0xf1, 0xf2, 0xf2, 0xf3,
  0xf3, 0xf3, 0xf3, 0xf3, 0xf3, 0xf2, 0xf1, 0xf1, 0xf0, 0xef, 0xee, 0xed, 0xec, 0xeb, 0xea, 0xe9,
  0xe8, 0xe8, 0xe7, 0xe7, 0xe7, 0xe7, 0xe7, 0xe7, 0xe7, 0xe8, 0xe8, 0xe9, 0xea, 0xeb, 0xec, 0xed,
  0xee, 0xef, 0xf0, 0xf1, 0xf2, 0xf3, 0xf3, 0xf4, 0xf5, 0xf5, 0xf6, 0xf6, 0xf6, 0xf6, 0xf6, 0xf5,
  0xf5, 0xf4, 0xf4, 0xf3, 0xf2, 0xf1, 0xf0, 0xf0, 0xef, 0xee, 0xed, 0xed, 0xec, 0xec, 0xec, 0xeb,
  0xeb, 0xec, 0xec, 0xec, 0xed, 0xed, 0xee, 0xef, 0xf0, 0xf1, 0xf2, 0xf3, 0xf4, 0xf5, 0xf6, 0xf7,
  0xf8, 0xf9, 0xf9, 0xfa, 0xfa, 0xfa, 0xfb, 0xfb, 0xfa, 0xfa, 0xfa, 0xf9, 0xf8, 0xf8, 0xf7, 0xf6,
  0xf5, 0xf4, 0xf3, 0xf2, 0xf1, 0xf1, 0xf0, 0xef, 0xef, 0xef, 0xee, 0xee, 0xef, 0xef, 0xf0, 0xf0,
  0xf1, 0xf2, 0xf3, 0xf4, 0xf6, 0xf7, 0xf8, 0xfa, 0xfb, 0xfc, 0xfd, 0xff, 0xff, 0xff, 0xff, 0xff,
  0xff, 0xff, 0xff, 0xff, 0xff, 0xff, 0xfe, 0xfd, 0xfc, 0xfb, 0xf9, 0xf8, 0xf6, 0xf4, 0xf3, 0xf2,
  0xf0, 0xef, 0xee, 0xee, 0xed, 0xed, 0xed, 0xee, 0xef, 0xf0, 0xf1, 0xf3, 0xf5, 0xf7, 0xfa, 0xfc,
  0xff, 0xff, 0xff, 0xff, 0xff, 0xff, 0xff, 0xff, 0xff, 0xff, 0xff, 0xff, 0xff, 0xff, 0xff, 0xff,
  0xff, 0xff, 0xff, 0xfb, 0xf4, 0xed, 0xe5, 0xdc, 0xd3, 0xc9, 0xbe, 0xb3, 0xa8, 0x9d, 0x91, 0x85,
  0x79, 0x6d, 0x61, 0x56, 0x4a, 0x40, 0x35, 0x2b, 0x22, 0x19, 0x11, 0x0a, 0x04, 0x00, 0x00, 0x00,
  0x00, 0x00, 0x00, 0x00, 0x00, 0x00, 0x00, 0x00, 0x00, 0x00, 0x00, 0x00, 0x00, 0x00, 0x00, 0x00,
  0x02, 0x04, 0x07, 0x09, 0x0b, 0x0c, 0x0e, 0x0f, 0x10, 0x10, 0x10, 0x10, 0x10, 0x0f, 0x0f, 0x0d,
  0x0c, 0x0b, 0x0a, 0x08, 0x07, 0x05, 0x04, 0x02, 0x01, 0x00, 0x00, 0x00, 0x00, 0x00, 0x00, 0x00,
  0x00, 0x00, 0x00, 0x00, 0x00, 0x01, 0x02, 0x03, 0x04, 0x06, 0x07, 0x08, 0x09, 0x0a, 0x0c, 0x0c,
  0x0d, 0x0e, 0x0f, 0x0f, 0x0f, 0x0f, 0x0f, 0x0f, 0x0e, 0x0e, 0x0d, 0x0d, 0x0c, 0x0b, 0x0a, 0x09,
  0x08, 0x08, 0x07, 0x06, 0x05, 0x05, 0x04, 0x04, 0x04, 0x04, 0x04, 0x04, 0x04, 0x05, 0x06, 0x06,
  0x07, 0x08, 0x09, 0x0a, 0x0b, 0x0c, 0x0d, 0x0e, 0x0f, 0x0f, 0x10, 0x11, 0x11, 0x12, 0x12, 0x12,
  0x12, 0x12, 0x12, 0x12, 0x11, 0x11, 0x10, 0x0f, 0x0f, 0x0e, 0x0d, 0x0c, 0x0c, 0x0b, 0x0a, 0x0a,
  0x09, 0x09, 0x09, 0x09, 0x09, 0x09, 0x09, 0x09, 0x0a, 0x0b, 0x0b, 0x0c, 0x0d, 0x0e, 0x0f, 0x10,
  0x11, 0x12, 0x13, 0x14, 0x14, 0x15, 0x16, 0x16, 0x17, 0x17, 0x17, 0x17, 0x17, 0x17, 0x16, 0x16,
  0x15, 0x14, 0x14, 0x13, 0x12, 0x11, 0x10, 0x0f, 0x0e, 0x0e, 0x0d, 0x0c, 0x0c, 0x0c, 0x0b, 0x0b,
  0x0b, 0x0c, 0x0c, 0x0d, 0x0e, 0x0f, 0x10, 0x11, 0x12, 0x13, 0x15, 0x16, 0x17, 0x19, 0x1a, 0x1b,
  0x1c, 0x1d, 0x1e, 0x1f, 0x1f, 0x1f, 0x1f, 0x1f, 0x1f, 0x1e, 0x1d, 0x1c, 0x1a, 0x19, 0x17, 0x15,
  0x13, 0x11, 0x0f, 0x0d, 0x0b, 0x0a, 0x08, 0x07, 0x06, 0x05, 0x05, 0x05, 0x06, 0x07, 0x08, 0x0b,
  0x0d, 0x11, 0x15, 0x19, 0x1e, 0x24, 0x2a, 0x31, 0x38, 0x40, 0x48, 0x51, 0x59, 0x63, 0x6c, 0x75,
  0x7f, 0x8b, 0x97, 0xa3, 0xae, 0xb9, 0xc4, 0xce, 0xd8, 0xe1, 0xea, 0xf1, 0xf8, 0xff, 0xff, 0xff,
  0xff, 0xff, 0xff, 0xff, 0xff, 0xff, 0xff, 0xff, 0xff, 0xff, 0xff, 0xff, 0xff, 0xff, 0xff, 0xff,
  0xff, 0xff, 0xfd, 0xfb, 0xf8, 0xf7, 0xf5, 0xf4, 0xf3, 0xf2, 0xf2, 0xf2, 0xf2, 0xf3, 0xf3, 0xf4,
  0xf6, 0xf7, 0xf8, 0xfa, 0xfc, 0xfd, 0xff, 0xff, 0xff, 0xff, 0xff, 0xff, 0xff, 0xff, 0xff, 0xff,
  0xff, 0xff, 0xff, 0xff, 0xff, 0xff, 0xff, 0xff, 0xff, 0xff, 0xff, 0xff, 0xfe, 0xfc, 0xfb, 0xfa,
  0xf9, 0xf9, 0xf8, 0xf7, 0xf7, 0xf7, 0xf7, 0xf7, 0xf8, 0xf8, 0xf9, 0xfa, 0xfb, 0xfc, 0xfd, 0xfe,
  0xff, 0xff, 0xff, 0xff, 0xff, 0xff, 0xff, 0xff, 0xff, 0xff, 0xff, 0xff, 0xff, 0xff, 0xff, 0xff,
  0xff, 0xff, 0xff, 0xff, 0xff, 0xff, 0xfe, 0xfd, 0xfc, 0xfb, 0xfa, 0xfa, 0xf9, 0xf9, 0xf8, 0xf8,
  0xf8, 0xf8, 0xf8, 0xf9, 0xf9, 0xfa, 0xfb, 0xfc, 0xfd, 0xfe, 0xff, 0xff, 0xff, 0xff, 0xff, 0xff,
  0xff, 0xff, 0xff, 0xff, 0xff, 0xff, 0xff, 0xff, 0xff, 0xff, 0xff, 0xff, 0xff, 0xff, 0xff, 0xff,
  0xfe, 0xfd, 0xfc, 0xfb, 0xfa, 0xf9, 0xf9, 0xf8, 0xf7, 0xf7, 0xf7, 0xf7, 0xf7, 0xf8, 0xf8, 0xf9,
  0xfa, 0xfb, 0xfc, 0xfd, 0xfe, 0xff, 0xff, 0xff, 0xff, 0xff, 0xff, 0xff, 0xff, 0xff, 0xff, 0xff,
  0xff, 0xff, 0xff, 0xff, 0xff, 0xff, 0xff, 0xff, 0xff, 0xff, 0xfe, 0xfd, 0xfb, 0xf9, 0xf8, 0xf6,
  0xf5, 0xf4, 0xf3, 0xf2, 0xf2, 0xf2, 0xf2, 0xf2, 0xf3, 0xf4, 0xf6, 0xf7, 0xf9, 0xfc, 0xfe, 0xff,
  0xff, 0xff, 0xff, 0xff, 0xff, 0xff, 0xff, 0xff, 0xff, 0xff, 0xff, 0xff, 0xff, 0xff, 0xff, 0xff,
  0xff, 0xff, 0xff, 0xfc, 0xf5, 0xee, 0xe5, 0xdd, 0xd3, 0xc9, 0xbf, 0xb4, 0xa9, 0x9d, 0x91, 0x85,
  0x79, 0x6d, 0x62, 0x56, 0x4b, 0x40, 0x35, 0x2c, 0x22, 0x19, 0x11, 0x0a, 0x03, 0x00, 0x00, 0x00,
  0x00, 0x00, 0x00, 0x00, 0x00, 0x00, 0x00, 0x00, 0x00, 0x00, 0x00, 0x00, 0x00, 0x00, 0x00, 0x00,
  0x00, 0x01, 0x03, 0x05, 0x07, 0x09, 0x0a, 0x0b, 0x0c, 0x0d, 0x0d, 0x0d, 0x0c, 0x0c, 0x0b, 0x0a,
  0x09, 0x07, 0x06, 0x04, 0x03, 0x01, 0x00, 0x00, 0x00, 0x00, 0x00, 0x00, 0x00, 0x00, 0x00, 0x00,
  0x00, 0x00, 0x00, 0x00, 0x00, 0x00, 0x00, 0x00, 0x00, 0x00, 0x00, 0x00, 0x02, 0x03, 0x04, 0x05,
  0x06, 0x06, 0x07, 0x07, 0x07, 0x07, 0x07, 0x07, 0x07, 0x06, 0x06, 0x05, 0x04, 0x03, 0x02, 0x01,
  0x00, 0x00, 0x00, 0x00, 0x00, 0x00, 0x00, 0x00, 0x00, 0x00, 0x00, 0x00, 0x00, 0x00, 0x00, 0x00,
  0x00, 0x00, 0x00, 0x00, 0x00, 0x00, 0x01, 0x02, 0x03, 0x04, 0x04, 0x05, 0x06, 0x06, 0x06, 0x06,
  0x06, 0x06, 0x06, 0x06, 0x05, 0x05, 0x04, 0x03, 0x02, 0x01, 0x00, 0x00, 0x00, 0x00, 0x00, 0x00,
  0x00, 0x00, 0x00, 0x00, 0x00, 0x00, 0x00, 0x00, 0x00, 0x00, 0x00, 0x00, 0x00, 0x00, 0x00, 0x00,
  0x00, 0x01, 0x02, 0x03, 0x04, 0x05, 0x06, 0x06, 0x07, 0x07, 0x07, 0x07, 0x07, 0x07, 0x06, 0x06,
  0x05, 0x04, 0x03, 0x02, 0x01, 0x00, 0x00, 0x00, 0x00, 0x00, 0x00, 0x00, 0x00, 0x00, 0x00, 0x00,
  0x00, 0x00, 0x00, 0x00, 0x00, 0x00, 0x00, 0x00, 0x00, 0x00, 0x00, 0x02, 0x03, 0x05, 0x06, 0x08,
  0x09, 0x0a, 0x0b, 0x0c, 0x0c, 0x0d, 0x0d, 0x0c, 0x0c, 0x0b, 0x09, 0x08, 0x06, 0x04, 0x02, 0x00,
  0x00, 0x00, 0x00, 0x00, 0x00, 0x00, 0x00, 0x00, 0x00, 0x00, 0x00, 0x00, 0x00, 0x00, 0x00, 0x00,
  0x00, 0x00, 0x00, 0x01, 0x07, 0x0e, 0x15, 0x1e, 0x27, 0x31, 0x3b, 0x45, 0x50, 0x5c, 0x68, 0x73,
  0x80, 0x82, 0x83, 0x85, 0x86, 0x88, 0x89, 0x8b, 0x8c, 0x8e, 0x90, 0x91, 0x93, 0x94, 0x96, 0x97,
  0x99, 0x9a, 0x9c, 0x9d, 0x9f, 0xa0, 0xa2, 0xa3, 0xa5, 0xa6, 0xa8, 0xa9, 0xab, 0xac, 0xae, 0xaf,
  0xb1, 0xb2, 0xb3, 0xb5, 0xb6, 0xb8, 0xb9, 0xba, 0xbc, 0xbd, 0xbf, 0xc0, 0xc1, 0xc3, 0xc4, 0xc5,
  0xc7, 0xc8, 0xc9, 0xca, 0xcc, 0xcd, 0xce, 0xcf, 0xd1, 0xd2, 0xd3, 0xd4, 0xd5, 0xd6, 0xd8, 0xd9,
  0xda, 0xdb, 0xdc, 0xdd, 0xde, 0xdf, 0xe0, 0xe1, 0xe2, 0xe3, 0xe4, 0xe5, 0xe6, 0xe7, 0xe8, 0xe9,
  0xea, 0xea, 0xeb, 0xec, 0xed, 0xee, 0xef, 0xef, 0xf0, 0xf1, 0xf1, 0xf2, 0xf3, 0xf3, 0xf4, 0xf5,
  0xf5, 0xf6, 0xf7, 0xf7, 0xf8, 0xf8, 0xf9, 0xf9, 0xfa, 0xfa, 0xfa, 0xfb, 0xfb, 0xfc, 0xfc, 0xfc,
  0xfd, 0xfd, 0xfd, 0xfd, 0xfe, 0xfe, 0xfe, 0xfe, 0xfe, 0xff, 0xff, 0xff, 0xff, 0xff, 0xff, 0xff,
  0xff, 0xff, 0xff, 0xff, 0xff, 0xff, 0xff, 0xff, 0xfe, 0xfe, 0xfe, 0xfe, 0xfe, 0xfd, 0xfd, 0xfd,
  0xfd, 0xfc, 0xfc, 0xfc, 0xfb, 0xfb, 0xfa, 0xfa, 0xfa, 0xf9, 0xf9, 0xf8, 0xf8, 0xf7, 0xf7, 0xf6,
  0xf5, 0xf5, 0xf4, 0xf3, 0xf3, 0xf2, 0xf1, 0xf1, 0xf0, 0xef, 0xef, 0xee, 0xed, 0xec, 0xeb, 0xea,
  0xea, 0xe9, 0xe8, 0xe7, 0xe6, 0xe5, 0xe4, 0xe3, 0xe2, 0xe1, 0xe0, 0xdf, 0xde, 0xdd, 0xdc, 0xdb,
  0xda, 0xd9, 0xd8, 0xd6, 0xd5, 0xd4, 0xd3, 0xd2, 0xd1, 0xcf, 0xce, 0xcd, 0xcc, 0xca, 0xc9, 0xc8,
  0xc7, 0xc5, 0xc4, 0xc3, 0xc1, 0xc0, 0xbf, 0xbd, 0xbc, 0xba, 0xb9, 0xb8, 0xb6, 0xb5, 0xb3, 0xb2,
  0xb1, 0xaf, 0xae, 0xac, 0xab, 0xa9, 0xa8, 0xa6, 0xa5, 0xa3, 0xa2, 0xa0, 0x9f, 0x9d, 0x9c, 0x9a,
  0x99, 0x97, 0x96, 0x94, 0x93, 0x91, 0x90, 0x8e, 0x8c, 0x8b, 0x89, 0x88, 0x86, 0x85, 0x83, 0x82,
  0x80, 0x7e, 0x7d, 0x7b, 0x7a, 0x78, 0x77, 0x75, 0x74, 0x72, 0x70, 0x6f, 0x6d, 0x6c, 0x6a, 0x69,
  0x67, 0x66, 0x64, 0x63, 0x61, 0x60, 0x5e, 0x5d, 0x5b, 0x5a, 0x58, 0x57, 0x55, 0x54, 0x52, 0x51,
  0x4f, 0x4e, 0x4d, 0x4b, 0x4a, 0x48, 0x47, 0x46, 0x44, 0x43, 0x41, 0x40, 0x3f, 0x3d, 0x3c, 0x3b,
  0x39, 0x38, 0x37, 0x36, 0x34, 0x33, 0x32, 0x31, 0x2f, 0x2e, 0x2d, 0x2c, 0x2b, 0x2a, 0x28, 0x27,
  0x26, 0x25, 0x24, 0x23, 0x22, 0x21, 0x20, 0x1f, 0x1e, 0x1d, 0x1c, 0x1b, 0x1a, 0x19, 0x18, 0x17,
  0x16, 0x16, 0x15, 0x14, 0x13, 0x12, 0x11, 0x11, 0x10, 0x0f, 0x0f, 0x0e, 0x0d, 0x0d, 0x0c, 0x0b,
  0x0b, 0x0a, 0x09, 0x09, 0x08, 0x08, 0x07, 0x07, 0x06, 0x06, 0x06, 0x05, 0x05, 0x04, 0x04, 0x04,
  0x03, 0x03, 0x03, 0x03, 0x02, 0x02, 0x02, 0x02, 0x02, 0x01, 0x01, 0x01, 0x01, 0x01, 0x01, 0x01,
  0x01, 0x01, 0x01, 0x01, 0x01, 0x01, 0x01, 0x01, 0x02, 0x02, 0x02, 0x02, 0x02, 0x03, 0x03, 0x03,
  0x03, 0x04, 0x04, 0x04, 0x05, 0x05, 0x06, 0x06, 0x06, 0x07, 0x07, 0x08, 0x08, 0x09, 0x09, 0x0a,
  0x0b, 0x0b, 0x0c, 0x0d, 0x0d, 0x0e, 0x0f, 0x0f, 0x10, 0x11, 0x11, 0x12, 0x13, 0x14, 0x15, 0x16,
  0x16, 0x17, 0x18, 0x19, 0x1a, 0x1b, 0x1c, 0x1d, 0x1e, 0x1f, 0x20, 0x21, 0x22, 0x23, 0x24, 0x25,
  0x26, 0x27, 0x28, 0x2a, 0x2b, 0x2c, 0x2d, 0x2e, 0x2f, 0x31, 0x32, 0x33, 0x34, 0x36, 0x37, 0x38,
  0x39, 0x3b, 0x3c, 0x3d, 0x3f, 0x40, 0x41, 0x43, 0x44, 0x46, 0x47, 0x48, 0x4a, 0x4b, 0x4d, 0x4e,
  0x4f, 0x51, 0x52, 0x54, 0x55, 0x57, 0x58, 0x5a, 0x5b, 0x5d, 0x5e, 0x60, 0x61, 0x63, 0x64, 0x66,
  0x67, 0x69, 0x6a, 0x6c, 0x6d, 0x6f, 0x70, 0x72, 0x74, 0x75, 0x77, 0x78, 0x7a, 0x7b, 0x7d, 0x7e,
  0x80, 0x81, 0x82, 0x84, 0x85, 0x87, 0x88, 0x8a, 0x8b, 0x8d, 0x8e, 0x90, 0x91, 0x93, 0x94, 0x95,
  0x97, 0x98, 0x9a, 0x9b, 0x9d, 0x9e, 0x9f, 0xa1, 0xa2, 0xa4, 0xa5, 0xa6, 0xa8, 0xa9, 0xaa, 0xac,
  0xad, 0xae, 0xb0, 0xb1, 0xb2, 0xb4, 0xb5, 0xb6, 0xb7, 0xb9, 0xba, 0xbb, 0xbd, 0xbe, 0xbf, 0xc0,
  0xc1, 0xc3, 0xc4, 0xc5, 0xc6, 0xc7, 0xc9, 0xca, 0xcb, 0xcc, 0xcd, 0xce, 0xcf, 0xd1, 0xd2, 0xd3,
  0xd4, 0xd5, 0xd6, 0xd7, 0xd8, 0xd9, 0xda, 0xdb, 0xdc, 0xdd, 0xde, 0xdf, 0xe0, 0xe1, 0xe2, 0xe3,
  0xe4, 0xe5, 0xe6, 0xe7, 0xe8, 0xe8, 0xe9, 0xea, 0xeb, 0xec, 0xed, 0xed, 0xee, 0xef, 0xf0, 0xf0,
  0xf1, 0xf2, 0xf3, 0xf3, 0xf4, 0xf5, 0xf5, 0xf6, 0xf6, 0xf7, 0xf7, 0xf8, 0xf8, 0xf9, 0xf9, 0xfa,
  0xfa, 0xfa, 0xfb, 0xfb, 0xfb, 0xfc, 0xfc, 0xfc, 0xfc, 0xfd, 0xfd, 0xfd, 0xfd, 0xfd, 0xfd, 0xfd,
  0xfd, 0xfd, 0xfd, 0xfd, 0xfd, 0xfd, 0xfd, 0xfc, 0xfc, 0xfc, 0xfc, 0xfb, 0xfb, 0xfb, 0xfb, 0xfa,
  0xfa, 0xf9, 0xf9, 0xf9, 0xf8, 0xf8, 0xf7, 0xf7, 0xf6, 0xf5, 0xf5, 0xf4, 0xf4, 0xf3, 0xf2, 0xf2,
  0xf1, 0xf0, 0xef, 0xef, 0xee, 0xed, 0xec, 0xec, 0xeb, 0xea, 0xe9, 0xe8, 0xe7, 0xe6, 0xe6, 0xe5,
  0xe4, 0xe3, 0xe2, 0xe1, 0xe0, 0xdf, 0xde, 0xdd, 0xdc, 0xdb, 0xda, 0xd9, 0xd8, 0xd7, 0xd6, 0xd5,
  0xd4, 0xd3, 0xd1, 0xd0, 0xcf, 0xce, 0xcd, 0xcc, 0xcb, 0xca, 0xc8, 0xc7, 0xc6, 0xc5, 0xc4, 0xc2,
  0xc1, 0xc0, 0xbf, 0xbe, 0xbc, 0xbb, 0xba, 0xb9, 0xb7, 0xb6, 0xb5, 0xb3, 0xb2, 0xb1, 0xb0, 0xae,
  0xad, 0xac, 0xaa, 0xa9, 0xa7, 0xa6, 0xa5, 0xa3, 0xa2, 0xa1, 0x9f, 0x9e, 0x9c, 0x9b, 0x9a, 0x98,
  0x97, 0x95, 0x94, 0x92, 0x91, 0x8f, 0x8e, 0x8d, 0x8b, 0x8a, 0x88, 0x87, 0x85, 0x84, 0x82, 0x81,
  0x7f, 0x7e, 0x7c, 0x7b, 0x7a, 0x78, 0x77, 0x75, 0x74, 0x72, 0x71, 0x6f, 0x6e, 0x6c, 0x6b, 0x69,
  0x68, 0x67, 0x65, 0x64, 0x62, 0x61, 0x60, 0x5e, 0x5d, 0x5b, 0x5a, 0x59, 0x57, 0x56, 0x54, 0x53,
  0x52, 0x50, 0x4f, 0x4e, 0x4c, 0x4b, 0x4a, 0x49, 0x47, 0x46, 0x45, 0x43, 0x42, 0x41, 0x40, 0x3e,
  0x3d, 0x3c, 0x3b, 0x3a, 0x38, 0x37, 0x36, 0x35, 0x34, 0x33, 0x31, 0x30, 0x2f, 0x2e, 0x2d, 0x2c,
  0x2b, 0x2a, 0x29, 0x27, 0x26, 0x25, 0x24, 0x23, 0x22, 0x21, 0x20, 0x1f, 0x1e, 0x1d, 0x1c, 0x1b,
  0x1b, 0x1a, 0x19, 0x18, 0x17, 0x16, 0x15, 0x14, 0x14, 0x13, 0x12, 0x11, 0x10, 0x10, 0x0f, 0x0e,
  0x0d, 0x0d, 0x0c, 0x0b, 0x0b, 0x0a, 0x0a, 0x09, 0x09, 0x08, 0x07, 0x07, 0x07, 0x06, 0x06, 0x05,
  0x05, 0x04, 0x04, 0x04, 0x03, 0x03, 0x03, 0x03, 0x03, 0x02, 0x02, 0x02, 0x02, 0x02, 0x02, 0x02,
  0x02, 0x02, 0x02, 0x02, 0x02, 0x02, 0x02, 0x02, 0x03, 0x03, 0x03, 0x03, 0x04, 0x04, 0x04, 0x05,
  0x05, 0x05, 0x06, 0x06, 0x07, 0x07, 0x08, 0x08, 0x09, 0x09, 0x0a, 0x0b, 0x0b, 0x0c, 0x0c, 0x0d,
  0x0e, 0x0f, 0x0f, 0x10, 0x11, 0x12, 0x12, 0x13, 0x14, 0x15, 0x16, 0x16, 0x17, 0x18, 0x19, 0x1a,
  0x1b, 0x1c, 0x1d, 0x1e, 0x1f, 0x20, 0x21, 0x22, 0x23, 0x24, 0x25, 0x26, 0x27, 0x28, 0x29, 0x2a,
  0x2b, 0x2c, 0x2d, 0x2e, 0x30, 0x31, 0x32, 0x33, 0x34, 0x35, 0x36, 0x38, 0x39, 0x3a, 0x3b, 0x3c,
  0x3e, 0x3f, 0x40, 0x41, 0x42, 0x44, 0x45, 0x46, 0x48, 0x49, 0x4a, 0x4b, 0x4d, 0x4e, 0x4f, 0x51,
  0x52, 0x53, 0x55, 0x56, 0x57, 0x59, 0x5a, 0x5b, 0x5d, 0x5e, 0x60, 0x61, 0x62, 0x64, 0x65, 0x67,
  0x68, 0x6a, 0x6b, 0x6c, 0x6e, 0x6f, 0x71, 0x72, 0x74, 0x75, 0x77, 0x78, 0x7a, 0x7b, 0x7d, 0x7e,
  0x80, 0x81, 0x82, 0x84, 0x85, 0x86, 0x88, 0x89, 0x8b, 0x8c, 0x8d, 0x8f, 0x90, 0x91, 0x93, 0x94,
  0x95, 0x97, 0x98, 0x99, 0x9b, 0x9c, 0x9d, 0x9f, 0xa0, 0xa1, 0xa2, 0xa4, 0xa5, 0xa6, 0xa7, 0xa9,
  0xaa, 0xab, 0xac, 0xae, 0xaf, 0xb0, 0xb1, 0xb2, 0xb4, 0xb5, 0xb6, 0xb7, 0xb8, 0xb9, 0xba, 0xbc,
  0xbd, 0xbe, 0xbf, 0xc0, 0xc1, 0xc2, 0xc3, 0xc5, 0xc6, 0xc7, 0xc8, 0xc9, 0xca, 0xcb, 0xcc, 0xcd,
  0xce, 0xcf, 0xd0, 0xd2, 0xd3, 0xd4, 0xd5, 0xd6, 0xd7, 0xd8, 0xd9, 0xda, 0xdb, 0xdc, 0xdd, 0xde,
  0xdf, 0xe0, 0xe1, 0xe2, 0xe3, 0xe4, 0xe5, 0xe6, 0xe7, 0xe8, 0xe8, 0xe9, 0xea, 0xeb, 0xec, 0xed,
  0xee, 0xee, 0xef, 0xf0, 0xf1, 0xf1, 0xf2, 0xf3, 0xf3, 0xf4, 0xf5, 0xf5, 0xf6, 0xf6, 0xf7, 0xf7,
  0xf8, 0xf8, 0xf9, 0xf9, 0xf9, 0xfa, 0xfa, 0xfa, 0xfb, 0xfb, 0xfb, 0xfb, 0xfb, 0xfb, 0xfb, 0xfb,
  0xfb, 0xfb, 0xfb, 0xfb, 0xfb, 0xfb, 0xfb, 0xfb, 0xfa, 0xfa, 0xfa, 0xf9, 0xf9, 0xf9, 0xf8, 0xf8,
  0xf7, 0xf7, 0xf6, 0xf6, 0xf5, 0xf5, 0xf4, 0xf4, 0xf3, 0xf2, 0xf2, 0xf1, 0xf0, 0xef, 0xef, 0xee,
  0xed, 0xec, 0xeb, 0xeb, 0xea, 0xe9, 0xe8, 0xe7, 0xe6, 0xe5, 0xe4, 0xe3, 0xe2, 0xe1, 0xe1, 0xe0,
  0xdf, 0xde, 0xdd, 0xdc, 0xdb, 0xda, 0xd9, 0xd8, 0xd6, 0xd5, 0xd4, 0xd3, 0xd2, 0xd1, 0xd0, 0xcf,
  0xce, 0xcd, 0xcc, 0xcb, 0xca, 0xc9, 0xc8, 0xc7, 0xc5, 0xc4, 0xc3, 0xc2, 0xc1, 0xc0, 0xbf, 0xbe,
  0xbc, 0xbb, 0xba, 0xb9, 0xb8, 0xb7, 0xb6, 0xb4, 0xb3, 0xb2, 0xb1, 0xb0, 0xae, 0xad, 0xac, 0xab,
  0xaa, 0xa8, 0xa7, 0xa6, 0xa5, 0xa3, 0xa2, 0xa1, 0x9f, 0x9e, 0x9d, 0x9c, 0x9a, 0x99, 0x98, 0x96,
  0x95, 0x94, 0x92, 0x91, 0x90, 0x8e, 0x8d, 0x8b, 0x8a, 0x89, 0x87, 0x86, 0x85, 0x83, 0x82, 0x81,
  0x7f, 0x7e, 0x7c, 0x7b, 0x7a, 0x78, 0x77, 0x76, 0x74, 0x73, 0x71, 0x70, 0x6f, 0x6d, 0x6c, 0x6b,
  0x69, 0x68, 0x67, 0x65, 0x64, 0x63, 0x61, 0x60, 0x5f, 0x5e, 0x5c, 0x5b, 0x5a, 0x58, 0x57, 0x56,
  0x55, 0x54, 0x52, 0x51, 0x50, 0x4f, 0x4d, 0x4c, 0x4b, 0x4a, 0x49, 0x48, 0x46, 0x45, 0x44, 0x43,
  0x42, 0x41, 0x3f, 0x3e, 0x3d, 0x3c, 0x3b, 0x3a, 0x39, 0x38, 0x37, 0x35, 0x34, 0x33, 0x32, 0x31,
  0x30, 0x2f, 0x2e, 0x2d, 0x2c, 0x2b, 0x2a, 0x29, 0x28, 0x27, 0x26, 0x25, 0x23, 0x22, 0x21, 0x20,
  0x1f, 0x1e, 0x1e, 0x1d, 0x1c, 0x1b, 0x1a, 0x19, 0x18, 0x17, 0x16, 0x15, 0x14, 0x13, 0x13, 0x12,
  0x11, 0x10, 0x0f, 0x0f, 0x0e, 0x0d, 0x0d, 0x0c, 0x0b, 0x0b, 0x0a, 0x09, 0x09, 0x08, 0x08, 0x07,
  0x07, 0x06, 0x06, 0x06, 0x05, 0x05, 0x05, 0x04, 0x04, 0x04, 0x04, 0x04, 0x03, 0x03, 0x03, 0x03,
  0x03, 0x03, 0x03, 0x03, 0x04, 0x04, 0x04, 0x04, 0x04, 0x05, 0x05, 0x05, 0x05, 0x06, 0x06, 0x07,
  0x07, 0x08, 0x08, 0x09, 0x09, 0x0a, 0x0a, 0x0b, 0x0c, 0x0c, 0x0d, 0x0e, 0x0e, 0x0f, 0x10, 0x11,
  0x12, 0x12, 0x13, 0x14, 0x15, 0x16, 0x17, 0x18, 0x18, 0x19, 0x1a, 0x1b, 0x1c, 0x1d, 0x1e, 0x1f,
  0x20, 0x21, 0x22, 0x23, 0x24, 0x25, 0x26, 0x27, 0x28, 0x29, 0x2a, 0x2b, 0x2c, 0x2d, 0x2f, 0x30,
  0x31, 0x32, 0x33, 0x34, 0x35, 0x36, 0x37, 0x38, 0x39, 0x3a, 0x3c, 0x3d, 0x3e, 0x3f, 0x40, 0x41,
  0x42, 0x43, 0x44, 0x46, 0x47, 0x48, 0x49, 0x4a, 0x4b, 0x4d, 0x4e, 0x4f, 0x50, 0x51, 0x53, 0x54,
  0x55, 0x56, 0x58, 0x59, 0x5a, 0x5b, 0x5d, 0x5e, 0x5f, 0x60, 0x62, 0x63, 0x64, 0x66, 0x67, 0x68,
  0x6a, 0x6b, 0x6c, 0x6e, 0x6f, 0x70, 0x72, 0x73, 0x75, 0x76, 0x77, 0x79, 0x7a, 0x7b, 0x7d, 0x7e,
  0x80, 0x81, 0x82, 0x83, 0x85, 0x86, 0x87, 0x89, 0x8a, 0x8b, 0x8c, 0x8e, 0x8f, 0x90, 0x91, 0x93,
  0x94, 0x95, 0x96, 0x98, 0x99, 0x9a, 0x9b, 0x9c, 0x9e, 0x9f, 0xa0, 0xa1, 0xa2, 0xa3, 0xa4, 0xa6,
  0xa7, 0xa8, 0xa9, 0xaa, 0xab, 0xac, 0xad, 0xae, 0xb0, 0xb1, 0xb2, 0xb3, 0xb4, 0xb5, 0xb6, 0xb7,
  0xb8, 0xb9, 0xba, 0xbb, 0xbc, 0xbd, 0xbe, 0xbf, 0xc1, 0xc2, 0xc3, 0xc4, 0xc5, 0xc6, 0xc7, 0xc8,
  0xc9, 0xca, 0xcb, 0xcc, 0xcd, 0xce, 0xcf, 0xd0, 0xd1, 0xd3, 0xd4, 0xd5, 0xd6, 0xd7, 0xd8, 0xd9,
  0xda, 0xdb, 0xdc, 0xdd, 0xde, 0xdf, 0xe0, 0xe1, 0xe2, 0xe3, 0xe4, 0xe5, 0xe6, 0xe7, 0xe8, 0xe9,
  0xea, 0xeb, 0xec, 0xec, 0xed, 0xee, 0xef, 0xf0, 0xf0, 0xf1, 0xf2, 0xf3, 0xf3, 0xf4, 0xf4, 0xf5,
  0xf6, 0xf6, 0xf7, 0xf7, 0xf7, 0xf8, 0xf8, 0xf9, 0xf9, 0xf9, 0xf9, 0xf9, 0xfa, 0xfa, 0xfa, 0xfa,
  0xfa, 0xfa, 0xfa, 0xfa, 0xf9, 0xf9, 0xf9, 0xf9, 0xf9, 0xf8, 0xf8, 0xf8, 0xf7, 0xf7, 0xf6, 0xf6,
  0xf5, 0xf5, 0xf4, 0xf3, 0xf3, 0xf2, 0xf1, 0xf1, 0xf0, 0xef, 0xee, 0xed, 0xed, 0xec, 0xeb, 0xea,
  0xe9, 0xe8, 0xe7, 0xe6, 0xe5, 0xe4, 0xe3, 0xe2, 0xe1, 0xe0, 0xdf, 0xde, 0xdd, 0xdc, 0xdb, 0xda,
  0xd9, 0xd8, 0xd7, 0xd6, 0xd5, 0xd4, 0xd3, 0xd2, 0xd1, 0xd0, 0xce, 0xcd, 0xcc, 0xcb, 0xca, 0xc9,
  0xc8, 0xc7, 0xc6, 0xc5, 0xc4, 0xc3, 0xc2, 0xc1, 0xc0, 0xbf, 0xbe, 0xbd, 0xbc, 0xbb, 0xba, 0xb9,
  0xb7, 0xb6, 0xb5, 0xb4, 0xb3, 0xb2, 0xb1, 0xb0, 0xaf, 0xae, 0xad, 0xac, 0xab, 0xaa, 0xa8, 0xa7,
  0xa6, 0xa5, 0xa4, 0xa3, 0xa2, 0xa0, 0x9f, 0x9e, 0x9d, 0x9c, 0x9b, 0x99, 0x98, 0x97, 0x96, 0x95,
  0x93, 0x92, 0x91, 0x90, 0x8e, 0x8d, 0x8c, 0x8a, 0x89, 0x88, 0x87, 0x85, 0x84, 0x83, 0x82, 0x80,
  0x7f, 0x7e, 0x7c, 0x7b, 0x7a, 0x78, 0x77, 0x76, 0x75, 0x73, 0x72, 0x71, 0x70, 0x6e, 0x6d, 0x6c,
  0x6b, 0x69, 0x68, 0x67, 0x66, 0x64, 0x63, 0x62, 0x61, 0x60, 0x5f, 0x5d, 0x5c, 0x5b, 0x5a, 0x59,
  0x58, 0x57, 0x55, 0x54, 0x53, 0x52, 0x51, 0x50, 0x4f, 0x4e, 0x4d, 0x4c, 0x4a, 0x49, 0x48, 0x47,
  0x46, 0x45, 0x44, 0x43, 0x42, 0x41, 0x40, 0x3f, 0x3e, 0x3d, 0x3c, 0x3b, 0x3a, 0x39, 0x37, 0x36,
  0x35, 0x34, 0x33, 0x32, 0x31, 0x30, 0x2f, 0x2e, 0x2d, 0x2c, 0x2b, 0x2a, 0x29, 0x28, 0x27, 0x25,
  0x24, 0x23, 0x22, 0x21, 0x20, 0x1f, 0x1e, 0x1d, 0x1c, 0x1b, 0x1a, 0x19, 0x18, 0x17, 0x16, 0x15,
  0x15, 0x14, 0x13, 0x12, 0x11, 0x10, 0x10, 0x0f, 0x0e, 0x0d, 0x0d, 0x0c, 0x0b, 0x0b, 0x0a, 0x09,
  0x09, 0x08, 0x08, 0x07, 0x07, 0x07, 0x06, 0x06, 0x06, 0x05, 0x05, 0x05, 0x05, 0x05, 0x05, 0x05,
  0x05, 0x05, 0x05, 0x05, 0x05, 0x05, 0x05, 0x06, 0x06, 0x06, 0x07, 0x07, 0x07, 0x08, 0x08, 0x09,
  0x09, 0x0a, 0x0a, 0x0b, 0x0c, 0x0c, 0x0d, 0x0e, 0x0f, 0x0f, 0x10, 0x11, 0x12, 0x13, 0x13, 0x14,
  0x15, 0x16, 0x17, 0x18, 0x19, 0x1a, 0x1b, 0x1c, 0x1d, 0x1e, 0x1f, 0x20, 0x21, 0x22, 0x23, 0x24,
  0x25, 0x26, 0x27, 0x28, 0x29, 0x2a, 0x2b, 0x2d, 0x2e, 0x2f, 0x30, 0x31, 0x32, 0x33, 0x34, 0x35,
  0x36, 0x37, 0x38, 0x39, 0x3a, 0x3b, 0x3c, 0x3d, 0x3e, 0x3f, 0x41, 0x42, 0x43, 0x44, 0x45, 0x46,
  0x47, 0x48, 0x49, 0x4a, 0x4b, 0x4c, 0x4d, 0x4e, 0x4f, 0x50, 0x52, 0x53, 0x54, 0x55, 0x56, 0x57,
  0x58, 0x59, 0x5b, 0x5c, 0x5d, 0x5e, 0x5f, 0x60, 0x62, 0x63, 0x64, 0x65, 0x66, 0x68, 0x69, 0x6a,
  0x6b, 0x6c, 0x6e, 0x6f, 0x70, 0x71, 0x73, 0x74, 0x75, 0x77, 0x78, 0x79, 0x7a, 0x7c, 0x7d, 0x7e,
  0x80, 0x81, 0x82, 0x83, 0x84, 0x86, 0x87, 0x88, 0x89, 0x8a, 0x8b, 0x8d, 0x8e, 0x8f, 0x90, 0x91,
  0x92, 0x93, 0x95, 0x96, 0x97, 0x98, 0x99, 0x9a, 0x9b, 0x9c, 0x9d, 0x9e, 0x9f, 0xa0, 0xa2, 0xa3,
  0xa4, 0xa5, 0xa6, 0xa7, 0xa8, 0xa9, 0xaa, 0xab, 0xac, 0xad, 0xae, 0xaf, 0xb0, 0xb1, 0xb1, 0xb2,
  0xb3, 0xb4, 0xb5, 0xb6, 0xb7, 0xb8, 0xb9, 0xba, 0xbb, 0xbc, 0xbd, 0xbe, 0xbf, 0xc0, 0xc1, 0xc2,
  0xc4, 0xc5, 0xc6, 0xc7, 0xc8, 0xc9, 0xca, 0xcb, 0xcc, 0xcd, 0xce, 0xcf, 0xd0, 0xd2, 0xd3, 0xd4,
  0xd5, 0xd6, 0xd7, 0xd8, 0xd9, 0xda, 0xdc, 0xdd, 0xde, 0xdf, 0xe0, 0xe1, 0xe2, 0xe3, 0xe4, 0xe5,
  0xe6, 0xe7, 0xe8, 0xe9, 0xea, 0xeb, 0xec, 0xed, 0xee, 0xee, 0xef, 0xf0, 0xf1, 0xf1, 0xf2, 0xf3,
  0xf3, 0xf4, 0xf4, 0xf5, 0xf5, 0xf6, 0xf6, 0xf7, 0xf7, 0xf7, 0xf8, 0xf8, 0xf8, 0xf8, 0xf8, 0xf8,
  0xf8, 0xf8, 0xf8, 0xf8, 0xf8, 0xf8, 0xf7, 0xf7, 0xf7, 0xf6, 0xf6, 0xf6, 0xf5, 0xf5, 0xf4, 0xf3,
  0xf3, 0xf2, 0xf1, 0xf1, 0xf0, 0xef, 0xee, 0xee, 0xed, 0xec, 0xeb, 0xea, 0xe9, 0xe8, 0xe7, 0xe6,
  0xe5, 0xe4, 0xe3, 0xe2, 0xe1, 0xe0, 0xdf, 0xde, 0xdd, 0xdc, 0xdb, 0xd9, 0xd8, 0xd7, 0xd6, 0xd5,
  0xd4, 0xd3, 0xd2, 0xd1, 0xcf, 0xce, 0xcd, 0xcc, 0xcb, 0xca, 0xc9, 0xc8, 0xc7, 0xc6, 0xc5, 0xc4,
  0xc3, 0xc2, 0xc1, 0xc0, 0xbf, 0xbe, 0xbd, 0xbc, 0xbb, 0xba, 0xb9, 0xb8, 0xb7, 0xb6, 0xb5, 0xb4,
  0xb3, 0xb2, 0xb1, 0xb0, 0xaf, 0xae, 0xad, 0xac, 0xab, 0xaa, 0xa9, 0xa8, 0xa7, 0xa6, 0xa5, 0xa4,
  0xa3, 0xa2, 0xa1, 0xa0, 0x9f, 0x9e, 0x9d, 0x9c, 0x9a, 0x99, 0x98, 0x97, 0x96, 0x95, 0x94, 0x93,
  0x92, 0x90, 0x8f, 0x8e, 0x8d, 0x8c, 0x8b, 0x89, 0x88, 0x87, 0x86, 0x85, 0x83, 0x82, 0x81, 0x80,
  0x7f, 0x7d, 0x7c, 0x7b, 0x7a, 0x79, 0x78, 0x76, 0x75, 0x74, 0x73, 0x72, 0x70, 0x6f, 0x6e, 0x6d,
  0x6c, 0x6b, 0x6a, 0x68, 0x67, 0x66, 0x65, 0x64, 0x63, 0x62, 0x61, 0x60, 0x5f, 0x5e, 0x5d, 0x5c,
  0x5b, 0x5a, 0x59, 0x58, 0x57, 0x56, 0x55, 0x54, 0x53, 0x52, 0x51, 0x50, 0x4f, 0x4e, 0x4d, 0x4c,
  0x4b, 0x4a, 0x49, 0x48, 0x47, 0x46, 0x45, 0x44, 0x43, 0x42, 0x41, 0x40, 0x3f, 0x3e, 0x3d, 0x3c,
  0x3b, 0x3a, 0x39, 0x38, 0x37, 0x35, 0x34, 0x33, 0x32, 0x31, 0x30, 0x2f, 0x2e, 0x2d, 0x2c, 0x2a,
  0x29, 0x28, 0x27, 0x26, 0x25, 0x24, 0x23, 0x22, 0x21, 0x1f, 0x1e, 0x1d, 0x1c, 0x1b, 0x1a, 0x19,
  0x18, 0x17, 0x16, 0x15, 0x14, 0x13, 0x12, 0x12, 0x11, 0x10, 0x0f, 0x0e, 0x0e, 0x0d, 0x0c, 0x0c,
  0x0b, 0x0a, 0x0a, 0x09, 0x09, 0x08, 0x08, 0x08, 0x07, 0x07, 0x07, 0x07, 0x06, 0x06, 0x06, 0x06,
  0x06, 0x06, 0x06, 0x06, 0x07, 0x07, 0x07, 0x07, 0x08, 0x08, 0x08, 0x09, 0x09, 0x0a, 0x0a, 0x0b,
  0x0b, 0x0c, 0x0d, 0x0d, 0x0e, 0x0f, 0x10, 0x11, 0x11, 0x12, 0x13, 0x14, 0x15, 0x16, 0x17, 0x18,
  0x19, 0x1a, 0x1b, 0x1c, 0x1d, 0x1e, 0x1f, 0x20, 0x21, 0x23, 0x24, 0x25, 0x26, 0x27, 0x28, 0x29,
  0x2a, 0x2b, 0x2c, 0x2e, 0x2f, 0x30, 0x31, 0x32, 0x33, 0x34, 0x35, 0x36, 0x37, 0x38, 0x39, 0x3a,
  0x3b, 0x3d, 0x3e, 0x3f, 0x40, 0x41, 0x42, 0x43, 0x44, 0x45, 0x46, 0x47, 0x48, 0x49, 0x4a, 0x4a,
  0x4b, 0x4c, 0x4d, 0x4e, 0x4f, 0x50, 0x51, 0x52, 0x53, 0x54, 0x55, 0x56, 0x57, 0x58, 0x59, 0x5a,
  0x5b, 0x5c, 0x5d, 0x5e, 0x60, 0x61, 0x62, 0x63, 0x64, 0x65, 0x66, 0x67, 0x68, 0x69, 0x6a, 0x6c,
  0x6d, 0x6e, 0x6f, 0x70, 0x71, 0x72, 0x74, 0x75, 0x76, 0x77, 0x78, 0x7a, 0x7b, 0x7c, 0x7d, 0x7e,
  0x80, 0x81, 0x82, 0x83, 0x84, 0x86, 0x87, 0x88, 0x89, 0x8a, 0x8b, 0x8c, 0x8d, 0x8e, 0x8f, 0x90,
  0x91, 0x92, 0x93, 0x94, 0x95, 0x96, 0x97, 0x98, 0x99, 0x9a, 0x9b, 0x9c, 0x9d, 0x9e, 0x9f, 0xa0,
  0xa1, 0xa2, 0xa3, 0xa4, 0xa4, 0xa5, 0xa6, 0xa7, 0xa8, 0xa9, 0xaa, 0xab, 0xac, 0xac, 0xad, 0xae,
  0xaf, 0xb0, 0xb1, 0xb2, 0xb3, 0xb4, 0xb5, 0xb5, 0xb6, 0xb7, 0xb8, 0xb9, 0xba, 0xbb, 0xbc, 0xbd,
  0xbe, 0xbf, 0xc0, 0xc1, 0xc2, 0xc4, 0xc5, 0xc6, 0xc7, 0xc8, 0xc9, 0xca, 0xcb, 0xcd, 0xce, 0xcf,
  0xd0, 0xd1, 0xd2, 0xd4, 0xd5, 0xd6, 0xd7, 0xd8, 0xda, 0xdb, 0xdc, 0xdd, 0xde, 0xdf, 0xe0, 0xe2,
  0xe3, 0xe4, 0xe5, 0xe6, 0xe7, 0xe8, 0xe9, 0xea, 0xeb, 0xec, 0xed, 0xee, 0xee, 0xef, 0xf0, 0xf1,
  0xf1, 0xf2, 0xf3, 0xf3, 0xf4, 0xf4, 0xf5, 0xf5, 0xf6, 0xf6, 0xf6, 0xf6, 0xf7, 0xf7, 0xf7, 0xf7,
  0xf7, 0xf7, 0xf7, 0xf7, 0xf6, 0xf6, 0xf6, 0xf6, 0xf5, 0xf5, 0xf4, 0xf4, 0xf3, 0xf3, 0xf2, 0xf1,
  0xf1, 0xf0, 0xef, 0xee, 0xee, 0xed, 0xec, 0xeb, 0xea, 0xe9, 0xe8, 0xe7, 0xe6, 0xe5, 0xe4, 0xe3,
  0xe2, 0xe0, 0xdf, 0xde, 0xdd, 0xdc, 0xdb, 0xda, 0xd8, 0xd7, 0xd6, 0xd5, 0xd4, 0xd2, 0xd1, 0xd0,
  0xcf, 0xce, 0xcd, 0xcb, 0xca, 0xc9, 0xc8, 0xc7, 0xc6, 0xc5, 0xc4, 0xc2, 0xc1, 0xc0, 0xbf, 0xbe,
  0xbd, 0xbc, 0xbb, 0xba, 0xb9, 0xb8, 0xb7, 0xb6, 0xb5, 0xb5, 0xb4, 0xb3, 0xb2, 0xb1, 0xb0, 0xaf,
  0xae, 0xad, 0xac, 0xac, 0xab, 0xaa, 0xa9, 0xa8, 0xa7, 0xa6, 0xa5, 0xa4, 0xa4, 0xa3, 0xa2, 0xa1,
  0xa0, 0x9f, 0x9e, 0x9d, 0x9c, 0x9b, 0x9a, 0x99, 0x98, 0x97, 0x96, 0x95, 0x94, 0x93, 0x92, 0x91,
  0x90, 0x8f, 0x8e, 0x8d, 0x8c, 0x8b, 0x8a, 0x89, 0x88, 0x87, 0x86, 0x84, 0x83, 0x82, 0x81, 0x80,
  0x7f, 0x7e, 0x7d, 0x7c, 0x7b, 0x79, 0x78, 0x77, 0x76, 0x75, 0x74, 0x73, 0x72, 0x71, 0x70, 0x6f,
  0x6e, 0x6d, 0x6c, 0x6b, 0x6a, 0x69, 0x68, 0x67, 0x66, 0x65, 0x64, 0x63, 0x62, 0x61, 0x60, 0x5f,
  0x5e, 0x5d, 0x5c, 0x5b, 0x5b, 0x5a, 0x59, 0x58, 0x57, 0x56, 0x55, 0x54, 0x53, 0x53, 0x52, 0x51,
  0x50, 0x4f, 0x4e, 0x4d, 0x4c, 0x4b, 0x4a, 0x4a, 0x49, 0x48, 0x47, 0x46, 0x45, 0x44, 0x43, 0x42,
  0x41, 0x40, 0x3f, 0x3e, 0x3d, 0x3b, 0x3a, 0x39, 0x38, 0x37, 0x36, 0x35, 0x34, 0x32, 0x31, 0x30,
  0x2f, 0x2e, 0x2d, 0x2b, 0x2a, 0x29, 0x28, 0x27, 0x25, 0x24, 0x23, 0x22, 0x21, 0x20, 0x1f, 0x1d,
  0x1c, 0x1b, 0x1a, 0x19, 0x18, 0x17, 0x16, 0x15, 0x14, 0x13, 0x12, 0x11, 0x11, 0x10, 0x0f, 0x0e,
  0x0e, 0x0d, 0x0c, 0x0c, 0x0b, 0x0b, 0x0a, 0x0a, 0x09, 0x09, 0x09, 0x09, 0x08, 0x08, 0x08, 0x08,
  0x08, 0x08, 0x08, 0x08, 0x09, 0x09, 0x09, 0x09, 0x0a, 0x0a, 0x0b, 0x0b, 0x0c, 0x0c, 0x0d, 0x0e,
  0x0e, 0x0f, 0x10, 0x11, 0x11, 0x12, 0x13, 0x14, 0x15, 0x16, 0x17, 0x18, 0x19, 0x1a, 0x1b, 0x1c,
  0x1d, 0x1f, 0x20, 0x21, 0x22, 0x23, 0x24, 0x25, 0x27, 0x28, 0x29, 0x2a, 0x2b, 0x2d, 0x2e, 0x2f,
  0x30, 0x31, 0x32, 0x34, 0x35, 0x36, 0x37, 0x38, 0x39, 0x3a, 0x3b, 0x3d, 0x3e, 0x3f, 0x40, 0x41,
  0x42, 0x43, 0x44, 0x45, 0x46, 0x47, 0x48, 0x49, 0x4a, 0x4a, 0x4b, 0x4c, 0x4d, 0x4e, 0x4f, 0x50,
  0x51, 0x52, 0x53, 0x53, 0x54, 0x55, 0x56, 0x57, 0x58, 0x59, 0x5a, 0x5b, 0x5b, 0x5c, 0x5d, 0x5e,
  0x5f, 0x60, 0x61, 0x62, 0x63, 0x64, 0x65, 0x66, 0x67, 0x68, 0x69, 0x6a, 0x6b, 0x6c, 0x6d, 0x6e,
  0x6f, 0x70, 0x71, 0x72, 0x73, 0x74, 0x75, 0x76, 0x77, 0x78, 0x79, 0x7b, 0x7c, 0x7d, 0x7e, 0x7f,
  0x7f, 0x80, 0x81, 0x82, 0x83, 0x84, 0x85, 0x86, 0x87, 0x87, 0x88, 0x89, 0x8a, 0x8b, 0x8c, 0x8d,
  0x8e, 0x8f, 0x90, 0x90, 0x91, 0x92, 0x93, 0x94, 0x95, 0x96, 0x97, 0x98, 0x99, 0x9a, 0x9b, 0x9b,
  0x9c, 0x9d, 0x9e, 0x9f, 0xa0, 0xa1, 0xa2, 0xa3, 0xa4, 0xa5, 0xa6, 0xa6, 0xa7, 0xa8, 0xa9, 0xaa,
  0xab, 0xac, 0xad, 0xae, 0xae, 0xaf, 0xb0, 0xb1, 0xb2, 0xb3, 0xb4, 0xb5, 0xb5, 0xb6, 0xb7, 0xb8,
  0xb9, 0xba, 0xbb, 0xbc, 0xbc, 0xbd, 0xbe, 0xbf, 0xc0, 0xc1, 0xc2, 0xc3, 0xc4, 0xc5, 0xc5, 0xc6,
  0xc7, 0xc8, 0xc9, 0xca, 0xcb, 0xcc, 0xcd, 0xce, 0xcf, 0xd0, 0xd1, 0xd2, 0xd3, 0xd4, 0xd5, 0xd6,
  0xd7, 0xd8, 0xd9, 0xda, 0xda, 0xdb, 0xdc, 0xdd, 0xde, 0xdf, 0xe0, 0xe1, 0xe2, 0xe3, 0xe3, 0xe4,
  0xe5, 0xe6, 0xe6, 0xe7, 0xe8, 0xe8, 0xe9, 0xea, 0xea, 0xeb, 0xeb, 0xeb, 0xec, 0xec, 0xec, 0xed,
  0xed, 0xed, 0xed, 0xed, 0xed, 0xed, 0xed, 0xed, 0xed, 0xed, 0xec, 0xec, 0xec, 0xeb, 0xeb, 0xea,
  0xea, 0xe9, 0xe9, 0xe8, 0xe7, 0xe7, 0xe6, 0xe5, 0xe4, 0xe3, 0xe2, 0xe2, 0xe1, 0xe0, 0xdf, 0xde,
  0xdd, 0xdc, 0xdb, 0xda, 0xd9, 0xd8, 0xd7, 0xd6, 0xd5, 0xd4, 0xd3, 0xd2, 0xd1, 0xd0, 0xcf, 0xce,
  0xce, 0xcd, 0xcc, 0xcb, 0xca, 0xca, 0xc9, 0xc8, 0xc7, 0xc7, 0xc6, 0xc6, 0xc5, 0xc5, 0xc4, 0xc3,
  0xc3, 0xc3, 0xc2, 0xc2, 0xc1, 0xc1, 0xc0, 0xc0, 0xc0, 0xbf, 0xbf, 0xbf, 0xbe, 0xbe, 0xbe, 0xbd,
  0xbd, 0xbc, 0xbc, 0xbb, 0xbb, 0xbb, 0xba, 0xb9, 0xb9, 0xb8, 0xb8, 0xb7, 0xb6, 0xb5, 0xb5, 0xb4,
  0xb3, 0xb2, 0xb1, 0xb0, 0xaf, 0xad, 0xac, 0xab, 0xaa, 0xa8, 0xa7, 0xa5, 0xa4, 0xa2, 0xa1, 0x9f,
  0x9d, 0x9c, 0x9a, 0x98, 0x96, 0x94, 0x92, 0x90, 0x8e, 0x8c, 0x8a, 0x88, 0x86, 0x84, 0x82, 0x80,
  0x7e, 0x7c, 0x7a, 0x78, 0x76, 0x74, 0x72, 0x70, 0x6e, 0x6c, 0x6a, 0x68, 0x66, 0x64, 0x62, 0x61,
  0x5f, 0x5d, 0x5c, 0x5a, 0x59, 0x57, 0x56, 0x54, 0x53, 0x52, 0x51, 0x4f, 0x4e, 0x4d, 0x4c, 0x4b,
  0x4a, 0x49, 0x49, 0x48, 0x47, 0x46, 0x46, 0x45, 0x45, 0x44, 0x43, 0x43, 0x43, 0x42, 0x42, 0x41,
  0x41, 0x40, 0x40, 0x40, 0x3f, 0x3f, 0x3f, 0x3e, 0x3e, 0x3e, 0x3d, 0x3d, 0x3c, 0x3c, 0x3b, 0x3b,
  0x3b, 0x3a, 0x3a, 0x39, 0x38, 0x38, 0x37, 0x37, 0x36, 0x35, 0x34, 0x34, 0x33, 0x32, 0x31, 0x30,
  0x30, 0x2f, 0x2e, 0x2d, 0x2c, 0x2b, 0x2a, 0x29, 0x28, 0x27, 0x26, 0x25, 0x24, 0x23, 0x22, 0x21,
  0x20, 0x1f, 0x1e, 0x1d, 0x1c, 0x1c, 0x1b, 0x1a, 0x19, 0x18, 0x17, 0x17, 0x16, 0x15, 0x15, 0x14,
  0x14, 0x13, 0x13, 0x12, 0x12, 0x12, 0x11, 0x11, 0x11, 0x11, 0x11, 0x11, 0x11, 0x11, 0x11, 0x11,
  0x11, 0x12, 0x12, 0x12, 0x13, 0x13, 0x13, 0x14, 0x14, 0x15, 0x16, 0x16, 0x17, 0x18, 0x18, 0x19,
  0x1a, 0x1b, 0x1b, 0x1c, 0x1d, 0x1e, 0x1f, 0x20, 0x21, 0x22, 0x23, 0x24, 0x24, 0x25, 0x26, 0x27,
  0x28, 0x29, 0x2a, 0x2b, 0x2c, 0x2d, 0x2e, 0x2f, 0x30, 0x31, 0x32, 0x33, 0x34, 0x35, 0x36, 0x37,
  0x38, 0x39, 0x39, 0x3a, 0x3b, 0x3c, 0x3d, 0x3e, 0x3f, 0x40, 0x41, 0x41, 0x42, 0x43, 0x44, 0x45,
  0x46, 0x47, 0x48, 0x48, 0x49, 0x4a, 0x4b, 0x4c, 0x4d, 0x4e, 0x4f, 0x50, 0x50, 0x51, 0x52, 0x53,
  0x54, 0x55, 0x56, 0x57, 0x58, 0x58, 0x59, 0x5a, 0x5b, 0x5c, 0x5d, 0x5e, 0x5f, 0x60, 0x61, 0x62,
  0x63, 0x63, 0x64, 0x65, 0x66, 0x67, 0x68, 0x69, 0x6a, 0x6b, 0x6c, 0x6d, 0x6e, 0x6e, 0x6f, 0x70,
  0x71, 0x72, 0x73, 0x74, 0x75, 0x76, 0x77, 0x77, 0x78, 0x79, 0x7a, 0x7b, 0x7c, 0x7d, 0x7e, 0x7f,
  0x7f, 0x80, 0x81, 0x81, 0x82, 0x83, 0x83, 0x84, 0x85, 0x85, 0x86, 0x87, 0x88, 0x88, 0x89, 0x8a,
  0x8b, 0x8b, 0x8c, 0x8d, 0x8e, 0x8f, 0x8f, 0x90, 0x91, 0x92, 0x93, 0x94, 0x95, 0x96, 0x96, 0x97,
  0x98, 0x99, 0x9a, 0x9b, 0x9c, 0x9d, 0x9e, 0x9f, 0xa0, 0xa1, 0xa2, 0xa3, 0xa4, 0xa4, 0xa5, 0xa6,
  0xa7, 0xa8, 0xa9, 0xaa, 0xab, 0xab, 0xac, 0xad, 0xae, 0xaf, 0xb0, 0xb0, 0xb1, 0xb2, 0xb3, 0xb3,
  0xb4, 0xb5, 0xb6, 0xb6, 0xb7, 0xb8, 0xb8, 0xb9, 0xba, 0xba, 0xbb, 0xbc, 0xbc, 0xbd, 0xbe, 0xbe,
  0xbf, 0xc0, 0xc0, 0xc1, 0xc2, 0xc2, 0xc3, 0xc4, 0xc5, 0xc5, 0xc6, 0xc7, 0xc8, 0xc9, 0xc9, 0xca,
  0xcb, 0xcc, 0xcd, 0xcd, 0xce, 0xcf, 0xd0, 0xd1, 0xd2, 0xd3, 0xd4, 0xd4, 0xd5, 0xd6, 0xd7, 0xd8,
  0xd9, 0xda, 0xda, 0xdb, 0xdc, 0xdd, 0xde, 0xde, 0xdf, 0xe0, 0xe0, 0xe1, 0xe1, 0xe2, 0xe2, 0xe3,
  0xe3, 0xe4, 0xe4, 0xe4, 0xe4, 0xe5, 0xe5, 0xe5, 0xe5, 0xe5, 0xe5, 0xe5, 0xe4, 0xe4, 0xe4, 0xe4,
  0xe3, 0xe3, 0xe2, 0xe2, 0xe1, 0xe1, 0xe0, 0xdf, 0xdf, 0xde, 0xdd, 0xdd, 0xdc, 0xdb, 0xda, 0xd9,
  0xd9, 0xd8, 0xd7, 0xd6, 0xd5, 0xd4, 0xd4, 0xd3, 0xd2, 0xd1, 0xd1, 0xd0, 0xcf, 0xce, 0xce, 0xcd,
  0xcd, 0xcc, 0xcc, 0xcb, 0xcb, 0xcb, 0xca, 0xca, 0xca, 0xca, 0xc9, 0xc9, 0xc9, 0xc9, 0xc9, 0xc9,
  0xc9, 0xc9, 0xca, 0xca, 0xca, 0xca, 0xca, 0xca, 0xcb, 0xcb, 0xcb, 0xcb, 0xcb, 0xcc, 0xcc, 0xcc,
  0xcc, 0xcc, 0xcc, 0xcc, 0xcc, 0xcc, 0xcc, 0xcc, 0xcb, 0xcb, 0xca, 0xca, 0xc9, 0xc9, 0xc8, 0xc7,
  0xc6, 0xc5, 0xc4, 0xc3, 0xc2, 0xc0, 0xbf, 0xbd, 0xbc, 0xba, 0xb8, 0xb6, 0xb4, 0xb2, 0xb0, 0xad,
  0xab, 0xa8, 0xa6, 0xa3, 0xa1, 0x9e, 0x9b, 0x98, 0x96, 0x93, 0x90, 0x8d, 0x8a, 0x87, 0x84, 0x81,
  0x7d, 0x7a, 0x77, 0x74, 0x71, 0x6e, 0x6b, 0x68, 0x66, 0x63, 0x60, 0x5d, 0x5b, 0x58, 0x56, 0x53,
  0x51, 0x4e, 0x4c, 0x4a, 0x48, 0x46, 0x44, 0x42, 0x41, 0x3f, 0x3e, 0x3c, 0x3b, 0x3a, 0x39, 0x38,
  0x37, 0x36, 0x35, 0x35, 0x34, 0x34, 0x33, 0x33, 0x32, 0x32, 0x32, 0x32, 0x32, 0x32, 0x32, 0x32,
  0x32, 0x32, 0x32, 0x33, 0x33, 0x33, 0x33, 0x33, 0x34, 0x34, 0x34, 0x34, 0x34, 0x34, 0x35, 0x35,
  0x35, 0x35, 0x35, 0x35, 0x35, 0x35, 0x34, 0x34, 0x34, 0x34, 0x33, 0x33, 0x33, 0x32, 0x32, 0x31,
  0x31, 0x30, 0x30, 0x2f, 0x2e, 0x2d, 0x2d, 0x2c, 0x2b, 0x2a, 0x2a, 0x29, 0x28, 0x27, 0x26, 0x25,
  0x25, 0x24, 0x23, 0x22, 0x21, 0x21, 0x20, 0x1f, 0x1f, 0x1e, 0x1d, 0x1d, 0x1c, 0x1c, 0x1b, 0x1b,
  0x1a, 0x1a, 0x1a, 0x1a, 0x19, 0x19, 0x19, 0x19, 0x19, 0x19, 0x19, 0x1a, 0x1a, 0x1a, 0x1a, 0x1b,
  0x1b, 0x1c, 0x1c, 0x1d, 0x1d, 0x1e, 0x1e, 0x1f, 0x20, 0x20, 0x21, 0x22, 0x23, 0x24, 0x24, 0x25,
  0x26, 0x27, 0x28, 0x29, 0x2a, 0x2a, 0x2b, 0x2c, 0x2d, 0x2e, 0x2f, 0x30, 0x31, 0x31, 0x32, 0x33,
  0x34, 0x35, 0x35, 0x36, 0x37, 0x38, 0x39, 0x39, 0x3a, 0x3b, 0x3c, 0x3c, 0x3d, 0x3e, 0x3e, 0x3f,
  0x40, 0x40, 0x41, 0x42, 0x42, 0x43, 0x44, 0x44, 0x45, 0x46, 0x46, 0x47, 0x48, 0x48, 0x49, 0x4a,
  0x4b, 0x4b, 0x4c, 0x4d, 0x4e, 0x4e, 0x4f, 0x50, 0x51, 0x52, 0x53, 0x53, 0x54, 0x55, 0x56, 0x57,
  0x58, 0x59, 0x5a, 0x5a, 0x5b, 0x5c, 0x5d, 0x5e, 0x5f, 0x60, 0x61, 0x62, 0x63, 0x64, 0x65, 0x66,
  0x67, 0x68, 0x68, 0x69, 0x6a, 0x6b, 0x6c, 0x6d, 0x6e, 0x6f, 0x6f, 0x70, 0x71, 0x72, 0x73, 0x73,
  0x74, 0x75, 0x76, 0x76, 0x77, 0x78, 0x79, 0x79, 0x7a, 0x7b, 0x7b, 0x7c, 0x7d, 0x7d, 0x7e, 0x7f,
  0x7f, 0x80, 0x80, 0x81, 0x81, 0x82, 0x82, 0x82, 0x83, 0x84, 0x84, 0x85, 0x85, 0x86, 0x86, 0x87,
  0x88, 0x88, 0x89, 0x8a, 0x8a, 0x8b, 0x8c, 0x8d, 0x8d, 0x8e, 0x8f, 0x90, 0x91, 0x92, 0x92, 0x93,
  0x94, 0x95, 0x96, 0x97, 0x98, 0x99, 0x9a, 0x9b, 0x9c, 0x9d, 0x9e, 0x9f, 0xa0, 0xa1, 0xa2, 0xa2,
  0xa3, 0xa4, 0xa5, 0xa6, 0xa7, 0xa8, 0xa8, 0xa9, 0xaa, 0xab, 0xab, 0xac, 0xad, 0xad, 0xae, 0xaf,
  0xaf, 0xb0, 0xb0, 0xb1, 0xb1, 0xb2, 0xb2, 0xb3, 0xb3, 0xb4, 0xb4, 0xb5, 0xb5, 0xb5, 0xb6, 0xb6,
  0xb7, 0xb7, 0xb8, 0xb8, 0xb8, 0xb9, 0xb9, 0xba, 0xba, 0xbb, 0xbc, 0xbc, 0xbd, 0xbd, 0xbe, 0xbf,
  0xbf, 0xc0, 0xc1, 0xc1, 0xc2, 0xc3, 0xc4, 0xc5, 0xc5, 0xc6, 0xc7, 0xc8, 0xc9, 0xca, 0xcb, 0xcc,
  0xcd, 0xce, 0xce, 0xcf, 0xd0, 0xd1, 0xd2, 0xd3, 0xd4, 0xd5, 0xd5, 0xd6, 0xd7, 0xd8, 0xd8, 0xd9,
  0xda, 0xda, 0xdb, 0xdb, 0xdb, 0xdc, 0xdc, 0xdc, 0xdd, 0xdd, 0xdd, 0xdd, 0xdd, 0xdd, 0xdd, 0xdd,
  0xdd, 0xdc, 0xdc, 0xdc, 0xdb, 0xdb, 0xda, 0xda, 0xd9, 0xd9, 0xd8, 0xd8, 0xd7, 0xd6, 0xd6, 0xd5,
  0xd4, 0xd4, 0xd3, 0xd2, 0xd2, 0xd1, 0xd0, 0xd0, 0xcf, 0xcf, 0xce, 0xce, 0xcd, 0xcd, 0xcc, 0xcc,
  0xcc, 0xcc, 0xcc, 0xcc, 0xcc, 0xcc, 0xcc, 0xcc, 0xcc, 0xcc, 0xcd, 0xcd, 0xcd, 0xce, 0xce, 0xcf,
  0xd0, 0xd0, 0xd1, 0xd2, 0xd2, 0xd3, 0xd4, 0xd5, 0xd5, 0xd6, 0xd7, 0xd8, 0xd9, 0xd9, 0xda, 0xdb,
  0xdb, 0xdc, 0xdc, 0xdd, 0xdd, 0xdd, 0xdd, 0xdd, 0xdd, 0xdd, 0xdd, 0xdd, 0xdc, 0xdc, 0xdb, 0xda,
  0xda, 0xd8, 0xd7, 0xd6, 0xd5, 0xd3, 0xd1, 0xcf, 0xcd, 0xcb, 0xc9, 0xc6, 0xc4, 0xc1, 0xbe, 0xbc,
  0xb8, 0xb5, 0xb2, 0xaf, 0xab, 0xa8, 0xa4, 0xa0, 0x9d, 0x99, 0x95, 0x91, 0x8d, 0x89, 0x85, 0x81,
  0x7d, 0x79, 0x75, 0x71, 0x6d, 0x69, 0x65, 0x61, 0x5e, 0x5a, 0x56, 0x53, 0x4f, 0x4c, 0x49, 0x46,
  0x42, 0x40, 0x3d, 0x3a, 0x38, 0x35, 0x33, 0x31, 0x2f, 0x2d, 0x2b, 0x29, 0x28, 0x27, 0x26, 0x24,
  0x24, 0x23, 0x22, 0x22, 0x21, 0x21, 0x21, 0x21, 0x21, 0x21, 0x21, 0x21, 0x21, 0x22, 0x22, 0x23,
  0x23, 0x24, 0x25, 0x25, 0x26, 0x27, 0x28, 0x29, 0x29, 0x2a, 0x2b, 0x2c, 0x2c, 0x2d, 0x2e, 0x2e,
  0x2f, 0x30, 0x30, 0x31, 0x31, 0x31, 0x32, 0x32, 0x32, 0x32, 0x32, 0x32, 0x32, 0x32, 0x32, 0x32,
  0x32, 0x32, 0x31, 0x31, 0x30, 0x30, 0x2f, 0x2f, 0x2e, 0x2e, 0x2d, 0x2c, 0x2c, 0x2b, 0x2a, 0x2a,
  0x29, 0x28, 0x28, 0x27, 0x27, 0x26, 0x25, 0x25, 0x24, 0x24, 0x23, 0x23, 0x22, 0x22, 0x22, 0x22,
  0x21, 0x21, 0x21, 0x21, 0x21, 0x21, 0x21, 0x21, 0x22, 0x22, 0x22, 0x23, 0x23, 0x23, 0x24, 0x24,
  0x25, 0x26, 0x26, 0x27, 0x28, 0x29, 0x29, 0x2a, 0x2b, 0x2c, 0x2d, 0x2e, 0x2f, 0x30, 0x30, 0x31,
  0x32, 0x33, 0x34, 0x35, 0x36, 0x37, 0x38, 0x39, 0x39, 0x3a, 0x3b, 0x3c, 0x3d, 0x3d, 0x3e, 0x3f,
  0x3f, 0x40, 0x41, 0x41, 0x42, 0x42, 0x43, 0x44, 0x44, 0x45, 0x45, 0x46, 0x46, 0x46, 0x47, 0x47,
  0x48, 0x48, 0x49, 0x49, 0x49, 0x4a, 0x4a, 0x4b, 0x4b, 0x4c, 0x4c, 0x4d, 0x4d, 0x4e, 0x4e, 0x4f,
  0x4f, 0x50, 0x51, 0x51, 0x52, 0x53, 0x53, 0x54, 0x55, 0x56, 0x56, 0x57, 0x58, 0x59, 0x5a, 0x5b,
  0x5c, 0x5c, 0x5d, 0x5e, 0x5f, 0x60, 0x61, 0x62, 0x63, 0x64, 0x65, 0x66, 0x67, 0x68, 0x69, 0x6a,
  0x6b, 0x6c, 0x6c, 0x6d, 0x6e, 0x6f, 0x70, 0x71, 0x72, 0x72, 0x73, 0x74, 0x74, 0x75, 0x76, 0x77,
  0x77, 0x78, 0x78, 0x79, 0x79, 0x7a, 0x7b, 0x7b, 0x7c, 0x7c, 0x7d, 0x7d, 0x7d, 0x7e, 0x7e, 0x7f,
  0x7f, 0x7f, 0x80, 0x80, 0x80, 0x80, 0x81, 0x81, 0x81, 0x82, 0x82, 0x82, 0x83, 0x83, 0x83, 0x84,
  0x84, 0x85, 0x85, 0x86, 0x87, 0x87, 0x88, 0x89, 0x89, 0x8a, 0x8b, 0x8c, 0x8d, 0x8d, 0x8e, 0x8f,
  0x90, 0x91, 0x92, 0x93, 0x94, 0x95, 0x96, 0x97, 0x98, 0x99, 0x9a, 0x9b, 0x9c, 0x9d, 0x9e, 0x9f,
  0xa0, 0xa0, 0xa1, 0xa2, 0xa3, 0xa4, 0xa4, 0xa5, 0xa6, 0xa7, 0xa7, 0xa8, 0xa8, 0xa9, 0xa9, 0xaa,
  0xaa, 0xab, 0xab, 0xab, 0xac, 0xac, 0xac, 0xad, 0xad, 0xad, 0xad, 0xad, 0xae, 0xae, 0xae, 0xae,
  0xae, 0xaf, 0xaf, 0xaf, 0xaf, 0xaf, 0xb0, 0xb0, 0xb0, 0xb1, 0xb1, 0xb1, 0xb2, 0xb2, 0xb3, 0xb3,
  0xb4, 0xb4, 0xb5, 0xb5, 0xb6, 0xb7, 0xb8, 0xb8, 0xb9, 0xba, 0xbb, 0xbc, 0xbd, 0xbe, 0xbf, 0xbf,
  0xc0, 0xc1, 0xc3, 0xc4, 0xc5, 0xc6, 0xc7, 0xc8, 0xc9, 0xca, 0xcb, 0xcc, 0xcc, 0xcd, 0xce, 0xcf,
  0xd0, 0xd1, 0xd1, 0xd2, 0xd3, 0xd3, 0xd4, 0xd4, 0xd5, 0xd5, 0xd5, 0xd6, 0xd6, 0xd6, 0xd6, 0xd6,
  0xd6, 0xd6, 0xd6, 0xd5, 0xd5, 0xd5, 0xd5, 0xd4, 0xd4, 0xd3, 0xd3, 0xd2, 0xd2, 0xd1, 0xd1, 0xd0,
  0xd0, 0xcf, 0xcf, 0xce, 0xce, 0xcd, 0xcd, 0xcd, 0xcc, 0xcc, 0xcc, 0xcb, 0xcb, 0xcb, 0xcb, 0xcb,
  0xcb, 0xcb, 0xcc, 0xcc, 0xcc, 0xcd, 0xcd, 0xce, 0xce, 0xcf, 0xd0, 0xd1, 0xd2, 0xd3, 0xd4, 0xd5,
  0xd6, 0xd7, 0xd8, 0xda, 0xdb, 0xdc, 0xde, 0xdf, 0xe0, 0xe2, 0xe3, 0xe4, 0xe6, 0xe7, 0xe8, 0xe9,
  0xea, 0xeb, 0xec, 0xed, 0xee, 0xef, 0xef, 0xef, 0xf0, 0xf0, 0xf0, 0xf0, 0xf0, 0xef, 0xef, 0xee,
  0xed, 0xec, 0xeb, 0xe9, 0xe7, 0xe6, 0xe4, 0xe1, 0xdf, 0xdd, 0xda, 0xd7, 0xd4, 0xd1, 0xcd, 0xca,
  0xc6, 0xc2, 0xbe, 0xba, 0xb6, 0xb1, 0xad, 0xa8, 0xa4, 0x9f, 0x9a, 0x95, 0x90, 0x8b, 0x87, 0x82,
  0x7c, 0x77, 0x73, 0x6e, 0x69, 0x64, 0x5f, 0x5a, 0x56, 0x51, 0x4d, 0x48, 0x44, 0x40, 0x3c, 0x38,
  0x34, 0x31, 0x2d, 0x2a, 0x27, 0x24, 0x21, 0x1f, 0x1d, 0x1a, 0x18, 0x17, 0x15, 0x13, 0x12, 0x11,
  0x10, 0x0f, 0x0f, 0x0e, 0x0e, 0x0e, 0x0e, 0x0e, 0x0f, 0x0f, 0x10, 0x10, 0x11, 0x12, 0x13, 0x14,
  0x15, 0x16, 0x17, 0x18, 0x1a, 0x1b, 0x1c, 0x1e, 0x1f, 0x20, 0x22, 0x23, 0x24, 0x26, 0x27, 0x28,
  0x29, 0x2a, 0x2b, 0x2c, 0x2d, 0x2e, 0x2f, 0x30, 0x30, 0x31, 0x31, 0x32, 0x32, 0x33, 0x33, 0x33,
  0x33, 0x33, 0x33, 0x33, 0x33, 0x32, 0x32, 0x32, 0x31, 0x31, 0x31, 0x30, 0x30, 0x2f, 0x2f, 0x2e,
  0x2e, 0x2d, 0x2d, 0x2c, 0x2c, 0x2b, 0x2b, 0x2a, 0x2a, 0x29, 0x29, 0x29, 0x29, 0x28, 0x28, 0x28,
  0x28, 0x28, 0x28, 0x28, 0x28, 0x29, 0x29, 0x29, 0x2a, 0x2a, 0x2b, 0x2b, 0x2c, 0x2d, 0x2d, 0x2e,
  0x2f, 0x30, 0x31, 0x32, 0x32, 0x33, 0x34, 0x35, 0x36, 0x37, 0x38, 0x39, 0x3a, 0x3c, 0x3d, 0x3e,
  0x3f, 0x40, 0x40, 0x41, 0x42, 0x43, 0x44, 0x45, 0x46, 0x46, 0x47, 0x48, 0x49, 0x49, 0x4a, 0x4a,
  0x4b, 0x4b, 0x4c, 0x4c, 0x4d, 0x4d, 0x4d, 0x4e, 0x4e, 0x4e, 0x4f, 0x4f, 0x4f, 0x4f, 0x4f, 0x50,
  0x50, 0x50, 0x50, 0x50, 0x51, 0x51, 0x51, 0x51, 0x51, 0x52, 0x52, 0x52, 0x53, 0x53, 0x53, 0x54,
  0x54, 0x55, 0x55, 0x56, 0x56, 0x57, 0x57, 0x58, 0x59, 0x5a, 0x5a, 0x5b, 0x5c, 0x5d, 0x5e, 0x5e,
  0x5f, 0x60, 0x61, 0x62, 0x63, 0x64, 0x65, 0x66, 0x67, 0x68, 0x69, 0x6a, 0x6b, 0x6c, 0x6d, 0x6e,
  0x6f, 0x70, 0x71, 0x71, 0x72, 0x73, 0x74, 0x75, 0x75, 0x76, 0x77, 0x77, 0x78, 0x79, 0x79, 0x7a,
  0x7a, 0x7b, 0x7b, 0x7b, 0x7c, 0x7c, 0x7d, 0x7d, 0x7d, 0x7d, 0x7e, 0x7e, 0x7e, 0x7e, 0x7f, 0x7f,
  0x80, 0x80, 0x80, 0x80, 0x80, 0x80, 0x80, 0x80, 0x80, 0x80, 0x80, 0x80, 0x80, 0x81, 0x81, 0x81,
  0x82, 0x82, 0x82, 0x83, 0x83, 0x84, 0x85, 0x85, 0x86, 0x87, 0x87, 0x88, 0x89, 0x8a, 0x8b, 0x8c,
  0x8d, 0x8d, 0x8e, 0x8f, 0x90, 0x91, 0x92, 0x93, 0x94, 0x95, 0x96, 0x97, 0x98, 0x99, 0x9a, 0x9b,
  0x9c, 0x9d, 0x9e, 0x9f, 0xa0, 0xa0, 0xa1, 0xa2, 0xa2, 0xa3, 0xa3, 0xa4, 0xa4, 0xa5, 0xa5, 0xa5,
  0xa6, 0xa6, 0xa6, 0xa6, 0xa7, 0xa7, 0xa7, 0xa7, 0xa7, 0xa7, 0xa7, 0xa7, 0xa7, 0xa7, 0xa7, 0xa7,
  0xa6, 0xa6, 0xa6, 0xa6, 0xa6, 0xa6, 0xa6, 0xa6, 0xa6, 0xa7, 0xa7, 0xa7, 0xa7, 0xa7, 0xa8, 0xa8,
  0xa8, 0xa9, 0xa9, 0xaa, 0xaa, 0xab, 0xac, 0xac, 0xad, 0xae, 0xaf, 0xb0, 0xb1, 0xb2, 0xb3, 0xb4,
  0xb5, 0xb6, 0xb7, 0xb8, 0xb9, 0xba, 0xbc, 0xbd, 0xbe, 0xbf, 0xc0, 0xc1, 0xc2, 0xc4, 0xc5, 0xc6,
  0xc7, 0xc8, 0xc9, 0xc9, 0xca, 0xcb, 0xcc, 0xcc, 0xcd, 0xce, 0xce, 0xce, 0xcf, 0xcf, 0xcf, 0xd0,
  0xd0, 0xd0, 0xd0, 0xd0, 0xd0, 0xd0, 0xcf, 0xcf, 0xcf, 0xcf, 0xce, 0xce, 0xce, 0xcd, 0xcd, 0xcc,
  0xcc, 0xcc, 0xcb, 0xcb, 0xcb, 0xca, 0xca, 0xca, 0xca, 0xca, 0xca, 0xca, 0xca, 0xca, 0xca, 0xca,
  0xcb, 0xcb, 0xcc, 0xcd, 0xcd, 0xce, 0xcf, 0xd0, 0xd1, 0xd2, 0xd4, 0xd5, 0xd6, 0xd8, 0xd9, 0xdb,
  0xdd, 0xdf, 0xe0, 0xe2, 0xe4, 0xe6, 0xe8, 0xea, 0xec, 0xee, 0xf0, 0xf2, 0xf3, 0xf5, 0xf7, 0xf9,
  0xfa, 0xfc, 0xfd, 0xfe, 0xff, 0xff, 0xff, 0xff, 0xff, 0xff, 0xff, 0xff, 0xff, 0xff, 0xff, 0xff,
  0xff, 0xff, 0xff, 0xfd, 0xfb, 0xf9, 0xf7, 0xf4, 0xf2, 0xef, 0xec, 0xe8, 0xe5, 0xe1, 0xdd, 0xd9,
  0xd4, 0xd0, 0xcb, 0xc6, 0xc1, 0xbc, 0xb7, 0xb1, 0xac, 0xa6, 0xa0, 0x9a, 0x94, 0x8e, 0x88, 0x83,
  0x7d, 0x77, 0x71, 0x6b, 0x65, 0x5f, 0x59, 0x53, 0x4e, 0x48, 0x43, 0x3e, 0x39, 0x34, 0x2f, 0x2b,
  0x26, 0x22, 0x1e, 0x1a, 0x17, 0x13, 0x10, 0x0d, 0x0b, 0x08, 0x06, 0x04, 0x02, 0x00, 0x00, 0x00,
  0x00, 0x00, 0x00, 0x00, 0x00, 0x00, 0x00, 0x00, 0x00, 0x00, 0x00, 0x00, 0x01, 0x02, 0x03, 0x05,
  0x06, 0x08, 0x0a, 0x0c, 0x0d, 0x0f, 0x11, 0x13, 0x15, 0x17, 0x19, 0x1b, 0x1d, 0x1f, 0x20, 0x22,
  0x24, 0x26, 0x27, 0x29, 0x2a, 0x2b, 0x2d, 0x2e, 0x2f, 0x30, 0x31, 0x32, 0x32, 0x33, 0x34, 0x34,
  0x35, 0x35, 0x35, 0x35, 0x35, 0x35, 0x35, 0x35, 0x35, 0x35, 0x35, 0x34, 0x34, 0x34, 0x33, 0x33,
  0x33, 0x32, 0x32, 0x31, 0x31, 0x31, 0x30, 0x30, 0x30, 0x30, 0x2f, 0x2f, 0x2f, 0x2f, 0x2f, 0x2f,
  0x2f, 0x30, 0x30, 0x30, 0x31, 0x31, 0x31, 0x32, 0x33, 0x33, 0x34, 0x35, 0x36, 0x36, 0x37, 0x38,
  0x39, 0x3a, 0x3b, 0x3d, 0x3e, 0x3f, 0x40, 0x41, 0x42, 0x43, 0x45, 0x46, 0x47, 0x48, 0x49, 0x4a,
  0x4b, 0x4c, 0x4d, 0x4e, 0x4f, 0x50, 0x51, 0x52, 0x53, 0x53, 0x54, 0x55, 0x55, 0x56, 0x56, 0x57,
  0x57, 0x57, 0x58, 0x58, 0x58, 0x58, 0x58, 0x59, 0x59, 0x59, 0x59, 0x59, 0x59, 0x59, 0x59, 0x59,
  0x58, 0x58, 0x58, 0x58, 0x58, 0x58, 0x58, 0x58, 0x58, 0x58, 0x58, 0x58, 0x59, 0x59, 0x59, 0x59,
  0x5a, 0x5a, 0x5a, 0x5b, 0x5b, 0x5c, 0x5c, 0x5d, 0x5d, 0x5e, 0x5f, 0x5f, 0x60, 0x61, 0x62, 0x63,
  0x64, 0x65, 0x66, 0x67, 0x68, 0x69, 0x6a, 0x6b, 0x6c, 0x6d, 0x6e, 0x6f, 0x70, 0x71, 0x72, 0x72,
  0x73, 0x74, 0x75, 0x76, 0x77, 0x78, 0x78, 0x79, 0x7a, 0x7a, 0x7b, 0x7c, 0x7c, 0x7d, 0x7d, 0x7d,
  0x7e, 0x7e, 0x7e, 0x7f, 0x7f, 0x7f, 0x7f, 0x7f, 0x7f, 0x7f, 0x7f, 0x7f, 0x7f, 0x7f, 0x7f, 0x80,
  0x7f, 0x80, 0x81, 0x83, 0x84, 0x85, 0x86, 0x87, 0x89, 0x8a, 0x8b, 0x8c, 0x8d, 0x8f, 0x90, 0x91,
  0x92, 0x94, 0x95, 0x96, 0x97, 0x99, 0x9a, 0x9b, 0x9c, 0x9e, 0x9f, 0xa0, 0xa1, 0xa2, 0xa3, 0xa5,
  0xa6, 0xa7, 0xa8, 0xa9, 0xaa, 0xab, 0xac, 0xad, 0xae, 0xaf, 0xb0, 0xb0, 0xb1, 0xb2, 0xb3, 0xb3,
  0xb4, 0xb4, 0xb5, 0xb5, 0xb6, 0xb6, 0xb6, 0xb7, 0xb7, 0xb7, 0xb7, 0xb7, 0xb8, 0xb8, 0xb8, 0xb8,
  0xb8, 0xb7, 0xb7, 0xb7, 0xb7, 0xb7, 0xb7, 0xb7, 0xb6, 0xb6, 0xb6, 0xb6, 0xb5, 0xb5, 0xb5, 0xb5,
  0xb5, 0xb5, 0xb5, 0xb4, 0xb4, 0xb4, 0xb4, 0xb4, 0xb5, 0xb5, 0xb5, 0xb5, 0xb5, 0xb6, 0xb6, 0xb6,
  0xb7, 0xb7, 0xb8, 0xb9, 0xb9, 0xba, 0xbb, 0xbb, 0xbc, 0xbd, 0xbe, 0xbf, 0xc0, 0xc1, 0xc2, 0xc3,
  0xc4, 0xc5, 0xc6, 0xc7, 0xc8, 0xc9, 0xca, 0xcb, 0xcd, 0xce, 0xcf, 0xd0, 0xd1, 0xd1, 0xd2, 0xd3,
  0xd4, 0xd5, 0xd5, 0xd6, 0xd7, 0xd7, 0xd8, 0xd8, 0xd9, 0xd9, 0xd9, 0xd9, 0xd9, 0xda, 0xda, 0xda,
  0xd9, 0xd9, 0xd9, 0xd9, 0xd9, 0xd8, 0xd8, 0xd8, 0xd7, 0xd7, 0xd6, 0xd6, 0xd5, 0xd5, 0xd4, 0xd4,
  0xd3, 0xd3, 0xd3, 0xd2, 0xd2, 0xd1, 0xd1, 0xd1, 0xd1, 0xd1, 0xd1, 0xd1, 0xd1, 0xd1, 0xd1, 0xd1,
  0xd2, 0xd2, 0xd3, 0xd4, 0xd4, 0xd5, 0xd6, 0xd7, 0xd8, 0xd9, 0xdb, 0xdc, 0xdd, 0xdf, 0xe0, 0xe2,
  0xe4, 0xe5, 0xe7, 0xe9, 0xeb, 0xec, 0xee, 0xf0, 0xf2, 0xf4, 0xf6, 0xf7, 0xf9, 0xfb, 0xfc, 0xfe,
  0xff, 0xff, 0xff, 0xff, 0xff, 0xff, 0xff, 0xff, 0xff, 0xff, 0xff, 0xff, 0xff, 0xff, 0xff, 0xff,
  0xff, 0xff, 0xff, 0xfe, 0xfc, 0xfa, 0xf8, 0xf5, 0xf2, 0xef, 0xec, 0xe8, 0xe5, 0xe1, 0xdd, 0xd9,
  0xd4, 0xd0, 0xcb, 0xc6, 0xc1, 0xbb, 0xb6, 0xb1, 0xab, 0xa5, 0xa0, 0x9a, 0x94, 0x8e, 0x88, 0x82,
  0x7c, 0x76, 0x70, 0x6a, 0x64, 0x5e, 0x59, 0x53, 0x4d, 0x48, 0x43, 0x3d, 0x38, 0x33, 0x2f, 0x2a,
  0x25, 0x21, 0x1d, 0x19, 0x16, 0x12, 0x0f, 0x0c, 0x09, 0x06, 0x04, 0x02, 0x00, 0x00, 0x00, 0x00,
  0x00, 0x00, 0x00, 0x00, 0x00, 0x00, 0x00, 0x00, 0x00, 0x00, 0x00, 0x00, 0x00, 0x00, 0x00, 0x00,
  0x00, 0x02, 0x03, 0x05, 0x07, 0x08, 0x0a, 0x0c, 0x0e, 0x10, 0x11, 0x13, 0x15, 0x17, 0x19, 0x1a,
  0x1c, 0x1d, 0x1f, 0x20, 0x22, 0x23, 0x24, 0x26, 0x27, 0x28, 0x29, 0x2a, 0x2a, 0x2b, 0x2c, 0x2c,
  0x2c, 0x2d, 0x2d, 0x2d, 0x2d, 0x2d, 0x2d, 0x2d, 0x2d, 0x2d, 0x2c, 0x2c, 0x2c, 0x2b, 0x2b, 0x2b,
  0x2a, 0x2a, 0x29, 0x29, 0x28, 0x28, 0x27, 0x27, 0x27, 0x26, 0x26, 0x25, 0x25, 0x25, 0x25, 0x25,
  0x25, 0x25, 0x25, 0x25, 0x25, 0x25, 0x25, 0x26, 0x26, 0x26, 0x27, 0x27, 0x28, 0x29, 0x29, 0x2a,
  0x2b, 0x2c, 0x2d, 0x2e, 0x2e, 0x2f, 0x30, 0x31, 0x33, 0x34, 0x35, 0x36, 0x37, 0x38, 0x39, 0x3a,
  0x3b, 0x3c, 0x3d, 0x3e, 0x3f, 0x40, 0x41, 0x42, 0x42, 0x43, 0x44, 0x45, 0x45, 0x46, 0x46, 0x47,
  0x47, 0x48, 0x48, 0x48, 0x49, 0x49, 0x49, 0x49, 0x49, 0x49, 0x49, 0x49, 0x49, 0x49, 0x49, 0x49,
  0x49, 0x49, 0x49, 0x49, 0x48, 0x48, 0x48, 0x48, 0x48, 0x47, 0x47, 0x47, 0x47, 0x47, 0x47, 0x47,
  0x47, 0x47, 0x47, 0x47, 0x47, 0x47, 0x47, 0x47, 0x48, 0x48, 0x48, 0x49, 0x49, 0x49, 0x4a, 0x4a,
  0x4b, 0x4c, 0x4c, 0x4d, 0x4e, 0x4e, 0x4f, 0x50, 0x51, 0x52, 0x53, 0x54, 0x55, 0x56, 0x57, 0x58,
  0x59, 0x5a, 0x5b, 0x5c, 0x5e, 0x5f, 0x60, 0x61, 0x62, 0x63, 0x65, 0x66, 0x67, 0x68, 0x69, 0x6b,
  0x6c, 0x6d, 0x6e, 0x6f, 0x71, 0x72, 0x73, 0x74, 0x75, 0x77, 0x78, 0x79, 0x7a, 0x7b, 0x7d, 0x7e,
  0x7f, 0x81, 0x84, 0x86, 0x88, 0x8b, 0x8d, 0x90, 0x92, 0x94, 0x96, 0x99, 0x9b, 0x9d, 0x9f, 0xa2,
  0xa4, 0xa6, 0xa8, 0xaa, 0xac, 0xae, 0xb0, 0xb2, 0xb3, 0xb5, 0xb7, 0xb8, 0xba, 0xbb, 0xbd, 0xbe,
  0xc0, 0xc1, 0xc2, 0xc3, 0xc4, 0xc5, 0xc6, 0xc7, 0xc8, 0xc9, 0xc9, 0xca, 0xca, 0xcb, 0xcb, 0xcc,
  0xcc, 0xcc, 0xcc, 0xcd, 0xcd, 0xcd, 0xcd, 0xcc, 0xcc, 0xcc, 0xcc, 0xcc, 0xcb, 0xcb, 0xcb, 0xca,
  0xca, 0xc9, 0xc9, 0xc9, 0xc8, 0xc8, 0xc7, 0xc7, 0xc6, 0xc6, 0xc6, 0xc5, 0xc5, 0xc4, 0xc4, 0xc4,
  0xc4, 0xc3, 0xc3, 0xc3, 0xc3, 0xc3, 0xc3, 0xc3, 0xc3, 0xc3, 0xc4, 0xc4, 0xc4, 0xc5, 0xc5, 0xc6,
  0xc6, 0xc7, 0xc7, 0xc8, 0xc9, 0xc9, 0xca, 0xcb, 0xcc, 0xcd, 0xce, 0xcf, 0xd0, 0xd1, 0xd2, 0xd3,
  0xd4, 0xd5, 0xd6, 0xd7, 0xd8, 0xd9, 0xda, 0xdb, 0xdc, 0xdd, 0xde, 0xde, 0xdf, 0xe0, 0xe1, 0xe1,
  0xe2, 0xe2, 0xe3, 0xe3, 0xe4, 0xe4, 0xe4, 0xe5, 0xe5, 0xe5, 0xe5, 0xe5, 0xe5, 0xe5, 0xe4, 0xe4,
  0xe4, 0xe3, 0xe3, 0xe3, 0xe2, 0xe2, 0xe1, 0xe1, 0xe0, 0xdf, 0xdf, 0xde, 0xde, 0xdd, 0xdc, 0xdc,
  0xdb, 0xdb, 0xda, 0xda, 0xda, 0xd9, 0xd9, 0xd9, 0xd8, 0xd8, 0xd8, 0xd8, 0xd8, 0xd9, 0xd9, 0xd9,
  0xda, 0xda, 0xdb, 0xdb, 0xdc, 0xdd, 0xde, 0xdf, 0xe0, 0xe1, 0xe2, 0xe4, 0xe5, 0xe7, 0xe8, 0xea,
  0xeb, 0xed, 0xee, 0xf0, 0xf2, 0xf4, 0xf5, 0xf7, 0xf9, 0xfa, 0xfc, 0xfe, 0xff, 0xff, 0xff, 0xff,
  0xff, 0xff, 0xff, 0xff, 0xff, 0xff, 0xff, 0xff, 0xff, 0xff, 0xff, 0xff, 0xff, 0xff, 0xff, 0xff,
  0xff, 0xff, 0xff, 0xff, 0xfe, 0xfc, 0xf9, 0xf6, 0xf3, 0xf0, 0xed, 0xe9, 0xe5, 0xe1, 0xdd, 0xd9,
  0xd4, 0xd0, 0xcb, 0xc6, 0xc1, 0xbb, 0xb6, 0xb1, 0xab, 0xa5, 0xa0, 0x9a, 0x94, 0x8e, 0x88, 0x82,
  0x7c, 0x76, 0x70, 0x6a, 0x64, 0x5e, 0x59, 0x53, 0x4d, 0x48, 0x42, 0x3d, 0x38, 0x33, 0x2e, 0x2a,
  0x25, 0x21, 0x1d, 0x19, 0x15, 0x11, 0x0e, 0x0b, 0x08, 0x05, 0x02, 0x00, 0x00, 0x00, 0x00, 0x00,
  0x00, 0x00, 0x00, 0x00, 0x00, 0x00, 0x00, 0x00, 0x00, 0x00, 0x00, 0x00, 0x00, 0x00, 0x00, 0x00,
  0x00, 0x00, 0x00, 0x00, 0x00, 0x02, 0x04, 0x05, 0x07, 0x09, 0x0a, 0x0c, 0x0e, 0x0f, 0x11, 0x13,
  0x14, 0x16, 0x17, 0x19, 0x1a, 0x1b, 0x1d, 0x1e, 0x1f, 0x20, 0x21, 0x22, 0x22, 0x23, 0x24, 0x24,
  0x25, 0x25, 0x25, 0x25, 0x26, 0x26, 0x26, 0x25, 0x25, 0x25, 0x25, 0x24, 0x24, 0x24, 0x23, 0x23,
  0x22, 0x22, 0x21, 0x20, 0x20, 0x1f, 0x1f, 0x1e, 0x1e, 0x1d, 0x1c, 0x1c, 0x1c, 0x1b, 0x1b, 0x1a,
  0x1a, 0x1a, 0x1a, 0x1a, 0x19, 0x19, 0x19, 0x1a, 0x1a, 0x1a, 0x1a, 0x1a, 0x1b, 0x1b, 0x1c, 0x1c,
  0x1d, 0x1d, 0x1e, 0x1f, 0x20, 0x21, 0x21, 0x22, 0x23, 0x24, 0x25, 0x26, 0x27, 0x28, 0x29, 0x2a,
  0x2b, 0x2c, 0x2d, 0x2e, 0x2f, 0x30, 0x31, 0x32, 0x33, 0x33, 0x34, 0x35, 0x36, 0x36, 0x37, 0x38,
  0x38, 0x39, 0x39, 0x39, 0x3a, 0x3a, 0x3a, 0x3a, 0x3b, 0x3b, 0x3b, 0x3b, 0x3b, 0x3b, 0x3a, 0x3a,
  0x3a, 0x3a, 0x3a, 0x39, 0x39, 0x39, 0x38, 0x38, 0x37, 0x37, 0x37, 0x36, 0x36, 0x35, 0x35, 0x35,
  0x34, 0x34, 0x34, 0x33, 0x33, 0x33, 0x32, 0x32, 0x32, 0x32, 0x32, 0x32, 0x32, 0x32, 0x32, 0x32,
  0x33, 0x33, 0x33, 0x34, 0x34, 0x35, 0x35, 0x36, 0x37, 0x38, 0x39, 0x39, 0x3a, 0x3c, 0x3d, 0x3e,
  0x3f, 0x40, 0x42, 0x43, 0x45, 0x46, 0x48, 0x49, 0x4b, 0x4d, 0x4f, 0x51, 0x52, 0x54, 0x56, 0x58,
  0x5a, 0x5d, 0x5f, 0x61, 0x63, 0x65, 0x68, 0x6a, 0x6c, 0x6e, 0x71, 0x73, 0x75, 0x78, 0x7a, 0x7d,
  0x7f, 0x82, 0x86, 0x8a, 0x8d, 0x91, 0x94, 0x98, 0x9b, 0x9e, 0xa2, 0xa5, 0xa8, 0xac, 0xaf, 0xb2,
  0xb5, 0xb8, 0xbb, 0xbd, 0xc0, 0xc3, 0xc5, 0xc8, 0xca, 0xcc, 0xce, 0xd1, 0xd2, 0xd4, 0xd6, 0xd8,
  0xd9, 0xdb, 0xdc, 0xdd, 0xde, 0xdf, 0xe0, 0xe1, 0xe2, 0xe2, 0xe3, 0xe3, 0xe4, 0xe4, 0xe4, 0xe4,
  0xe4, 0xe4, 0xe4, 0xe3, 0xe3, 0xe3, 0xe2, 0xe2, 0xe1, 0xe1, 0xe0, 0xe0, 0xdf, 0xde, 0xdd, 0xdd,
  0xdc, 0xdb, 0xdb, 0xda, 0xd9, 0xd8, 0xd8, 0xd7, 0xd6, 0xd6, 0xd5, 0xd5, 0xd4, 0xd4, 0xd3, 0xd3,
  0xd2, 0xd2, 0xd2, 0xd2, 0xd2, 0xd2, 0xd2, 0xd2, 0xd2, 0xd2, 0xd2, 0xd3, 0xd3, 0xd4, 0xd4, 0xd5,
  0xd5, 0xd6, 0xd7, 0xd7, 0xd8, 0xd9, 0xda, 0xdb, 0xdc, 0xdd, 0xde, 0xdf, 0xe0, 0xe1, 0xe2, 0xe3,
  0xe4, 0xe5, 0xe6, 0xe7, 0xe8, 0xe9, 0xe9, 0xea, 0xeb, 0xec, 0xed, 0xed, 0xee, 0xee, 0xef, 0xef,
  0xf0, 0xf0, 0xf1, 0xf1, 0xf1, 0xf1, 0xf1, 0xf1, 0xf1, 0xf1, 0xf1, 0xf0, 0xf0, 0xf0, 0xef, 0xef,
  0xee, 0xee, 0xed, 0xec, 0xec, 0xeb, 0xea, 0xea, 0xe9, 0xe8, 0xe7, 0xe7, 0xe6, 0xe5, 0xe5, 0xe4,
  0xe3, 0xe3, 0xe2, 0xe2, 0xe1, 0xe1, 0xe1, 0xe0, 0xe0, 0xe0, 0xe0, 0xe0, 0xe0, 0xe0, 0xe0, 0xe1,
  0xe1, 0xe2, 0xe2, 0xe3, 0xe4, 0xe5, 0xe6, 0xe7, 0xe8, 0xe9, 0xea, 0xeb, 0xed, 0xee, 0xf0, 0xf1,
  0xf3, 0xf4, 0xf6, 0xf7, 0xf9, 0xfb, 0xfc, 0xfe, 0xff, 0xff, 0xff, 0xff, 0xff, 0xff, 0xff, 0xff,
  0xff, 0xff, 0xff, 0xff, 0xff, 0xff, 0xff, 0xff, 0xff, 0xff, 0xff, 0xff, 0xff, 0xff, 0xff, 0xff,
  0xff, 0xff, 0xff, 0xff, 0xff, 0xfd, 0xfa, 0xf8, 0xf4, 0xf1, 0xee, 0xea, 0xe6, 0xe2, 0xde, 0xd9,
  0xd5, 0xd0, 0xcb, 0xc6, 0xc1, 0xbc, 0xb6, 0xb1, 0xab, 0xa5, 0x9f, 0x9a, 0x94, 0x8e, 0x88, 0x82,
  0x7c, 0x76, 0x70, 0x6a, 0x64, 0x5e, 0x59, 0x53, 0x4d, 0x48, 0x42, 0x3d, 0x38, 0x33, 0x2e, 0x29,
  0x25, 0x20, 0x1c, 0x18, 0x14, 0x10, 0x0d, 0x0a, 0x07, 0x04, 0x01, 0x00, 0x00, 0x00, 0x00, 0x00,
  0x00, 0x00, 0x00, 0x00, 0x00, 0x00, 0x00, 0x00, 0x00, 0x00, 0x00, 0x00, 0x00, 0x00, 0x00, 0x00,
  0x00, 0x00, 0x00, 0x00, 0x00, 0x00, 0x00, 0x00, 0x00, 0x02, 0x03, 0x05, 0x07, 0x08, 0x0a, 0x0b,
  0x0d, 0x0e, 0x10, 0x11, 0x12, 0x14, 0x15, 0x16, 0x17, 0x18, 0x19, 0x1a, 0x1b, 0x1b, 0x1c, 0x1c,
  0x1d, 0x1d, 0x1d, 0x1e, 0x1e, 0x1e, 0x1e, 0x1e, 0x1d, 0x1d, 0x1d, 0x1d, 0x1c, 0x1c, 0x1b, 0x1b,
  0x1a, 0x19, 0x19, 0x18, 0x17, 0x17, 0x16, 0x15, 0x15, 0x14, 0x13, 0x12, 0x12, 0x11, 0x11, 0x10,
  0x10, 0x0f, 0x0f, 0x0e, 0x0e, 0x0e, 0x0e, 0x0d, 0x0d, 0x0d, 0x0d, 0x0d, 0x0e, 0x0e, 0x0e, 0x0e,
  0x0f, 0x0f, 0x10, 0x10, 0x11, 0x12, 0x12, 0x13, 0x14, 0x15, 0x15, 0x16, 0x17, 0x18, 0x19, 0x1a,
  0x1b, 0x1c, 0x1d, 0x1e, 0x1f, 0x20, 0x21, 0x22, 0x23, 0x24, 0x24, 0x25, 0x26, 0x27, 0x28, 0x28,
  0x29, 0x29, 0x2a, 0x2a, 0x2b, 0x2b, 0x2b, 0x2c, 0x2c, 0x2c, 0x2c, 0x2c, 0x2c, 0x2c, 0x2c, 0x2b,
  0x2b, 0x2b, 0x2b, 0x2a, 0x2a, 0x29, 0x29, 0x28, 0x27, 0x27, 0x26, 0x25, 0x25, 0x24, 0x23, 0x23,
  0x22, 0x21, 0x21, 0x20, 0x1f, 0x1f, 0x1e, 0x1d, 0x1d, 0x1c, 0x1c, 0x1c, 0x1b, 0x1b, 0x1b, 0x1b,
  0x1b, 0x1b, 0x1b, 0x1b, 0x1b, 0x1b, 0x1c, 0x1c, 0x1d, 0x1e, 0x1e, 0x1f, 0x20, 0x21, 0x23, 0x24,
  0x25, 0x27, 0x28, 0x2a, 0x2c, 0x2e, 0x30, 0x32, 0x34, 0x37, 0x39, 0x3c, 0x3e, 0x41, 0x43, 0x46,
  0x49, 0x4c, 0x4f, 0x52, 0x56, 0x59, 0x5c, 0x5f, 0x63, 0x66, 0x6a, 0x6d, 0x71, 0x74, 0x78, 0x7b,
  0x7f, 0x84, 0x88, 0x8d, 0x92, 0x97, 0x9b, 0xa0, 0xa4, 0xa9, 0xad, 0xb2, 0xb6, 0xba, 0xbe, 0xc2,
  0xc6, 0xca, 0xce, 0xd1, 0xd5, 0xd8, 0xdb, 0xde, 0xe1, 0xe4, 0xe6, 0xe9, 0xeb, 0xed, 0xef, 0xf1,
  0xf3, 0xf5, 0xf6, 0xf7, 0xf9, 0xfa, 0xfa, 0xfb, 0xfc, 0xfc, 0xfd, 0xfd, 0xfd, 0xfd, 0xfd, 0xfd,
  0xfc, 0xfc, 0xfb, 0xfb, 0xfa, 0xf9, 0xf8, 0xf8, 0xf7, 0xf6, 0xf5, 0xf4, 0xf3, 0xf2, 0xf1, 0xef,
  0xee, 0xed, 0xec, 0xeb, 0xea, 0xe9, 0xe8, 0xe7, 0xe6, 0xe6, 0xe5, 0xe4, 0xe3, 0xe3, 0xe2, 0xe2,
  0xe1, 0xe1, 0xe1, 0xe0, 0xe0, 0xe0, 0xe0, 0xe0, 0xe1, 0xe1, 0xe1, 0xe1, 0xe2, 0xe2, 0xe3, 0xe4,
  0xe4, 0xe5, 0xe6, 0xe7, 0xe8, 0xe8, 0xe9, 0xea, 0xeb, 0xec, 0xed, 0xee, 0xef, 0xf0, 0xf1, 0xf2,
  0xf3, 0xf4, 0xf5, 0xf6, 0xf7, 0xf8, 0xf9, 0xfa, 0xfa, 0xfb, 0xfb, 0xfc, 0xfc, 0xfd, 0xfd, 0xfe,
  0xfe, 0xfe, 0xfe, 0xfe, 0xfe, 0xfe, 0xfe, 0xfd, 0xfd, 0xfd, 0xfc, 0xfc, 0xfb, 0xfb, 0xfa, 0xf9,
  0xf9, 0xf8, 0xf7, 0xf6, 0xf5, 0xf5, 0xf4, 0xf3, 0xf2, 0xf1, 0xf0, 0xef, 0xee, 0xee, 0xed, 0xec,
  0xeb, 0xeb, 0xea, 0xea, 0xe9, 0xe9, 0xe8, 0xe8, 0xe8, 0xe8, 0xe8, 0xe8, 0xe8, 0xe8, 0xe8, 0xe8,
  0xe9, 0xe9, 0xea, 0xeb, 0xec, 0xec, 0xed, 0xee, 0xef, 0xf1, 0xf2, 0xf3, 0xf4, 0xf6, 0xf7, 0xf9,
  0xfa, 0xfc, 0xfd, 0xff, 0xff, 0xff, 0xff, 0xff, 0xff, 0xff, 0xff, 0xff, 0xff, 0xff, 0xff, 0xff,
  0xff, 0xff, 0xff, 0xff, 0xff, 0xff, 0xff, 0xff, 0xff, 0xff, 0xff, 0xff, 0xff, 0xff, 0xff, 0xff,
  0xff, 0xff, 0xff, 0xff, 0xff, 0xff, 0xfc, 0xf9, 0xf6, 0xf2, 0xee, 0xeb, 0xe7, 0xe2, 0xde, 0xda,
  0xd5, 0xd0, 0xcb, 0xc6, 0xc1, 0xbc, 0xb6, 0xb1, 0xab, 0xa5, 0x9f, 0x9a, 0x94, 0x8e, 0x88, 0x82,
  0x7c, 0x76, 0x70, 0x6a, 0x64, 0x5e, 0x59, 0x53, 0x4d, 0x48, 0x42, 0x3d, 0x38, 0x33, 0x2e, 0x29,
  0x24, 0x20, 0x1c, 0x17, 0x13, 0x10, 0x0c, 0x09, 0x05, 0x02, 0x00, 0x00, 0x00, 0x00, 0x00, 0x00,
  0x00, 0x00, 0x00, 0x00, 0x00, 0x00, 0x00, 0x00, 0x00, 0x00, 0x00, 0x00, 0x00, 0x00, 0x00, 0x00,
  0x00, 0x00, 0x00, 0x00, 0x00, 0x00, 0x00, 0x00, 0x00, 0x00, 0x00, 0x00, 0x00, 0x01, 0x02, 0x04,
  0x05, 0x07, 0x08, 0x09, 0x0b, 0x0c, 0x0d, 0x0e, 0x0f, 0x10, 0x11, 0x12, 0x13, 0x14, 0x14, 0x15,
  0x15, 0x15, 0x16, 0x16, 0x16, 0x16, 0x16, 0x16, 0x16, 0x15, 0x15, 0x15, 0x14, 0x14, 0x13, 0x13,
  0x12, 0x11, 0x10, 0x10, 0x0f, 0x0e, 0x0d, 0x0c, 0x0c, 0x0b, 0x0a, 0x09, 0x08, 0x07, 0x07, 0x06,
  0x05, 0x05, 0x04, 0x03, 0x03, 0x02, 0x02, 0x01, 0x01, 0x01, 0x01, 0x01, 0x00, 0x00, 0x01, 0x01,
  0x01, 0x01, 0x01, 0x02, 0x02, 0x03, 0x03, 0x04, 0x05, 0x05, 0x06, 0x07, 0x08, 0x09, 0x09, 0x0a,
  0x0b, 0x0c, 0x0d, 0x0e, 0x0f, 0x10, 0x11, 0x12, 0x13, 0x14, 0x15, 0x16, 0x17, 0x17, 0x18, 0x19,
  0x1a, 0x1a, 0x1b, 0x1b, 0x1c, 0x1c, 0x1d, 0x1d, 0x1d, 0x1d, 0x1d, 0x1d, 0x1d, 0x1d, 0x1d, 0x1d,
  0x1c, 0x1c, 0x1b, 0x1b, 0x1a, 0x1a, 0x19, 0x18, 0x17, 0x16, 0x16, 0x15, 0x14, 0x13, 0x12, 0x11,
  0x10, 0x0e, 0x0d, 0x0c, 0x0b, 0x0a, 0x09, 0x08, 0x08, 0x07, 0x06, 0x05, 0x04, 0x04, 0x03, 0x03,
  0x02, 0x02, 0x02, 0x02, 0x02, 0x02, 0x02, 0x02, 0x03, 0x03, 0x04, 0x05, 0x06, 0x07, 0x08, 0x0a,
  0x0b, 0x0d, 0x0f, 0x11, 0x13, 0x15, 0x18, 0x1a, 0x1d, 0x20, 0x23, 0x26, 0x2a, 0x2d, 0x30, 0x34,
  0x38, 0x3c, 0x40, 0x44, 0x48, 0x4c, 0x51, 0x55, 0x59, 0x5e, 0x63, 0x67, 0x6c, 0x71, 0x75, 0x7a,
  0x7f, 0x85, 0x8b, 0x91, 0x97, 0x9d, 0xa3, 0xa9, 0xae, 0xb4, 0xb9, 0xbf, 0xc4, 0xc9, 0xce, 0xd3,
  0xd8, 0xdd, 0xe1, 0xe6, 0xea, 0xee, 0xf2, 0xf5, 0xf9, 0xfc, 0xff, 0xff, 0xff, 0xff, 0xff, 0xff,
  0xff, 0xff, 0xff, 0xff, 0xff, 0xff, 0xff, 0xff, 0xff, 0xff, 0xff, 0xff, 0xff, 0xff, 0xff, 0xff,
  0xff, 0xff, 0xff, 0xff, 0xff, 0xff, 0xff, 0xff, 0xff, 0xff, 0xff, 0xff, 0xff, 0xff, 0xff, 0xff,
  0xff, 0xff, 0xff, 0xfd, 0xfc, 0xfb, 0xf9, 0xf8, 0xf7, 0xf6, 0xf5, 0xf4, 0xf3, 0xf3, 0xf2, 0xf1,
  0xf1, 0xf1, 0xf0, 0xf0, 0xf0, 0xf0, 0xf0, 0xf0, 0xf0, 0xf0, 0xf1, 0xf1, 0xf2, 0xf2, 0xf3, 0xf4,
  0xf4, 0xf5, 0xf6, 0xf7, 0xf8, 0xf9, 0xfa, 0xfb, 0xfc, 0xfd, 0xfe, 0xff, 0xff, 0xff, 0xff, 0xff,
  0xff, 0xff, 0xff, 0xff, 0xff, 0xff, 0xff, 0xff, 0xff, 0xff, 0xff, 0xff, 0xff, 0xff, 0xff, 0xff,
  0xff, 0xff, 0xff, 0xff, 0xff, 0xff, 0xff, 0xff, 0xff, 0xff, 0xff, 0xff, 0xff, 0xff, 0xff, 0xff,
  0xff, 0xff, 0xff, 0xff, 0xff, 0xfe, 0xfd, 0xfc, 0xfb, 0xfa, 0xf9, 0xf8, 0xf7, 0xf6, 0xf6, 0xf5,
  0xf4, 0xf3, 0xf3, 0xf2, 0xf1, 0xf1, 0xf1, 0xf0, 0xf0, 0xf0, 0xf0, 0xf0, 0xf0, 0xf0, 0xf0, 0xf1,
  0xf1, 0xf2, 0xf2, 0xf3, 0xf4, 0xf5, 0xf6, 0xf7, 0xf8, 0xf9, 0xfa, 0xfb, 0xfd, 0xfe, 0xff, 0xff,
  0xff, 0xff, 0xff, 0xff, 0xff, 0xff, 0xff, 0xff, 0xff, 0xff, 0xff, 0xff, 0xff, 0xff, 0xff, 0xff,
  0xff, 0xff, 0xff, 0xff, 0xff, 0xff, 0xff, 0xff, 0xff, 0xff, 0xff, 0xff, 0xff, 0xff, 0xff, 0xff,
  0xff, 0xff, 0xff, 0xff, 0xff, 0xff, 0xfe, 0xfb, 0xf7, 0xf4, 0xf0, 0xec, 0xe8, 0xe4, 0xdf, 0xdb,
  0xd6, 0xd1, 0xcc, 0xc7, 0xc1, 0xbc, 0xb7, 0xb1, 0xab, 0xa6, 0xa0, 0x9a, 0x94, 0x8e, 0x88, 0x82,
  0x7c, 0x76, 0x70, 0x6a, 0x65, 0x5f, 0x59, 0x53, 0x4e, 0x48, 0x43, 0x3d, 0x38, 0x33, 0x2e, 0x29,
  0x24, 0x20, 0x1b, 0x17, 0x13, 0x0f, 0x0c, 0x08, 0x05, 0x01, 0x00, 0x00, 0x00, 0x00, 0x00, 0x00,
  0x00, 0x00, 0x00, 0x00, 0x00, 0x00, 0x00, 0x00, 0x00, 0x00, 0x00, 0x00, 0x00, 0x00, 0x00, 0x00,
  0x00, 0x00, 0x00, 0x00, 0x00, 0x00, 0x00, 0x00, 0x00, 0x00, 0x00, 0x00, 0x00, 0x00, 0x00, 0x00,
  0x00, 0x00, 0x01, 0x02, 0x03, 0x05, 0x06, 0x07, 0x08, 0x09, 0x0a, 0x0b, 0x0b, 0x0c, 0x0d, 0x0d,
  0x0e, 0x0e, 0x0e, 0x0f, 0x0f, 0x0f, 0x0f, 0x0f, 0x0e, 0x0e, 0x0e, 0x0d, 0x0d, 0x0c, 0x0c, 0x0b,
  0x0a, 0x09, 0x09, 0x08, 0x07, 0x06, 0x05, 0x04, 0x03, 0x02, 0x01, 0x00, 0x00, 0x00, 0x00, 0x00,
  0x00, 0x00, 0x00, 0x00, 0x00, 0x00, 0x00, 0x00, 0x00, 0x00, 0x00, 0x00, 0x00, 0x00, 0x00, 0x00,
  0x00, 0x00, 0x00, 0x00, 0x00, 0x00, 0x00, 0x00, 0x00, 0x00, 0x00, 0x00, 0x00, 0x00, 0x00, 0x00,
  0x00, 0x00, 0x00, 0x00, 0x00, 0x00, 0x01, 0x02, 0x03, 0x04, 0x05, 0x06, 0x07, 0x08, 0x09, 0x0a,
  0x0b, 0x0b, 0x0c, 0x0d, 0x0d, 0x0e, 0x0e, 0x0e, 0x0f, 0x0f, 0x0f, 0x0f, 0x0f, 0x0f, 0x0e, 0x0e,
  0x0e, 0x0d, 0x0c, 0x0c, 0x0b, 0x0a, 0x09, 0x08, 0x07, 0x06, 0x05, 0x04, 0x03, 0x01, 0x00, 0x00,
  0x00, 0x00, 0x00, 0x00, 0x00, 0x00, 0x00, 0x00, 0x00, 0x00, 0x00, 0x00, 0x00, 0x00, 0x00, 0x00,
  0x00, 0x00, 0x00, 0x00, 0x00, 0x00, 0x00, 0x00, 0x00, 0x00, 0x00, 0x00, 0x00, 0x00, 0x00, 0x00,
  0x00, 0x00, 0x00, 0x00, 0x00, 0x00, 0x00, 0x03, 0x06, 0x0a, 0x0d, 0x11, 0x15, 0x19, 0x1e, 0x22,
  0x27, 0x2b, 0x30, 0x35, 0x3b, 0x40, 0x45, 0x4b, 0x50, 0x56, 0x5c, 0x62, 0x67, 0x6d, 0x73, 0x79
};

}  // namespace

const BuiltinSynthWavetableDefinition builtinSynthWavetables[] = {
  { "Basic Shapes", SYNTH_WAVETABLE_BUILTIN_FOLDER, builtinWavetableBasicShapesSamples, SYNTH_WAVETABLE_MIP_SAMPLE_BYTES, { WAVEFORM_SINE, WAVEFORM_TRIANGLE, WAVEFORM_SAW, WAVEFORM_SQUARE }, 4 },
};

extern const size_t SYNTH_BUILTIN_WAVETABLE_COUNT =
  sizeof(builtinSynthWavetables) / sizeof(builtinSynthWavetables[0]);
